source_id,teff,teff_err,logg,logg_err,feh,feh_err,alphafe,snr_med,program,ra,dec,b,parallax,phot_g_mean_mag,bp_rp,A_front_E,A_tot_E,A_tot_DESI_gr,A_tot_DESI_rz,A_tot_SFD,f_front_E,f_front_exp,missing_DESI_gr_E,missing_DESI_gr_exp,missing_DESI_rz_E,missing_DESI_rz_exp,missing_SFD_E,missing_SFD_exp
1564211184941127808,3500.28039,3.27411,4.36166,0.01157,-0.58356,0.00874,0.15102,88.689,backup,196.20598,54.29097,62.72632,11.38989,14.07943,2.19759,0.02141,0.07286,,,0.05318,0.29388,0.46436,,,,,-0.00578,0.00328
1604422214954487296,3500.45137,2.14734,4.28376,0.00798,-0.30295,0.00506,-0.0356,127.55,backup,216.68366,50.10718,60.69311,15.2497,13.08757,2.1654,0.01803,0.07332,,,0.04044,0.24592,0.36711,,,,,-0.00808,-0.00318
3571941716730502144,3500.66177,2.82413,4.29118,0.00993,-0.3633,0.00775,0.13309,100.51,backup,178.41417,-15.38373,45.23558,14.07569,13.33595,2.31049,0.01064,0.10338,,,,0.10293,0.33205,,,,,,
1277415293506499840,3500.69657,2.99533,4.45784,0.01242,-0.11105,0.00751,0.00988,96.568,backup,231.92956,32.06371,55.8559,12.16881,13.85614,2.38279,0.01469,0.0786,0.1066,0.06718,0.07597,0.18689,0.41964,0.00523,0.03004,-0.00214,0.0135,-0.00049,0.01719
1272211476771514240,3500.92097,3.17478,4.32236,0.01268,-0.24758,0.00724,0.00357,103.91,backup,230.36309,29.34281,57.02475,9.53606,14.23485,2.30782,0.03104,0.09063,0.0944,0.09443,0.06481,0.34247,0.50529,0.00129,0.01666,0.0013,0.01668,-0.00884,0.00171
3892238937188958080,3501.26302,3.09834,4.48429,0.01238,-0.05332,0.00747,-0.01016,95.005,backup,178.73784,1.34569,60.87538,13.57388,13.5865,2.39396,0.0148,0.0859,0.03587,0.04499,0.0492,0.17232,0.40241,-0.00862,-0.00037,-0.00705,0.0033,-0.00633,0.00499
3634067628391835136,3501.38733,3.95854,4.19752,0.015,-0.48416,0.0092,0.09494,92.626,backup,205.68961,-3.59869,56.87028,9.48455,14.15871,2.21385,0.01748,0.09551,0.06915,0.07561,0.11587,0.18304,0.50656,-0.00482,0.01755,-0.00364,0.02082,0.00373,0.04121
1060313836383258240,3502.41844,2.57818,4.64539,0.00985,0.04237,0.00621,-0.00763,98.891,backup,167.13106,68.54261,45.86239,11.19839,14.14384,2.4251,0.01633,0.0735,0.12118,0.04751,0.04388,0.22214,0.40112,0.01059,0.03228,-0.00577,0.00273,-0.00658,0.00127
1509334731397470336,3502.64125,3.17265,4.33972,0.01201,-0.51797,0.00883,0.10595,107.03,backup,211.18146,47.63311,64.99061,10.14663,14.16126,2.22293,0.02238,0.0719,0.06587,-0.00328,0.04705,0.31126,0.51057,-0.00188,0.01125,-0.0234,-0.02406,-0.00774,0.00164
1675430325142582400,3508.41574,2.9443,4.57681,0.01167,-0.0628,0.00697,-0.00902,98.633,backup,196.54847,61.14901,55.88822,9.5409,14.49475,2.39464,0.02144,0.06711,0.09192,0.16063,0.04559,0.31949,0.50054,0.00793,0.02457,0.02988,0.05896,-0.00687,0.00138
1505799526636403968,3508.4232,2.82674,4.47589,0.01105,-0.16584,0.00696,-0.03112,110.1,backup,211.80433,45.78089,66.04345,8.89208,14.27244,2.24812,0.02039,0.06034,0.06071,0.04728,0.02601,0.33791,0.56052,0.00012,0.01364,-0.00441,0.00611,-0.0116,-0.00581
1303823741739487744,3509.05627,2.15914,4.35332,0.00815,-0.58404,0.0059,0.10505,117.2,backup,247.44413,25.12492,41.3424,17.05585,13.16926,2.1582,0.00546,0.12741,0.12654,0.1044,0.09897,0.04288,0.26643,-4e-05,0.02825,-0.00099,0.02235,-0.00122,0.0209
1473286418047384064,3509.79288,3.16135,4.51119,0.01273,-0.20738,0.00749,-0.0081,96.54,backup,201.71529,34.907,79.14208,11.36934,13.95396,2.26793,0.02191,0.06372,0.07676,0.03483,0.02464,0.34378,0.49895,0.00448,0.01639,-0.00993,-0.00453,-0.01344,-0.00961
1059708520872440448,3512.47553,2.96998,4.6689,0.01186,-0.10353,0.00798,0.01569,93.5,backup,160.6679,66.5441,45.89776,11.69956,14.13773,2.3668,0.01311,0.06389,0.08469,0.05697,0.02739,0.20521,0.388,0.00427,0.01975,-0.00142,0.00899,-0.00749,-0.00248
1209302094353321600,3513.61147,3.00335,4.5711,0.01125,0.01487,0.00721,-0.00246,89.136,backup,233.14858,17.63709,51.73192,11.77435,13.99698,2.4452,0.00828,0.15526,0.20525,0.18036,0.12968,0.05333,0.41342,0.00267,0.07657,0.00134,0.06628,-0.00136,0.04533
1075239534931916928,3514.81802,3.39503,4.31815,0.01161,-0.66686,0.00904,0.17321,97.126,backup,166.44506,71.09328,43.60293,4.19256,16.21747,2.12769,0.01617,0.09506,,,0.08396,0.17007,0.73178,,,,,-0.00189,0.04527
2576251371326597632,3514.99052,3.91103,4.40014,0.01756,-0.34032,0.00958,0.04245,98.452,backup,18.14595,6.08625,-56.39381,10.65023,14.05216,2.23436,0.02491,0.13744,0.06306,0.13494,0.10755,0.18128,0.46507,-0.01348,0.00441,-0.00045,0.03784,-0.00542,0.0251
1277414743750695936,3514.99433,3.20299,4.50421,0.01349,-0.10444,0.00814,0.0215,97.792,backup,231.84705,32.06704,55.9259,12.19897,13.81278,2.37464,0.01472,0.07852,0.10449,0.12871,0.06824,0.18742,0.41911,0.00487,0.02908,0.00941,0.03923,-0.00193,0.01388
3694945628717562880,3516.7046,2.92393,4.47921,0.00991,-0.67281,0.0081,0.22622,115.92,bright,184.61201,-1.46352,60.3253,4.35871,16.19751,2.1608,0.04235,0.07795,0.10188,0.0837,0.07425,0.5433,0.79703,0.013,0.03885,0.00312,0.02436,-0.00201,0.01683
831247047053793024,3518.40644,2.75312,4.72711,0.01079,-0.49241,0.00888,0.07913,109.45,other,162.82611,46.66885,59.36215,5.2837,16.21362,2.20021,0.02318,0.06696,0.04263,,0.05267,0.34622,0.72821,-0.00843,0.00786,,,-0.00495,0.01517
1675642152929600768,3519.40994,1.96087,4.4618,0.00732,-0.22425,0.00476,0.09106,148.04,backup,195.62935,61.61168,55.46657,15.30034,13.20392,2.36265,0.01932,0.06586,0.09651,0.03793,0.03969,0.2934,0.34997,0.00899,0.01445,-0.00819,-0.00605,-0.00768,-0.00543
1558812754647741312,3520.44384,3.68514,4.32659,0.01468,-0.26991,0.00832,0.02245,102.28,backup,206.63619,49.9656,64.84224,9.46495,14.11,2.24378,0.02032,0.06121,0.09986,0.07375,0.02368,0.33196,0.53469,0.01283,0.03307,0.00416,0.01911,-0.01246,-0.00766
1265231089762237568,3521.07449,3.27669,4.53016,0.01248,-0.31927,0.00859,0.0821,96.46,backup,227.15957,25.39304,59.28551,10.86232,14.11842,2.29397,0.02086,0.16124,,,0.13806,0.12939,0.4691,,,,,-0.003,0.0439
3711797839141322496,3521.70525,2.05278,4.48139,0.00802,-0.02356,0.00504,-0.00833,135.93,bright,204.34438,2.67326,63.18733,7.30223,15.96272,2.30904,0.02929,0.05966,0.14402,0.10748,0.05969,0.49095,0.62385,0.04142,0.06056,0.02347,0.03776,1e-05,0.00794
1583210677148466432,3521.92959,3.18672,4.44617,0.01107,-0.39099,0.00849,0.12822,103.23,backup,188.67064,61.90693,55.10903,9.61744,14.2584,2.27208,0.02088,0.05755,0.06541,0.05052,0.03422,0.36279,0.49454,0.00285,0.01147,-0.00255,0.0041,-0.00847,-0.00396
1320876342452568192,3521.95047,2.79582,4.76095,0.01042,0.11265,0.00639,-0.03969,90.248,backup,238.63634,29.94203,49.94889,7.24346,14.44763,2.40885,0.05775,0.11154,0.18305,0.08288,0.08881,0.51776,0.57062,0.03703,0.04671,-0.01483,-0.01045,-0.01177,-0.00707
3895740572485067136,3522.57021,3.06669,4.64322,0.0125,-0.22461,0.00831,0.05602,96.907,backup,177.05822,3.30288,61.78817,14.49357,13.61156,2.31799,0.01413,0.08955,0.12891,0.11096,0.06779,0.15782,0.38516,0.00621,0.03552,0.00338,0.0286,-0.00343,0.01198
1694250287717459712,3522.82827,2.82328,4.80252,0.01038,-0.01863,0.00707,0.00445,91.346,backup,227.89798,69.56806,42.975,4.7455,16.20265,2.38938,0.02504,0.06558,,,,0.38188,0.6831,,,,,,
1694641572123069824,3523.93327,3.6835,4.66523,0.01567,-0.19535,0.00929,0.02008,88.72,backup,223.24541,69.07447,44.43585,4.26894,16.31137,2.2909,0.0243,0.06676,,,,0.36392,0.73072,,,,,,
1459307570808093056,3524.55862,2.65812,4.40471,0.00983,-0.41613,0.00652,0.10346,111.44,backup,197.61319,25.33513,85.37467,15.75592,13.1497,2.25359,0.01124,0.0566,0.0094,0.05596,0.03941,0.19856,0.39715,-0.00937,-0.00751,-0.00013,0.01099,-0.00341,0.00441
4029978366572056832,3524.78586,3.72755,4.29903,0.01217,-0.13649,0.00842,-0.01267,101.65,backup,180.43958,35.9414,76.24725,9.35625,13.92035,2.30309,0.02089,0.07441,,,0.05151,0.28076,0.56418,,,,,-0.00643,0.00817
1216481355529849344,3525.2018,2.49789,4.64063,0.01009,0.00788,0.00605,-0.01516,103.0,backup,236.01629,21.47205,50.45142,16.94459,13.18032,2.40516,0.00593,0.14563,0.14005,0.18606,0.14696,0.04069,0.30514,-0.00023,0.03681,0.00164,0.05085,5e-05,0.03892
1683019429275900032,3525.45138,2.93115,4.54026,0.01112,-0.67577,0.00817,0.10646,99.289,backup,187.69096,69.31268,47.70661,13.35161,14.01346,2.1202,0.02067,0.06178,0.08328,0.00987,0.06817,0.33455,0.35803,0.00719,0.00915,-0.01737,-0.01713,0.00214,0.00374
2484824230697957632,3525.84051,2.90938,4.25976,0.00965,-0.77831,0.0072,0.23259,113.07,backup,23.55227,-1.57461,-62.46567,11.19317,14.02872,2.08407,0.02077,0.08297,0.05582,0.02309,0.10179,0.25036,0.46941,-0.0068,0.00543,-0.01499,-0.00994,0.00471,0.02701
1270542280685593856,3525.91459,2.71827,4.28219,0.01169,-0.48035,0.007,0.01346,128.4,backup,230.23926,26.89254,56.82257,8.62052,13.80106,2.1414,0.07064,0.13118,0.13955,0.13891,0.09646,0.53849,0.54009,0.00451,0.00473,0.00416,0.00439,-0.01869,-0.01854
1219006521420203264,3526.6723,2.99631,4.67864,0.01167,0.07338,0.00716,-0.01555,86.837,backup,240.81921,24.61063,47.03224,12.6114,13.75864,2.42975,0.00852,0.21767,0.26649,0.24034,0.20691,0.03915,0.37135,0.00191,0.09044,0.00089,0.08073,-0.00042,0.06831
1689820767687047424,3527.12735,2.05505,4.46735,0.00729,-0.97418,0.00595,0.17816,118.71,backup,188.33687,72.7286,44.33371,18.45923,13.4555,2.01402,0.02203,0.07362,0.12078,0.01364,0.05992,0.29917,0.2613,0.01411,0.00953,-0.01794,-0.01846,-0.0041,-0.00637
3898880915133164416,3527.55782,2.13968,4.4211,0.00792,-0.27538,0.00514,-0.01313,126.87,backup,181.51287,7.65197,67.74987,17.92407,12.85353,2.20188,0.01327,0.07123,0.01759,0.06197,0.04483,0.18626,0.3384,-0.00999,-0.00732,-0.00172,0.0077,-0.00492,0.0019
3646105734527720704,3528.41711,4.19647,4.29699,0.01542,-0.3681,0.00958,0.00095,90.154,backup,213.55373,-3.30851,53.59694,7.78794,14.6632,2.1952,0.0685,0.13224,0.1278,0.13693,0.14771,0.51801,0.56254,-0.0023,0.00339,0.00243,0.00853,0.00801,0.01459
3670206685811347840,3530.84713,2.84647,4.45879,0.01262,-0.31972,0.00614,0.05134,124.15,backup,216.0467,5.92398,59.40544,13.97705,12.71406,2.24547,0.01926,0.08883,0.06407,0.10654,0.08353,0.2168,0.38902,-0.00537,0.00567,0.00384,0.02219,-0.00115,0.01324
832487777203177728,3532.50438,2.57048,4.68723,0.00927,-0.52866,0.00725,0.12868,115.19,other,162.40974,48.65003,58.12269,4.94965,16.26209,2.17922,0.02075,0.06271,0.0844,,0.04497,0.33081,0.74653,0.00717,0.04226,,,-0.00587,0.01282
3786284396098478976,3532.67465,4.30158,4.14522,0.01551,-0.34997,0.00792,0.02251,112.78,backup,172.70201,-4.45307,52.89675,14.66896,13.01995,2.20515,0.0114,0.14207,0.10767,0.10119,0.15972,0.08026,0.35271,-0.00276,0.02657,-0.00328,0.02429,0.00142,0.04493
840162540164497024,3532.73244,3.14631,4.65779,0.01258,-0.14702,0.00829,0.04895,105.51,other,175.33239,53.00947,61.02611,4.24101,16.25519,2.36195,0.02035,0.05609,0.082,0.03281,0.03449,0.36283,0.808,0.0094,0.04591,-0.00845,0.00616,-0.00784,0.00752
1604986470577552128,3532.73718,3.0987,4.51285,0.01094,-0.33374,0.0078,0.11562,97.886,backup,218.27788,51.74443,58.84547,12.7488,13.63892,2.27432,0.01675,0.06361,0.07385,,0.02271,0.26336,0.41551,0.0027,0.01393,,,-0.01077,-0.00732
736913308778596608,3533.96399,3.39124,4.56051,0.01223,-0.28168,0.00935,0.0959,102.78,bright,164.81326,31.72522,65.21494,4.13581,16.11404,2.28727,0.02535,0.07783,,,0.07902,0.32566,0.82729,,,,,0.00039,0.04002
1057493344243943168,3534.32217,2.4661,4.46097,0.009,-0.35247,0.00614,0.09274,119.28,backup,173.78313,66.89156,48.54806,20.45243,12.5511,2.24943,0.01609,0.05546,0.04586,0.01947,0.02902,0.29019,0.25411,-0.00278,-0.00444,-0.01044,-0.01114,-0.00767,-0.00872
2538608216360215808,3534.78218,3.92309,4.42799,0.01348,-0.25502,0.00964,0.08668,102.04,backup,18.96925,2.69539,-59.59965,10.71389,13.83296,2.29566,0.0349,0.12881,0.12313,0.20645,0.13434,0.27093,0.47483,-0.00154,0.02357,0.02104,0.06313,0.0015,0.02889
3573317721173008640,3535.73292,2.74096,4.52956,0.00999,-0.44031,0.00708,0.09756,110.1,backup,177.90206,-12.84423,47.4725,16.30595,13.29172,2.20612,0.0093,0.11412,,,,0.08146,0.30341,,,,,,
3895722361823754624,3537.27301,2.86357,4.57111,0.01056,-0.18213,0.00715,-0.04616,99.12,backup,177.29375,3.1474,61.77397,12.95486,13.45101,2.17018,0.01505,0.09196,,0.07069,0.06307,0.16364,0.41963,,,-0.00348,0.01462,-0.00473,0.01142
1373674822098713984,3537.57154,3.0869,4.70703,0.01202,0.01445,0.00782,0.01153,93.817,backup,233.0011,33.41655,54.98526,12.50062,13.86012,2.41192,0.01633,0.08832,0.19252,0.23833,0.08469,0.18488,0.40793,0.01927,0.06221,0.02773,0.08089,-0.00067,0.01822
1521072602138635520,3537.95927,2.9496,4.29865,0.00868,-0.43662,0.00718,0.21299,111.07,backup,192.78869,39.9805,77.14762,12.78037,13.44033,2.25696,0.01829,0.05717,0.03933,0.10027,0.03779,0.31986,0.4568,-0.00571,-0.00032,0.01379,0.02752,-0.0062,-0.00103
1580040785125864064,3538.22413,3.56349,4.52271,0.01526,-0.29268,0.01002,0.03656,98.138,bright,189.93977,60.92705,56.14342,4.01998,16.26743,2.22358,0.0232,0.05738,0.09298,0.04816,0.04147,0.40439,0.80845,0.0144,0.05197,-0.00373,0.01573,-0.00643,0.01032
859916842809295872,3538.51679,2.89081,4.6017,0.01154,-0.02967,0.00661,-0.00029,110.28,backup,176.08793,61.51705,53.82032,15.52879,13.19393,2.33037,0.01862,0.11486,,,0.07116,0.1621,0.34021,,,,,-0.00708,0.00559
790205404723863552,3538.76551,2.10619,4.84286,0.00729,0.11349,0.00505,-0.00592,122.16,bright,170.71065,50.02954,61.52052,5.04038,15.94465,2.42707,0.0222,0.06691,0.03596,,0.03879,0.33176,0.7522,-0.01027,0.00485,,,-0.00933,0.00698
796931392228738944,3539.15943,3.40214,4.48719,0.01173,-0.54769,0.00961,0.14376,94.574,bright,147.96551,37.0011,51.07248,4.58175,16.04322,2.16495,0.01994,0.04959,-0.03822,,0.03797,0.40201,0.74291,-0.0353,-0.04833,,,-0.00467,0.00827
1549444056585079552,3539.41327,2.57503,4.59788,0.00995,-0.14884,0.00615,-0.01257,105.54,backup,202.84798,43.61294,71.64592,14.68435,13.33161,2.26402,0.01857,0.0644,0.11246,0.11121,0.04609,0.28828,0.40374,0.01385,0.02684,0.01349,0.02633,-0.00528,4e-05
1499676002783928704,3540.38693,3.44526,4.45317,0.01356,-0.09084,0.00829,-0.00978,94.829,backup,210.34434,44.61252,67.5971,8.22939,14.14486,2.34619,0.02146,0.06023,0.09203,,0.02419,0.35633,0.59292,0.01133,0.03311,,,-0.01284,-0.00712
1575781655037674752,3542.04828,1.88463,4.45658,0.00653,-0.60056,0.00493,0.13089,128.41,backup,182.71113,58.13443,58.18567,21.28695,12.75089,2.14452,0.0178,0.0587,0.07275,0.07142,0.03927,0.30329,0.27338,0.00426,0.00208,0.00386,0.00172,-0.00589,-0.00707
1074427133277597952,3543.09646,2.98948,4.58577,0.01113,-0.08653,0.00698,-0.00636,120.28,backup,168.32407,70.6688,44.28958,4.47315,15.93008,2.30531,0.01617,0.0765,0.07276,0.08483,0.04937,0.21134,0.71316,-0.00079,0.03572,0.00176,0.04433,-0.00573,0.01904
1507603378541146112,3543.13937,3.18814,4.37932,0.0114,-0.26989,0.0073,0.00416,116.15,backup,213.68903,46.96945,64.28245,9.64802,14.06459,2.20687,0.02311,0.07167,0.09596,0.00162,0.0329,0.32247,0.52624,0.00783,0.02739,-0.02259,-0.02226,-0.0125,-0.0058
1605107966612306176,3544.38076,2.29738,4.5384,0.00784,-0.48864,0.00604,0.14653,118.36,backup,217.6731,52.60741,58.52244,18.10493,13.0163,2.21442,0.01553,0.06038,0.06244,0.01889,0.02862,0.25726,0.31398,0.00053,0.00407,-0.01067,-0.0096,-0.00817,-0.00655
4423007078618537216,3544.46566,3.495,4.53259,0.01298,-0.42934,0.00925,0.09452,88.679,backup,236.68534,1.80526,41.00508,11.18092,14.05843,2.22346,0.01963,0.30245,0.30022,0.27632,0.30079,0.0649,0.37466,-0.00014,0.09285,-0.0017,0.0839,-0.00011,0.09306
1321330681273145600,3545.59212,2.68441,4.78246,0.01002,0.11675,0.00626,-0.02503,96.576,backup,238.81753,30.77459,49.89755,7.98757,14.33014,2.38432,0.04462,0.09697,0.11895,0.10862,0.09618,0.46019,0.53517,0.01011,0.01903,0.00536,0.01351,-0.00036,0.00685
857521973340559616,3546.06937,4.45277,4.38571,0.01495,-0.29627,0.01116,-0.02576,87.039,backup,169.91052,58.48867,54.79491,4.32672,14.7146,2.10831,0.0217,0.05247,0.07341,-0.01202,0.02907,0.41356,0.77926,0.00866,0.03551,-0.02667,-0.03107,-0.00968,0.00095
1467379841582437888,3546.34418,3.95412,4.36113,0.01089,-0.16541,0.0106,0.07961,116.34,dark,195.30407,32.83552,83.91321,5.09497,15.48475,2.34892,0.02664,0.06242,0.03763,0.03257,0.03485,0.42682,0.79014,-0.01058,0.00309,-0.01274,-0.00091,-0.01177,0.0009
2513999806100790400,3548.20624,1.88207,4.9141,0.00788,0.24666,0.00485,-0.03112,118.27,backup,35.06974,2.53897,-53.41227,16.51273,13.26314,2.45944,0.03967,0.13534,0.14671,,0.12015,0.29313,0.32227,0.00333,0.00761,,,-0.00445,-0.00095
1522092227374789248,3552.56383,3.33572,4.5831,0.0119,-0.38827,0.00875,0.1034,91.002,backup,191.44065,40.71305,76.36484,12.08737,13.83947,2.19966,0.01728,0.05781,-0.01303,-0.03877,0.03215,0.29889,0.47439,-0.02117,-0.02346,-0.02887,-0.03567,-0.00767,-0.00203
3570595261662162560,3555.44303,3.69188,4.46502,0.0139,-0.30059,0.00865,0.06198,106.46,backup,180.39343,-14.45045,46.69612,12.32124,13.53171,2.2234,0.01192,0.14365,,,,0.08295,0.37656,,,,,,
1489060424175905024,3556.12248,4.05908,4.39137,0.0113,-0.40796,0.01021,0.19928,89.654,backup,223.71239,40.99881,61.13814,11.95281,13.63624,2.27128,0.02702,0.07209,0.09388,0.04733,0.0426,0.37483,0.44354,0.00817,0.01462,-0.00928,-0.00603,-0.01106,-0.00813
1506912576000950528,3556.60363,3.41751,4.5955,0.0132,-0.1444,0.0081,0.05013,106.99,backup,215.94377,47.01958,63.09483,11.82809,13.74596,2.30057,0.02361,0.07377,0.06692,0.06065,0.03155,0.32003,0.45291,-0.00219,0.0067,-0.0042,0.00386,-0.01351,-0.00932
1271852245706924288,3558.30755,3.87598,4.50368,0.01493,-0.15659,0.00849,0.01806,100.59,backup,231.375,28.21606,56.01685,8.95327,14.20617,2.26857,0.04413,0.10447,0.061,0.04765,0.08019,0.42242,0.52332,-0.01836,-0.01221,-0.024,-0.01919,-0.01026,-0.00217
1503673002428710656,3558.39188,1.93866,4.73299,0.00762,0.03585,0.00486,-0.04224,139.83,backup,206.81053,45.67393,68.39221,15.24209,13.07136,2.3074,0.01819,0.07116,0.1196,0.04008,0.04822,0.25567,0.38613,0.01238,0.02799,-0.00795,-0.00272,-0.00586,0.00043
1571368765119541632,3558.91349,2.20179,4.46311,0.00758,-0.5688,0.00591,0.11713,117.71,backup,190.80282,55.80498,61.28482,16.97644,13.05482,2.10632,0.01778,0.05925,0.06765,0.01517,0.03079,0.30006,0.33853,0.00252,0.00512,-0.01323,-0.01264,-0.00854,-0.00736
1674714062036805632,3559.44483,3.70816,4.67367,0.01466,-0.25081,0.01001,0.05585,89.419,backup,207.53445,70.10211,46.20194,4.36817,16.08585,2.22416,0.02144,0.06233,,,0.03935,0.34396,0.73337,,,,,-0.0079,0.00742
1556646476222543232,3560.42474,3.97622,4.3693,0.01066,-0.28914,0.00975,0.15341,93.228,backup,198.94006,50.43679,66.23389,9.76309,13.99756,2.28503,0.02035,0.06244,0.04802,0.01707,0.02643,0.32585,0.5276,-0.0047,0.00499,-0.01478,-0.01134,-0.01173,-0.0064
767285981761522304,3560.50641,3.55088,4.62489,0.0125,-0.26328,0.00861,0.09963,91.355,backup,172.94052,39.81818,69.17621,12.55388,13.71142,2.28729,0.01489,0.06794,0.04944,0.01999,0.0632,0.21913,0.44878,-0.00405,0.0073,-0.01051,-0.00592,-0.00104,0.01348
3657375041517669248,3560.70376,3.09644,4.54744,0.01097,-0.38886,0.00802,0.09453,102.79,backup,208.19545,-3.12984,56.31719,11.53607,13.83268,2.18587,0.01553,0.10359,0.02563,0.07404,0.11383,0.14989,0.43845,-0.01169,-0.00429,-0.00443,0.01693,0.00153,0.03438
856431807561628800,3560.81015,2.79737,4.63695,0.01137,-0.0252,0.00621,0.02461,123.02,backup,171.41062,57.25597,56.26037,11.57162,13.79659,2.34443,0.02085,0.05344,0.04083,-0.00408,0.03726,0.39014,0.43724,-0.00492,-0.003,-0.02244,-0.02263,-0.00631,-0.00456
1058835474280558208,3561.60874,3.80257,4.37477,0.01206,-0.77606,0.01012,0.26637,88.41,backup,162.85315,65.8706,46.98747,7.60911,14.85008,2.06383,0.01444,0.07402,0.07687,0.0703,0.03777,0.19513,0.53642,0.00055,0.02679,-0.00073,0.02327,-0.00707,0.00582
1276664945540317056,3564.08379,3.61458,4.52808,0.01217,-0.31857,0.00937,0.10951,100.53,backup,228.15825,31.74789,59.04926,9.93405,14.11322,2.25444,0.02571,0.0774,0.08057,0.01831,0.03902,0.3321,0.49875,0.00105,0.01448,-0.01962,-0.01657,-0.01275,-0.00624
1575509800787044096,3566.86776,3.13599,4.47632,0.0094,-0.28529,0.00739,0.14562,106.11,backup,180.01128,57.44971,58.34433,14.17692,13.22804,2.30723,0.01908,0.06877,0.03313,0.06354,0.05337,0.27738,0.38143,-0.00989,-0.00644,-0.00145,0.00516,-0.00427,0.00128
1499264132599844992,3567.80964,3.39797,4.27174,0.01037,-0.68331,0.00828,0.22489,103.12,backup,210.36797,43.00681,68.70022,9.79896,14.09017,2.07715,0.0216,0.06179,-0.01698,-0.06815,0.02898,0.34958,0.53264,-0.02754,-0.03064,-0.04543,-0.0579,-0.01147,-0.00616
2505636336544285056,3569.09613,3.16702,4.59881,0.01077,-0.58052,0.00855,0.12024,86.942,backup,26.57815,-1.6896,-61.36222,12.18351,13.56938,2.12213,0.02188,0.08301,0.07588,0.10439,0.0887,0.26357,0.43803,-0.00188,0.01136,0.00563,0.02385,0.0015,0.01697
1676065155668726528,3570.74,3.25817,4.61627,0.01228,-0.23031,0.00823,0.06789,104.77,backup,198.68707,63.02773,53.89717,9.77261,14.17172,2.22933,0.02149,0.06435,0.13479,-0.00402,0.05026,0.33399,0.48388,0.02353,0.04373,-0.02284,-0.02344,-0.00471,0.00282
1296421107906445312,3571.74502,3.36237,4.5391,0.01124,-0.43332,0.00877,0.12042,91.395,backup,223.08798,39.29375,62.11487,10.35439,14.01807,2.16201,0.02422,0.06485,0.11834,0.06104,0.03689,0.37352,0.49485,0.01998,0.03434,-0.00142,0.00598,-0.01044,-0.00596
770200340410047616,3571.88429,3.28505,4.4178,0.01026,-0.79207,0.00867,0.28647,86.334,backup,171.28138,39.44471,68.25124,10.65331,14.12959,2.05205,0.01451,0.06342,0.05002,,0.05781,0.22876,0.50216,-0.00307,0.01061,,,-0.00128,0.01452
3938537001012337920,3571.91517,2.27725,4.57024,0.00792,-0.44605,0.00608,0.11058,137.56,other,199.73266,18.11166,78.98104,4.00865,16.23782,2.18625,0.03713,0.07854,-0.00299,-0.05603,0.06416,0.47274,0.85899,-0.03855,-0.0397,-0.06362,-0.08526,-0.0068,0.01798
1503317001179538048,3572.93038,3.24765,4.4132,0.00971,-0.45819,0.00791,0.17299,94.47,backup,205.90101,45.21236,69.13625,11.95768,13.57804,2.15396,0.02055,0.07221,0.06685,0.04271,0.05022,0.28454,0.46482,-0.00152,0.01053,-0.00839,-0.00069,-0.00626,0.0028
1275642090489407488,3574.07543,3.15427,4.69285,0.01086,-0.40109,0.00886,0.128,98.23,backup,229.15929,31.27066,58.18555,9.86534,14.28915,2.20542,0.02523,0.07709,,,0.04874,0.32731,0.49797,,,,,-0.00928,-0.00096
1504125657621692416,3575.32524,2.57269,4.54298,0.01032,-0.03481,0.00559,0.02947,142.89,backup,206.44541,47.50149,67.01703,13.52778,13.16447,2.31663,0.0189,0.07293,0.11789,0.08108,0.05047,0.25915,0.41983,0.01165,0.0306,0.00211,0.01514,-0.00582,0.00229
1527789827911487232,3575.55047,3.44992,4.61239,0.01458,-0.17463,0.00842,0.03462,104.71,backup,194.76165,42.59237,74.45849,10.1224,13.93955,2.23193,0.02061,0.06271,0.03277,,0.0407,0.32875,0.533,-0.00984,-0.00315,,,-0.00724,0.00108
1690987345228119040,3576.57857,3.29242,4.60318,0.01136,-0.31635,0.00883,0.10889,109.73,backup,183.13734,74.25067,42.60691,4.08122,16.10913,2.23312,0.0219,0.09516,0.19325,0.12506,0.09006,0.23008,0.73472,0.02257,0.12009,0.00688,0.06999,-0.00117,0.04427
1584307165119376512,3577.68933,2.59144,4.4046,0.00786,-0.52314,0.00632,0.18687,114.32,backup,183.88245,63.20354,53.44921,15.05717,13.13668,2.12188,0.02077,0.06435,0.0888,0.16937,0.06922,0.32281,0.34742,0.00789,0.01008,0.0339,0.03807,0.00157,0.00327
1584093791144274048,3581.62614,3.12892,4.46392,0.009,-0.38022,0.00772,0.17209,109.04,backup,185.35387,64.22154,52.59281,16.04566,12.91579,2.20619,0.02039,0.06557,0.08688,0.00072,0.05862,0.31101,0.32702,0.00663,0.00802,-0.02017,-0.02016,-0.00216,-0.00122
2538775067249781760,3581.85825,3.26662,4.5075,0.01104,-0.54254,0.00891,0.1227,97.925,backup,18.54657,2.67605,-59.6951,10.59722,14.01455,2.10936,0.03418,0.12371,0.0864,0.11054,0.11385,0.27628,0.47887,-0.01031,0.0072,-0.00364,0.01875,-0.00272,0.02034
4031468067388790144,3583.06901,3.44461,4.74436,0.01248,-0.4638,0.00959,0.12683,89.308,backup,179.67279,35.60907,75.92688,11.1253,14.23823,2.14372,0.01978,0.07571,0.09267,0.0641,0.04827,0.26124,0.50217,0.00443,0.02676,-0.00303,0.01241,-0.00717,0.00446
1324119729956394240,3583.12519,3.27845,4.55385,0.01117,-0.31224,0.00803,0.0968,94.869,backup,247.67234,30.83624,42.38324,9.3191,13.40462,2.21891,0.01575,0.07637,0.05123,0.07235,0.05499,0.20622,0.43936,-0.00518,0.00676,-0.00083,0.01604,-0.00441,0.00841
2501260314625488000,3583.1716,1.82367,4.76711,0.00689,0.05946,0.00446,-0.04102,138.74,backup,36.25373,0.41768,-54.43738,15.21191,13.0241,2.25483,0.0271,0.10102,0.12783,0.062,0.11348,0.26821,0.34807,0.00719,0.0174,-0.01047,-0.00551,0.00334,0.0124
3661142999146612480,3584.05062,3.81608,4.50093,0.01337,-0.10781,0.00861,0.008,107.8,backup,211.67338,1.67218,58.80221,8.44514,14.21028,2.24671,0.03319,0.09129,0.04485,0.15975,0.10447,0.36357,0.55527,-0.01688,-0.00828,0.02489,0.05551,0.00479,0.02482
3666866403845762944,3584.22341,4.35478,4.23282,0.01493,-0.23413,0.00907,0.01325,88.816,backup,214.00443,2.4117,58.05088,6.69884,14.54946,2.24356,0.05526,0.09424,0.12278,0.09819,0.11194,0.58635,0.63699,0.01673,0.02295,0.00231,0.00729,0.01038,0.01605
3667001437617539456,3585.32654,3.69921,4.53004,0.01272,-0.18894,0.01062,0.06019,99.998,backup,214.98668,3.03059,57.92944,9.63172,14.12692,2.22869,0.03118,0.09157,0.10235,0.09505,0.09117,0.34051,0.50532,0.00367,0.02054,0.00118,0.01685,-0.00014,0.01489
856512514292960640,3585.93665,2.85472,4.63778,0.01015,-0.44673,0.00792,0.10475,103.4,backup,170.88102,57.71412,55.72244,12.34644,14.36638,2.05469,0.02011,0.05333,0.04332,,0.03002,0.37718,0.41458,-0.00378,-0.00216,,,-0.00879,-0.00767
1558783583230092416,3586.38043,2.13788,4.5777,0.00721,-0.29065,0.00528,0.10593,156.11,backup,204.6392,50.79354,64.6967,16.5467,12.91244,2.23465,0.01673,0.05962,0.04204,0.00063,0.03246,0.28065,0.35409,-0.00493,-0.00185,-0.01655,-0.01651,-0.00762,-0.00524
1691272157395238144,3588.34108,3.34577,4.68835,0.01203,-0.14919,0.00826,0.07911,97.786,backup,194.80886,73.65438,43.46242,10.47548,13.93903,2.25896,0.01801,0.06189,0.1146,,0.04356,0.29101,0.40864,0.01534,0.02882,,,-0.00533,-0.00021
1153404125787788416,3589.21252,3.79374,4.58358,0.01346,-0.27343,0.01024,0.07313,99.009,backup,225.20854,1.88753,50.03853,8.83528,14.32673,2.22888,0.08063,0.15899,0.1605,0.17796,0.14382,0.50716,0.50043,0.00077,-0.00031,0.00962,0.00843,-0.00769,-0.00866
1502908463890094976,3589.23018,3.25129,4.57467,0.01212,-0.21389,0.00845,0.00422,103.94,backup,207.57649,45.29694,68.37309,9.91921,14.05286,2.16722,0.02129,0.06704,0.05415,0.09998,0.03226,0.31754,0.52751,-0.00409,0.00727,0.01046,0.03145,-0.01105,-0.00427
3891396024087255552,3589.80634,3.37542,4.62007,0.01302,-0.24347,0.00961,0.05681,102.44,bright,179.20696,0.69061,60.49058,4.09224,16.0674,2.20863,0.04726,0.08586,0.06266,0.08573,0.0517,0.55038,0.81756,-0.01277,0.00397,-7e-05,0.02283,-0.0188,-0.00499
1572445874198051328,3589.83992,3.54455,4.35516,0.01045,-0.64287,0.00859,0.23398,90.098,backup,185.85868,53.9617,62.67521,9.13937,14.21298,2.0659,0.02335,0.06677,0.10549,,0.05077,0.34969,0.54052,0.01354,0.03367,,,-0.0056,0.00409
1685494395589853056,3591.61451,2.21418,4.66862,0.00785,0.00546,0.0055,0.08328,126.47,backup,197.05469,68.27972,48.77175,14.72791,13.15841,2.38063,0.01897,0.05977,0.08678,-0.11214,0.06513,0.31734,0.33537,0.00857,0.01014,-0.05455,-0.05657,0.0017,0.00288
3665113885390289024,3594.09354,2.70635,4.58715,0.00874,-0.25114,0.00668,0.09647,120.36,backup,206.05274,2.20692,62.05698,15.8865,12.90776,2.20977,0.01367,0.05487,0.0396,0.05133,0.06327,0.24913,0.35909,-0.0038,0.00055,-0.00088,0.00476,0.00209,0.00905
3705672562940843264,3594.50901,3.32732,4.57914,0.01141,-0.2613,0.00822,0.08158,94.983,backup,192.1179,4.71852,67.57911,12.08292,13.44664,2.19896,0.02816,0.07448,0.11663,0.09043,0.0888,0.37809,0.45776,0.01594,0.02523,0.00603,0.01324,0.00541,0.01249
1676986168456335744,3594.62524,1.9249,4.66201,0.0073,-0.16867,0.0045,0.05248,157.03,backup,190.94271,64.31422,52.79357,16.2867,12.94304,2.23095,0.01847,0.05779,,,0.04961,0.31961,0.32377,,,,,-0.00262,-0.00241
1487491146204725632,3598.23692,3.18191,4.73157,0.01273,0.03959,0.00743,-0.0179,99.257,backup,218.94839,38.4026,65.45575,8.85426,14.05207,2.25836,0.02553,0.06517,0.06309,0.04845,0.02561,0.39177,0.5604,-0.00081,0.00982,-0.00655,0.00162,-0.0155,-0.01118
1551894661845524736,3598.62385,3.60392,4.47421,0.01059,-0.54909,0.00935,0.16924,91.571,backup,202.40344,47.15219,68.6183,8.85376,14.30566,2.10352,0.02112,0.07442,,,0.09994,0.28386,0.56888,,,,,0.00725,0.03573
1215987571729748352,3600.04414,3.78036,4.46621,0.01093,-0.32095,0.00945,0.15116,87.426,backup,236.40853,19.81977,49.59189,9.14577,14.06942,2.18883,0.02922,0.13661,0.15358,0.14286,0.13552,0.21387,0.48627,0.00363,0.04546,0.00134,0.04025,-0.00023,0.03668
3659822451321800448,3601.03155,3.75724,4.72586,0.01303,-0.2694,0.01004,0.10564,87.052,backup,212.06014,-0.6012,56.68354,8.88173,14.40235,2.23572,0.03224,0.11596,0.0898,0.1548,0.11454,0.27804,0.5289,-0.00727,0.01526,0.0108,0.04963,-0.00039,0.02834
3786416578012165504,3601.19148,3.25261,4.68233,0.01249,0.00973,0.00789,0.00901,90.991,backup,170.21746,-5.64005,50.58842,11.04323,13.67214,2.26217,0.01276,0.10508,0.08907,0.06925,0.10383,0.12143,0.42862,-0.00194,0.02542,-0.00435,0.01692,-0.00015,0.03174
1682073986714877440,3601.89164,3.21468,4.72756,0.01077,-0.37893,0.0089,0.12061,87.751,backup,180.84146,69.06535,47.46878,11.89546,13.864,2.15902,0.02162,0.06314,0.04916,,0.04609,0.34242,0.39079,-0.00479,-0.00241,,,-0.00584,-0.00361
1677060076252975488,3604.58007,2.42268,4.79213,0.00871,-0.1469,0.00621,0.08103,122.79,backup,194.08234,64.00433,53.11544,12.09038,13.73453,2.24808,0.01964,0.05802,0.08849,0.05064,0.04553,0.33841,0.41095,0.01031,0.01673,-0.0025,0.00117,-0.00423,-0.00093
1572762533546622208,3605.93694,3.26221,4.67386,0.01119,-0.29195,0.00821,0.08289,94.13,backup,185.04623,54.72921,61.81472,11.21441,13.7555,2.17127,0.02182,0.06413,0.03699,,0.04611,0.34026,0.46676,-0.00923,-0.00455,,,-0.00613,-0.0003
1172276383885044480,3606.22715,3.37898,4.6264,0.01109,-0.45892,0.00945,0.09963,90.739,backup,218.39114,7.02832,58.52169,10.39895,14.05778,2.11176,0.02533,0.08649,0.0626,0.07044,0.07595,0.29292,0.48113,-0.007,0.00478,-0.0047,0.00856,-0.00309,0.01121
1682804543472011392,3607.2175,3.50002,4.54464,0.01133,-0.50161,0.00964,0.12375,98.302,backup,191.79929,68.90398,48.21956,9.98567,14.00232,2.13467,0.0204,0.05899,0.12438,0.10551,0.05851,0.34578,0.44977,0.02261,0.03555,0.01608,0.02706,-0.00017,0.00592
1320465674859967616,3610.45066,3.06116,4.60902,0.01151,-0.01476,0.00845,0.04939,112.93,backup,240.08072,30.14379,48.73727,9.16772,14.13396,2.30113,0.02735,0.11813,0.14647,0.12696,0.10034,0.2315,0.48105,0.00656,0.04311,0.00205,0.03373,-0.00412,0.02092
4414585197506221056,3610.60557,2.31857,4.83768,0.00927,0.07573,0.00563,0.01169,109.29,backup,231.65476,-1.96975,42.65362,10.53448,13.9459,2.32921,0.03915,0.50251,0.46437,0.45353,0.43886,0.07791,0.40223,-0.00297,0.14763,-0.00382,0.14327,-0.00496,0.13737
1208092047447264000,3610.68031,3.3809,4.47937,0.01011,-0.91636,0.00868,0.24346,95.119,backup,229.14565,15.78654,54.52682,10.60653,14.2105,2.00664,0.0128,0.08436,0.06902,0.08751,0.08154,0.15172,0.45896,-0.00233,0.01888,0.00048,0.02736,-0.00043,0.02462
1575413627879383296,3611.01242,2.82072,4.43737,0.00809,-0.74131,0.00711,0.20795,107.75,backup,182.22722,58.03317,58.2042,13.47544,13.55163,2.01666,0.01846,0.0596,,,0.04207,0.30981,0.39624,,,,,-0.00543,-0.00179
3705490185745942784,3611.15633,2.23614,4.89652,0.00919,0.17481,0.00548,-0.0057,93.201,backup,193.63058,4.52141,67.38119,13.89043,13.20462,2.33509,0.03341,0.08158,0.07929,0.09505,0.10496,0.40961,0.41236,-0.00094,-0.00072,0.00552,0.00578,0.00958,0.00987
1223820080247353088,3611.32636,3.10205,4.64641,0.00952,-0.37558,0.00832,0.1311,104.43,backup,237.65445,28.0821,50.5213,10.63701,13.95447,2.17738,0.01462,0.10653,0.09381,0.09113,0.07854,0.13729,0.44039,-0.00175,0.02669,-0.00211,0.02551,-0.00384,0.01996
1053465871807283584,3611.44,2.76121,4.39656,0.00956,0.2236,0.00674,-0.01315,89.53,backup,158.46811,64.8813,46.43706,9.0004,14.41279,2.43795,0.01305,0.0592,0.11562,0.06463,0.03259,0.22038,0.47485,0.01243,0.04186,0.0012,0.01764,-0.00586,0.00243
1275545711423166720,3611.85928,3.49851,4.64188,0.01349,-0.16112,0.00897,0.03688,96.632,backup,229.56603,30.53885,57.80406,8.7698,14.3258,2.22856,0.03719,0.07887,0.03761,0.07132,0.05893,0.47159,0.53789,-0.01945,-0.01696,-0.00356,0.00117,-0.0094,-0.0055
1073634832070651776,3612.96922,2.70764,4.71096,0.00855,-0.30268,0.00722,0.1208,119.76,backup,160.2151,70.07627,43.16207,12.22699,13.59079,2.1984,0.01419,0.19352,0.38691,0.25786,0.14951,0.07332,0.36082,0.01418,0.12542,0.00472,0.07885,-0.00323,0.03976
1469322541190578688,3614.70301,3.07105,4.59786,0.01059,-0.21501,0.00769,0.08522,98.104,backup,200.77131,31.71935,81.72353,11.79569,13.42823,2.19665,0.02083,0.06713,0.033,0.0344,0.0465,0.3103,0.48888,-0.01059,-0.0047,-0.01016,-0.00401,-0.0064,0.0019
2500362047985423744,3615.5012,3.3786,4.65012,0.01015,-0.43712,0.00911,0.13614,100.03,backup,37.18948,-0.35801,-54.46687,10.07851,14.06778,2.12064,0.02356,0.09041,0.07876,0.08549,0.07175,0.26054,0.47584,-0.00304,0.01392,-0.00128,0.01712,-0.00486,0.01059
1373990072698378496,3617.44765,2.76106,4.73492,0.00935,-0.19125,0.00694,0.09527,112.98,backup,232.69392,34.40615,55.23667,13.79607,13.31045,2.23821,0.01557,0.07772,0.10491,0.06295,0.07216,0.20036,0.37897,0.00545,0.02419,-0.00296,0.00828,-0.00111,0.01178
863710780696229376,3618.69557,1.9648,4.66323,0.00612,-0.45385,0.00539,0.12817,151.21,backup,172.75676,62.84861,51.91841,18.07849,12.86302,2.11091,0.01657,0.06619,0.10345,,0.03113,0.25031,0.29413,0.00932,0.01386,,,-0.00878,-0.00741
1208837688129418496,3620.39772,2.30649,4.51249,0.0069,-0.40012,0.00552,0.12747,124.32,backup,231.63372,18.15821,53.26417,15.55992,12.8896,2.14992,0.00609,0.19296,0.12808,0.14477,0.14318,0.03157,0.3377,-0.00205,0.03716,-0.00152,0.04279,-0.00157,0.04226
1224635917875397888,3620.58003,2.02823,4.73646,0.00796,-0.09669,0.00485,0.05255,140.4,backup,236.60553,28.6009,51.51449,14.75921,12.9829,2.22423,0.00889,0.09593,0.11611,0.03878,0.07804,0.09266,0.34576,0.00187,0.03126,-0.0053,0.00452,-0.00166,0.0181
1680537006898040832,3620.78687,3.52089,4.5986,0.01017,-0.45002,0.00938,0.14719,104.59,backup,188.49547,66.17741,50.85615,9.67145,14.08724,2.11734,0.02058,0.06003,0.06723,-0.00405,0.05147,0.34276,0.47351,0.00247,0.01126,-0.02196,-0.02249,-0.00294,0.00379
3938656985218489600,3621.58255,3.11772,4.6656,0.00938,-0.35521,0.00806,0.12245,109.23,other,200.69164,18.56881,78.81085,4.0624,16.05022,2.1854,0.03939,0.08267,0.07948,0.13452,0.06991,0.47649,0.85512,-0.00152,0.02858,0.02471,0.07564,-0.00608,0.02039
3565488133230362496,3622.00926,3.47416,4.62236,0.01282,-0.05765,0.00821,-0.0009,95.09,backup,170.01241,-12.12114,44.92104,8.23264,14.22432,2.20185,0.01505,0.15065,,,,0.09992,0.4965,,,,,,
856683939321785728,3622.44615,3.60507,4.53409,0.01367,-0.16113,0.00842,0.04387,98.253,backup,170.31958,57.78758,55.48472,5.60625,14.45889,2.18427,0.02108,0.05249,0.02852,-0.05727,0.03145,0.40158,0.69143,-0.00962,-0.00136,-0.04408,-0.06068,-0.00845,0.00067
1677160028731947264,3622.7297,2.49856,4.80802,0.0086,-0.17531,0.00661,0.08397,118.44,backup,193.69089,64.62006,52.50441,10.42184,13.95059,2.21007,0.0201,0.05803,,,0.05556,0.34638,0.45612,,,,,-0.00086,0.00524
3896291015494576640,3623.4229,3.82228,4.685,0.01163,-0.28663,0.01065,0.1059,91.2,backup,178.77924,4.34925,63.55256,8.37685,14.38378,2.15864,0.02125,0.08715,0.06533,0.03217,0.06831,0.24383,0.57474,-0.00532,0.0163,-0.01341,-0.00276,-0.00459,0.01801
3657951116891189760,3624.06131,3.10704,4.49329,0.01636,-0.44913,0.01465,0.05385,136.36,backup,209.87226,-1.8647,56.6944,12.47388,13.51857,2.05483,0.0168,0.13984,0.07625,0.15117,0.14487,0.12011,0.41492,-0.00764,0.01484,0.00136,0.04593,0.0006,0.04331
1253536203052733440,3625.35293,3.54861,4.60084,0.01072,-0.36173,0.00912,0.11511,88.667,backup,211.42835,22.32037,72.48179,11.54801,13.58282,2.13145,0.0229,0.09046,0.08732,0.07042,0.0607,0.25315,0.48347,-0.00079,0.01932,-0.00507,0.01115,-0.00753,0.00645
1059306889890369024,3625.3557,3.91911,4.55334,0.01109,-0.56523,0.01065,0.14916,99.175,backup,165.42558,66.73747,46.96042,8.31463,14.45077,2.05526,0.01545,0.08179,0.0907,0.09122,0.04955,0.18884,0.50501,0.00168,0.03036,0.00178,0.03062,-0.00609,0.00958
1172487073505185408,3626.2419,3.46585,4.66123,0.011,-0.36179,0.00886,0.10514,87.859,backup,218.08981,7.32374,58.94175,12.28585,13.49128,2.13622,0.0191,0.08534,0.05907,0.07772,0.07662,0.22376,0.42754,-0.00588,0.00616,-0.00171,0.01413,-0.00195,0.01366
1574168362241520000,3628.26522,2.08614,4.39182,0.00571,-0.58907,0.00478,0.23545,137.58,backup,187.05967,55.43741,61.38014,17.01466,12.77741,2.06141,0.01871,0.05978,0.10432,0.06208,0.03419,0.313,0.33816,0.01394,0.01657,0.00072,0.00228,-0.00801,-0.00715
5095514535295533824,3628.6147,2.16737,4.96129,0.00829,0.19457,0.00554,0.0042,107.29,backup,59.72031,-17.94983,-46.00963,12.58035,13.46824,2.3298,0.00843,0.0788,0.03843,0.08854,0.09284,0.107,0.36714,-0.00432,0.00568,0.00104,0.02408,0.0015,0.02565
3713240711928802560,3630.20727,2.75049,4.81486,0.00974,-0.1578,0.00798,0.06806,112.66,bright,205.07375,2.68387,62.9033,4.02853,15.9971,2.20541,0.03443,0.05732,0.09463,0.04898,0.06068,0.6006,0.8293,0.02241,0.04405,-0.00501,0.00619,0.00202,0.0159
1052236823965766144,3630.29529,3.7713,4.727,0.01247,-0.16254,0.00997,0.07769,89.632,backup,156.71643,62.73524,47.27051,8.76518,14.25379,2.20848,0.01404,0.05424,,,0.02204,0.25886,0.48852,,,,,-0.00834,-0.00327
3571225758565274368,3631.76683,3.05718,4.48449,0.00842,-0.68773,0.00775,0.16019,109.06,backup,183.13172,-12.92119,48.8524,17.42806,12.84008,2.0044,0.01257,0.17321,,,,0.07258,0.29224,,,,,,
1526317100805631744,3632.73999,2.34032,4.79916,0.0086,-0.09402,0.00559,0.07136,123.9,backup,199.58966,42.91193,73.29627,14.13037,13.1583,2.23124,0.02125,0.06789,0.09496,,0.05093,0.31307,0.41857,0.00847,0.01849,,,-0.00531,6e-05
1278363450487152640,3635.66699,3.69085,4.62353,0.01042,-0.55108,0.00971,0.15787,107.43,backup,229.77759,33.42488,57.67556,9.38826,14.22841,2.07137,0.03002,0.07719,0.10984,0.02863,0.0608,0.38887,0.51329,0.0127,0.02636,-0.01889,-0.01532,-0.00637,0.00119
1506988236144737280,3635.81447,4.24244,4.45721,0.01459,-0.39582,0.01143,0.05937,105.18,backup,215.33761,47.60812,63.02549,9.41165,13.97738,2.06356,0.02451,0.07597,0.0363,0.05059,0.04356,0.32262,0.53118,-0.0128,-0.00523,-0.00819,0.00236,-0.01046,-0.00137
1282095605268567424,3637.61254,3.76169,4.72454,0.0111,-0.24478,0.00966,0.11545,88.497,backup,224.54431,30.35056,62.12215,8.88249,14.24582,2.19737,0.03396,0.07156,0.09105,0.03574,0.04945,0.47454,0.54893,0.00925,0.01602,-0.017,-0.01434,-0.01049,-0.00682
3689440958112195328,3638.26574,4.17183,4.50591,0.01105,-0.78772,0.01038,0.28615,90.391,backup,195.43134,0.19254,62.95112,11.03613,14.00119,1.99746,0.0179,0.06414,0.02685,0.04873,0.07097,0.27909,0.47565,-0.01041,-0.00513,-0.0043,0.00528,0.00191,0.01586
1222613572394977664,3638.42533,4.14352,4.64231,0.01181,-0.37603,0.0108,0.09951,90.069,backup,233.46559,26.34213,53.8866,8.66192,14.34989,2.126,0.06374,0.16398,0.19122,0.16123,0.14196,0.38867,0.5258,0.01059,0.03681,-0.00107,0.02104,-0.00856,0.01091
1492932663610550144,3639.3649,2.59754,4.66905,0.01055,-0.13665,0.00584,0.03006,137.71,backup,215.85675,44.66613,64.58346,11.71718,13.43618,2.15227,0.0214,0.06268,0.06803,0.07463,0.02484,0.34148,0.46026,0.00182,0.00991,0.00408,0.01294,-0.01292,-0.00997
1467077991281322880,3640.03398,2.97282,4.79929,0.00902,-0.30613,0.00707,0.16654,102.55,backup,195.5881,31.96078,84.61655,13.67888,13.40974,2.22126,0.01748,0.06241,0.04215,0.06897,0.03109,0.28012,0.44137,-0.00568,0.00112,0.00184,0.01296,-0.00877,-0.00376
1508526143674129280,3641.28086,1.97543,4.67458,0.00783,0.04171,0.0043,-0.0107,137.37,backup,213.65901,49.88114,62.22772,13.08928,12.97053,2.18718,0.0199,0.07533,0.0836,0.09088,0.05905,0.26423,0.41771,0.00219,0.01502,0.00411,0.01806,-0.0043,0.00476
1321812026847855488,3641.53604,3.2437,4.77818,0.01191,-0.07381,0.00859,0.06955,88.503,backup,241.75145,30.1457,47.3076,7.41113,14.58407,2.26089,0.05655,0.11579,0.11166,0.15926,0.1222,0.4884,0.5477,-0.00202,0.0046,0.02123,0.03067,0.00313,0.01038
1504147647854199936,3642.18411,4.38592,4.50395,0.01157,-0.75577,0.01082,0.24945,98.04,backup,205.80123,47.39976,67.33282,8.49312,14.49456,1.99324,0.02279,0.07923,0.09692,0.06512,0.08683,0.28768,0.58071,0.00509,0.03349,-0.00406,0.01502,0.00219,0.02763
1492799863222437760,3642.19595,3.4188,4.80452,0.01378,-0.00135,0.00872,0.03261,87.888,backup,215.3482,44.02938,65.2506,7.90374,14.37656,2.23252,0.02378,0.06102,0.03264,-0.03618,0.02219,0.38976,0.60117,-0.01106,-0.00416,-0.03788,-0.04553,-0.01513,-0.01044
3899210287585646336,3642.95802,1.89232,4.81184,0.00661,-0.09947,0.0046,0.08404,144.12,backup,178.90681,7.09248,65.98247,13.558,13.20218,2.22539,0.01155,0.07172,0.09264,0.05988,0.04103,0.16101,0.41665,0.00337,0.02705,-0.00191,0.0134,-0.00494,0.00555
746100454278844032,3643.22759,3.98749,4.57791,0.01097,-0.46947,0.01006,0.12449,93.36,backup,154.52384,32.85909,56.49246,8.73689,14.22623,2.06842,0.01567,0.05952,0.08863,0.08246,0.04323,0.26322,0.53396,0.00766,0.03166,0.00604,0.02837,-0.00429,0.00742
4416808203860088704,3645.76899,1.91152,4.74307,0.00738,0.02517,0.00447,-0.00977,133.66,backup,235.23579,0.5592,41.44367,14.08239,12.91525,2.17161,0.01215,0.25402,0.25825,0.25549,0.26964,0.04784,0.3134,0.0002,0.06878,7e-05,0.06792,0.00075,0.07235
1275554644955242368,3646.20232,2.91816,4.64632,0.01121,-0.10776,0.00653,0.0052,108.42,backup,229.76541,30.73581,57.64354,8.90756,13.99554,2.15435,0.03412,0.07684,0.09285,0.15475,0.05095,0.44402,0.53171,0.00711,0.01525,0.03459,0.04816,-0.0115,-0.00703
1505967958073668608,3647.9562,1.96019,4.53501,0.00725,-0.14165,0.00461,0.08958,154.23,backup,212.35937,45.64115,65.86185,11.76567,13.32286,2.19196,0.01849,0.05972,-0.00177,-0.00994,0.01813,0.3096,0.46232,-0.01904,-0.01931,-0.02157,-0.02308,-0.01288,-0.01011
1679669011187449600,3648.54186,3.99622,4.50098,0.00985,-0.41316,0.00954,0.17409,95.318,backup,193.48557,68.05409,49.07242,8.19829,14.32992,2.11356,0.0201,0.05781,0.0675,0.08915,0.05777,0.34776,0.52158,0.00337,0.0151,0.0109,0.0264,-2e-05,0.01003
1577718582208294144,3651.36223,3.70434,4.72064,0.01064,-0.26342,0.00917,0.11501,87.109,backup,189.95006,57.49345,59.565,12.51385,13.53863,2.1695,0.01859,0.05668,0.11773,0.02588,0.02977,0.32798,0.42374,0.02002,0.0313,-0.0101,-0.00762,-0.00883,-0.00598
4414589732991697024,3652.14431,4.37717,4.7532,0.012,-0.29068,0.012,0.10307,86.456,backup,231.58876,-1.88031,42.76195,8.57549,14.60689,2.29402,0.39495,0.52066,0.52658,0.52071,0.47031,0.75855,0.46921,0.00449,-0.14787,4e-05,-0.15063,-0.0382,-0.17428
1689974149559308672,3652.15524,2.40951,4.95455,0.00953,0.08221,0.00609,0.07115,101.92,backup,188.58187,73.75343,43.32017,10.78765,13.70252,2.29752,0.02041,0.07322,0.10561,0.09052,0.05853,0.27878,0.39877,0.00903,0.0217,0.00482,0.01568,-0.0041,0.00293
1502961962003099904,3653.8526,2.9842,4.30067,0.00823,-0.57892,0.00627,0.22903,121.46,backup,208.1024,45.56559,67.93378,10.07433,13.71119,2.01804,0.02098,0.0653,0.05304,0.06092,0.03063,0.32128,0.52094,-0.00394,0.00665,-0.00141,0.01075,-0.01114,-0.00503
1505233037629690368,3655.28949,1.55149,4.93054,0.00634,0.06173,0.00374,0.05865,148.31,backup,214.86484,45.7154,64.49789,14.8456,12.98001,2.28603,0.01889,0.06333,0.07261,0.0353,0.02601,0.29826,0.38515,0.00277,0.00908,-0.00836,-0.00529,-0.01113,-0.00887
3574544054595125632,3657.11215,2.24418,4.61541,0.00863,-0.08768,0.00468,0.01526,140.51,backup,180.1343,-12.01125,48.95813,14.51577,12.86131,2.1388,0.01049,0.14416,,,,0.07277,0.34011,,,,,,
4420858839055922944,3659.14159,3.07688,4.53633,0.01093,-0.13592,0.00788,0.17619,86.665,backup,232.3047,1.53003,44.36348,7.45507,14.35612,2.27049,0.07928,0.12978,0.16137,,0.12105,0.61092,0.52778,0.0193,0.00589,,,-0.00533,-0.0154
3685480998265271808,3659.2109,3.34245,4.74173,0.01103,-0.14281,0.00795,0.10121,88.942,backup,194.43911,-2.07002,60.76206,11.11988,13.67201,2.21383,0.01675,0.06651,0.023,0.06609,0.05726,0.25186,0.46622,-0.01096,-0.00603,-0.00011,0.01406,-0.00233,0.00994
3563345940981851648,3659.38722,3.91124,4.46675,0.01167,-0.24558,0.00868,0.11251,95.778,backup,167.40847,-14.20951,41.84371,8.55545,14.22382,2.1512,0.0132,0.1396,,,,0.09452,0.46409,,,,,,
3953177479372248576,3659.63584,2.06842,4.97597,0.00825,0.13002,0.00495,-0.01249,103.58,backup,184.92467,21.53609,80.86416,10.89309,13.51383,2.20136,0.01148,0.08068,,,0.07057,0.14224,0.51572,,,,,-0.00144,0.02492
1558489154631936640,3659.93055,3.68903,4.43217,0.01193,-0.21051,0.00842,0.13011,88.744,backup,205.22515,49.92916,65.3079,6.69936,14.61953,2.15869,0.02122,0.06089,,,0.03381,0.34859,0.66208,,,,,-0.00944,0.00116
1494160852458993152,3660.07454,2.86118,4.4911,0.01057,-0.21309,0.00594,0.01747,106.46,backup,217.11496,44.21861,64.09711,5.45087,13.99722,2.07351,0.02836,0.06604,0.10024,-0.00558,0.04041,0.4294,0.73292,0.01469,0.04511,-0.03075,-0.03244,-0.011,0.00126
1691140800116059648,3662.40897,2.10116,4.77001,0.00614,-0.2372,0.00512,0.12128,142.18,backup,195.20658,72.97561,44.13518,18.52184,12.65552,2.16494,0.01843,0.06342,0.04278,0.00053,0.04277,0.29055,0.25975,-0.006,-0.00732,-0.01827,-0.01829,-0.006,-0.00732
3649890768946615168,3662.56857,2.48362,4.45735,0.00737,-0.35379,0.00558,0.19334,119.35,backup,218.55755,-1.67508,52.0259,10.64077,13.5681,2.10472,0.02476,0.10996,0.11121,0.12635,0.1074,0.22516,0.44714,0.00028,0.02497,0.00369,0.03174,-0.00058,0.02327
1285325420673943680,3662.85018,2.25529,4.89345,0.00916,0.16557,0.00533,-0.03376,93.054,backup,216.55604,30.86726,68.9811,6.81781,13.79348,2.24401,0.03482,0.0708,0.06593,0.05193,0.04528,0.4918,0.66557,-0.0024,0.00906,-0.00928,-0.00026,-0.01255,-0.00468
1532571397820984192,3663.31371,2.5492,4.5967,0.00684,-0.35819,0.00599,0.11216,135.98,backup,184.73603,38.61909,76.65038,13.55207,13.25318,2.09045,0.01754,0.07248,0.11782,0.07831,0.0598,0.24195,0.43694,0.01097,0.03394,0.00141,0.01668,-0.00307,0.00859
792537194007246464,3663.41579,3.12937,4.58461,0.00882,-0.36695,0.00741,0.1002,105.98,backup,179.61905,53.44086,61.92069,11.3385,13.5707,2.06643,0.02057,0.06842,0.07186,0.09764,0.0716,0.30068,0.46341,0.00103,0.01273,0.00879,0.02468,0.00096,0.01261
3562181313354478336,3664.48873,2.98032,4.80935,0.01282,0.06702,0.00747,0.02055,93.859,backup,171.00304,-13.03997,44.57408,7.75486,14.38976,2.24015,0.01647,0.11103,,,,0.14832,0.5152,,,,,,
1681031924569687808,3664.97179,2.5185,4.71733,0.007,-0.32126,0.00604,0.12339,147.32,backup,184.61398,65.81876,50.96536,13.65533,13.18383,2.13455,0.02074,0.06779,0.12015,0.08789,0.05332,0.30599,0.3656,0.01602,0.02318,0.00615,0.01139,-0.00443,-0.00125
6339835280422174592,3665.6887,4.34839,4.58432,0.01157,-0.51391,0.0111,0.11114,106.6,backup,226.45047,-1.87774,46.55444,12.35461,13.52918,2.02222,0.01886,0.20569,0.19751,0.22586,0.19318,0.09169,0.37508,-0.00075,0.05522,0.00185,0.06586,-0.00115,0.0536
1223142815444686464,3665.76617,2.30204,4.74892,0.00833,-0.13527,0.00529,0.07582,121.15,backup,235.55806,26.42387,52.06071,9.33952,13.80588,2.176,0.03182,0.15919,0.21288,0.18905,0.1094,0.1999,0.49112,0.01073,0.07273,0.00597,0.06103,-0.00995,0.02191
1509832741445076096,3666.62013,3.38919,4.68638,0.01126,-0.13885,0.00856,0.07129,107.61,backup,207.94951,46.68268,67.11252,8.92857,14.06583,2.16706,0.02151,0.06687,0.06046,0.00012,0.0537,0.32169,0.56197,-0.00206,0.01246,-0.02147,-0.02145,-0.00424,0.00866
1224151239405837312,3667.70846,2.70304,4.9054,0.01086,0.06034,0.00662,0.04193,95.52,backup,234.26113,27.00611,53.30571,7.6409,14.31991,2.24135,0.08907,0.13998,0.18494,0.12002,0.12907,0.63632,0.56808,0.02861,0.01599,-0.0127,-0.02089,-0.00694,-0.01575
3802852868097554816,3669.10982,3.6839,4.6966,0.01388,-0.19058,0.00983,0.04669,90.197,backup,163.0875,-1.50863,49.48575,9.96748,13.83895,2.12491,0.01739,0.11925,0.07934,0.13701,0.12019,0.14583,0.45675,-0.00582,0.01885,0.00259,0.04519,0.00014,0.03751
735596407381691776,3669.63548,3.78121,4.6111,0.00935,-0.4208,0.00919,0.15036,96.958,backup,157.7265,30.14761,59.1379,12.14747,13.48086,2.06971,0.01319,0.06852,-0.01518,0.00777,0.05125,0.19247,0.43182,-0.01611,-0.01974,-0.01169,-0.00983,-0.00332,0.00894
1173133620701826304,3671.11944,2.46647,4.7094,0.00769,-0.20144,0.0055,0.08757,119.82,backup,219.20633,9.05931,59.24801,12.00941,13.3346,2.13751,0.01726,0.08018,0.04242,0.05478,0.09324,0.21527,0.43587,-0.00813,0.00123,-0.00547,0.00662,0.00281,0.02338
1490240749908078848,3671.71999,3.3472,4.61775,0.00845,-0.44559,0.008,0.15438,106.23,backup,222.11176,42.83194,61.57526,13.90346,13.23167,2.06888,0.02785,0.08001,0.06057,0.04964,0.03857,0.34808,0.39711,-0.00677,-0.0038,-0.01057,-0.00813,-0.01442,-0.01253
2562853061932363008,3672.81758,2.78904,4.6305,0.00964,-0.19968,0.00597,0.04526,121.29,backup,18.66855,3.28341,-59.07579,11.6809,13.3478,2.08924,0.02996,0.11355,0.11393,0.09139,0.11796,0.26382,0.4443,0.0001,0.02066,-0.00585,0.01065,0.00116,0.02245
1492963209418425344,3673.52788,3.2077,4.7916,0.01109,-0.08584,0.00765,0.07712,89.481,backup,219.26857,42.15022,63.76232,8.33243,14.22156,2.18317,0.03087,0.07302,0.10765,0.06461,0.04306,0.42284,0.57734,0.01465,0.03128,-0.00355,0.00643,-0.01267,-0.00602
1060696530853299328,3675.35143,3.08635,4.65053,0.00877,-0.33141,0.00715,0.12079,100.8,backup,169.32497,67.34283,47.31688,13.51625,13.19445,2.10537,0.01576,0.0628,0.07853,0.01831,0.04445,0.25101,0.3528,0.00395,0.01194,-0.01117,-0.0093,-0.00461,-8e-05
1485642489202054016,3675.74197,3.2024,4.57264,0.01004,-0.26521,0.00717,0.15529,86.865,backup,213.91965,39.24433,68.69895,10.93295,13.52247,2.12363,0.02135,0.06153,0.16593,0.07228,0.02178,0.34702,0.49427,0.03623,0.06066,0.00373,0.01437,-0.01379,-0.01059
3647818322671572352,3676.67404,2.37976,4.51486,0.00641,-0.50106,0.00529,0.12993,168.05,backup,214.05028,-0.65312,55.54361,14.20494,13.13064,2.02332,0.01644,0.10758,0.10903,0.11151,0.1247,0.15284,0.37147,0.00022,0.02406,0.0006,0.02498,0.00262,0.02988
1553713254077354496,3677.21801,3.27577,4.84823,0.01148,-0.07678,0.00787,0.068,88.922,backup,200.96336,50.74767,65.58891,8.86838,14.05262,2.18032,0.02,0.06163,,,0.02461,0.3245,0.5602,,,,,-0.01201,-0.00621
1571094230809991424,3677.36049,2.31536,4.90629,0.00934,0.0054,0.00507,0.03855,115.0,backup,189.1043,54.98253,62.01156,12.3951,13.29344,2.19296,0.0205,0.06157,0.11042,0.09686,0.04173,0.33285,0.43443,0.01626,0.02747,0.01174,0.02158,-0.0066,-0.00236
1580069750385171072,3678.68896,2.15206,4.34285,0.00658,-0.51884,0.00437,0.26463,137.62,backup,191.15361,60.7002,56.40806,10.64834,13.47617,2.03295,0.02013,0.05778,0.05046,-0.00045,0.04134,0.34845,0.46518,-0.00255,0.00334,-0.02029,-0.02034,-0.00573,-0.00091
1506147796944097024,3678.98366,4.00656,4.55717,0.01293,-0.28917,0.00899,0.07731,96.905,backup,213.40524,46.89464,64.47471,4.97112,14.53124,2.08935,0.02599,0.07041,0.02483,0.02196,0.02978,0.36912,0.76595,-0.01683,-0.00697,-0.01788,-0.00917,-0.015,-0.00318
1271108563529924480,3680.10747,2.6678,4.72238,0.01074,-0.02313,0.0049,0.01856,124.54,backup,232.16375,28.09428,55.31139,9.4817,13.66592,2.16347,0.03146,0.10334,0.09003,0.07235,0.07772,0.30447,0.50031,-0.00405,0.01358,-0.00944,0.00473,-0.0078,0.00742
1571144292948874368,3680.16687,1.60382,4.72126,0.00559,-0.15592,0.00363,0.13586,138.45,backup,187.96013,55.1296,61.7726,17.20091,12.52698,2.17832,0.01918,0.06118,,,0.03691,0.31351,0.3362,,,,,-0.00761,-0.00677
1054594520492833920,3683.90624,1.96276,4.83021,0.00724,0.02783,0.00446,-0.02084,126.16,backup,169.50074,63.39625,50.6777,10.91464,13.45617,2.1376,0.01612,0.05481,0.02461,-0.08341,0.0262,0.29414,0.43278,-0.00888,-0.00547,-0.04066,-0.05222,-0.00842,-0.00478
4030633194465768576,3683.95378,3.65541,4.6968,0.01127,-0.21593,0.00805,0.0918,91.834,backup,183.35492,38.03495,76.48623,7.55671,14.32028,2.12101,0.02209,0.07414,0.07391,0.09562,0.05649,0.29789,0.64276,-7e-05,0.02542,0.0064,0.03937,-0.00526,0.01422
1663361054724014720,3684.1981,4.0221,4.80494,0.01088,-0.23991,0.00959,0.11634,92.925,backup,198.70068,60.74732,56.14797,5.14318,14.70029,2.15035,0.02252,0.06682,0.15633,,0.0426,0.33696,0.72522,0.03016,0.09086,,,-0.00816,0.00838
2511963304407581696,3684.92037,2.21837,4.89513,0.00912,0.08422,0.00577,0.0301,122.98,backup,26.46965,1.70998,-58.32111,10.61226,13.60992,2.20852,0.0199,0.09187,,,0.0611,0.21664,0.47351,,,,,-0.00667,0.00903
1508474982023824512,3685.00242,2.0955,4.38876,0.00691,-0.39131,0.00442,0.18005,136.38,backup,214.79026,49.71852,61.84034,11.38117,13.26895,2.07375,0.02108,0.07515,-0.0102,-0.03981,0.05859,0.28049,0.4619,-0.02394,-0.02579,-0.03224,-0.03947,-0.00465,0.00598
5107699494953329664,3686.37123,2.01146,4.4447,0.00584,-0.48326,0.00423,0.26861,139.45,backup,57.85464,-17.63013,-47.55399,15.93346,12.6207,2.03529,0.00854,0.10947,0.08823,0.1152,0.15834,0.07797,0.30961,-0.00166,0.01878,0.00045,0.02713,0.00381,0.04049
3646784511159332608,3686.56471,3.76048,4.54759,0.01102,-0.38273,0.00861,0.0973,109.5,backup,215.20221,-1.34369,54.31679,8.34825,14.33024,2.06697,0.05607,0.11852,0.08713,0.13303,0.13335,0.47313,0.54085,-0.01485,-0.00895,0.00687,0.01588,0.00702,0.01605
4031817712086523776,3687.32245,2.78071,5.187,0.0102,0.07824,0.00712,0.0942,86.74,backup,178.53193,36.62033,74.59908,9.32008,14.24563,2.25005,0.02015,0.07695,,,0.05829,0.26182,0.56288,,,,,-0.00488,0.01267
1583237134147044352,3687.42102,3.76102,4.67231,0.01068,-0.28645,0.00836,0.10483,97.669,backup,188.04012,61.89224,55.08733,7.98997,14.37801,2.10965,0.02174,0.05816,0.06024,0.05452,0.03307,0.3738,0.56003,0.00078,0.012,-0.00136,0.00879,-0.00938,-0.00322
1550879400296793984,3687.83607,3.82071,4.64923,0.0098,-0.34545,0.00946,0.11433,98.709,backup,198.44958,45.78055,70.82591,10.57748,13.85512,2.06914,0.02085,0.06754,0.03427,-0.01652,0.02966,0.30874,0.5105,-0.01027,-0.00336,-0.02595,-0.02929,-0.0117,-0.00571
3681821617409794176,3688.62775,2.70063,4.90737,0.01007,-0.01894,0.00593,0.06172,95.114,backup,190.91135,-3.89159,58.92314,13.2529,13.05213,2.18939,0.01608,0.07449,0.05835,0.05211,0.06864,0.21592,0.4037,-0.00348,0.00747,-0.00483,0.00495,-0.00126,0.01163
3570740534635874944,3688.76961,2.25075,4.67024,0.00692,-0.23737,0.00494,0.10807,141.4,backup,180.87573,-13.91451,47.34044,15.21295,12.86424,2.12145,0.01147,0.13873,,,,0.08269,0.32072,,,,,,
1505791486457620480,3689.07128,1.47189,4.43382,0.00442,-0.50678,0.00303,0.21339,195.13,backup,211.56746,45.59273,66.29341,16.74444,12.57471,2.01886,0.01626,0.05944,0.05252,0.02964,0.02323,0.27359,0.35432,-0.00189,0.00235,-0.00815,-0.00576,-0.00991,-0.00803
1554407080275098368,3689.5662,4.33811,4.63501,0.01144,-0.39196,0.0106,0.10623,87.948,backup,197.51715,47.5171,69.28717,9.48633,14.05842,2.03879,0.01997,0.06119,,,0.02743,0.32644,0.54562,,,,,-0.01102,-0.00501
1549082660857556224,3689.58988,2.37941,4.87589,0.0091,0.01982,0.00551,0.10036,102.21,backup,180.35423,53.17238,62.35016,8.86695,13.91154,2.22424,0.02105,0.06811,0.0837,0.03064,0.04682,0.30901,0.55031,0.00482,0.02502,-0.01158,-0.00419,-0.00658,0.00472
1319368877651043072,3690.73869,2.88541,4.78885,0.01021,-0.077,0.00664,0.09304,93.72,backup,243.41838,31.44331,46.07407,9.59321,13.76096,2.19454,0.01748,0.09347,0.10971,0.14214,0.07946,0.18697,0.45153,0.00304,0.03206,0.0091,0.0467,-0.00262,0.0184
5184414482805888896,3691.2609,2.49125,4.82333,0.00889,-0.02014,0.0058,0.06181,117.73,backup,44.56405,-4.627,-52.32501,9.36602,13.90798,2.18459,0.01478,0.18672,0.16451,0.11007,0.15785,0.07917,0.49138,-0.00176,0.06606,-0.00607,0.0393,-0.00229,0.06278
767149947262009344,3692.5838,1.9988,4.9833,0.00839,0.21417,0.00507,0.00957,114.79,backup,172.10635,39.16448,68.94616,11.9781,13.18627,2.22533,0.01492,0.06648,,,0.05789,0.2244,0.46383,,,,,-0.00193,0.01194
1680290097818412672,3693.3416,4.82144,4.61655,0.01214,-0.38667,0.01142,0.12358,90.456,backup,186.92054,65.44144,51.50369,8.18911,14.38808,2.0546,0.02185,0.06405,0.07676,,0.05464,0.34115,0.53447,0.00433,0.01917,,,-0.00321,0.00735
3666966115806565376,3693.36095,2.5328,4.42777,0.00749,-0.47352,0.00536,0.27856,116.62,backup,215.6552,3.01719,57.49415,11.04006,13.39735,2.05293,0.02443,0.09185,0.10358,0.10943,0.07628,0.26598,0.45725,0.00312,0.02293,0.00468,0.02561,-0.00414,0.01045
1059653029894910336,3694.8748,2.31978,4.45748,0.0082,-0.35926,0.00481,0.01776,132.26,backup,162.06101,66.25309,46.48795,7.93756,13.85803,1.95653,0.01389,0.06624,0.1056,0.02435,0.03476,0.20974,0.51854,0.00826,0.04086,-0.00879,-0.00127,-0.0066,0.00413
19160849835473920,3695.20556,3.05483,4.75177,0.01054,-0.12618,0.00665,0.09266,88.86,backup,37.9355,6.28519,-48.70643,10.1948,13.56206,2.13754,0.02094,0.21383,0.15221,0.17314,0.14185,0.09793,0.44544,-0.00603,0.04686,-0.00398,0.05618,-0.00705,0.04224
747831119940268544,3695.27357,2.52508,4.94863,0.00984,0.08516,0.00601,0.07879,94.229,backup,157.56812,31.36677,59.04936,11.08795,13.43081,2.24362,0.01294,0.06238,0.09699,0.00162,0.05443,0.20744,0.46139,0.00718,0.03181,-0.0126,-0.01219,-0.00165,0.01218
4012916385651008768,3695.4825,2.8528,4.84796,0.01009,-0.03118,0.00652,0.09827,95.764,backup,183.8803,28.84711,81.88907,9.10323,13.89551,2.20171,0.01856,0.07188,0.02358,0.04953,0.05855,0.25824,0.58106,-0.01247,-0.00486,-0.00577,0.01021,-0.00344,0.01546
1563619888203139072,3695.76032,3.61171,4.61484,0.00953,-0.3967,0.00845,0.1386,97.197,backup,199.94365,53.96414,62.66118,10.8579,13.67565,2.05145,0.02187,0.07314,0.06142,0.06987,0.06113,0.29905,0.4803,-0.0035,0.00763,-0.00098,0.01169,-0.00359,0.00749
1264941093570629120,3696.04199,3.59527,4.689,0.00938,-0.34048,0.00848,0.10803,103.37,backup,226.3863,25.70165,60.02801,9.40688,13.99083,2.08638,0.05874,0.13728,0.11249,0.04725,0.10777,0.4279,0.52131,-0.01061,-0.0001,-0.03852,-0.03411,-0.01263,-0.00256
1293371956004784512,3702.21139,4.48432,4.5847,0.01123,-0.42724,0.00953,0.24117,92.982,bright,224.4177,36.25534,61.78756,4.12545,15.92755,2.06119,0.03111,0.06211,0.12432,,0.04282,0.50084,0.81892,0.03116,0.07071,,,-0.00966,0.00396
1220391596833659648,3702.73773,2.89255,4.69102,0.00892,-0.28903,0.0062,0.11454,96.092,backup,239.33458,26.64937,48.79171,10.3149,13.6463,2.09155,0.01671,0.16046,0.1538,0.10915,0.13457,0.10411,0.44205,-0.00069,0.05128,-0.00534,0.03155,-0.0027,0.04278
3659686799074728960,3703.17724,1.88877,5.14081,0.00726,0.35665,0.00487,-0.0158,121.8,backup,210.37906,-0.6419,57.51622,9.14742,13.79444,2.27902,0.02706,0.1108,0.07479,0.17006,0.12945,0.24419,0.5218,-0.00879,0.01197,0.01447,0.06168,0.00455,0.04049
844918821307681920,3704.00041,2.37684,4.56369,0.00773,-0.28031,0.00506,0.17958,105.63,backup,174.13791,56.35216,57.84664,10.72734,13.39151,2.09434,0.02038,0.05361,,,0.03486,0.38022,0.46814,,,,,-0.00713,-0.00406
1492217396937451136,3704.24165,3.6853,4.7329,0.00906,-0.30084,0.00853,0.15757,104.76,backup,214.59241,42.25083,66.71414,9.29174,14.13565,2.11744,0.0233,0.06199,0.04264,0.03243,0.02854,0.37586,0.54654,-0.00727,1e-05,-0.01111,-0.00557,-0.01257,-0.0077
4417825011596739328,3704.827,3.97376,4.54779,0.01161,-0.43376,0.00827,0.12276,90.724,backup,232.28291,1.019,44.06652,5.674,14.17198,2.05732,0.10772,0.14908,0.13483,0.20257,0.13629,0.72254,0.62492,-0.0103,-0.02346,0.03865,0.01887,-0.00924,-0.02254
1459853718849432832,3704.9276,2.56524,4.63069,0.00845,-0.18388,0.00551,0.15136,101.6,backup,198.08127,26.87021,85.3405,10.04002,13.57569,2.14609,0.01541,0.05656,0.02046,-0.01442,0.03366,0.27254,0.54805,-0.00984,-0.0042,-0.01934,-0.02332,-0.00624,0.00303
760363937589456512,3707.17942,3.21997,4.71803,0.01218,-0.12458,0.00667,0.04501,95.956,backup,169.23364,35.8991,68.10653,6.37461,13.93585,2.11372,0.02103,0.06664,0.05996,0.14618,0.04541,0.31555,0.68791,-0.00211,0.02022,0.0251,0.07953,-0.0067,0.01021
854375720818348416,3708.51309,2.72369,4.72903,0.00805,-0.22938,0.00607,0.11718,113.92,backup,160.31827,57.55086,51.93808,10.47828,13.70934,2.11034,0.01558,0.04892,0.08259,,0.01194,0.31838,0.45181,0.01072,0.02174,,,-0.01178,-0.01018
1208456947868819968,3708.79297,2.14238,4.675,0.00692,-0.2925,0.00453,0.13579,114.93,backup,228.21951,16.95389,55.81577,13.00079,13.13906,2.08288,0.00664,0.06703,0.098,0.09998,0.08102,0.09906,0.39893,0.00307,0.03245,0.00326,0.03325,0.00139,0.02568
1677401646412266240,3708.98656,1.64096,4.52005,0.00508,-0.40773,0.00337,0.18445,159.49,backup,191.01993,65.01132,52.09886,12.44681,13.19015,2.03237,0.01923,0.05744,0.11179,-0.02757,0.063,0.33477,0.3978,0.01819,0.02524,-0.02846,-0.0302,0.00186,0.00583
3696321049044206336,3709.14921,2.98191,4.60199,0.00969,-0.18043,0.00644,0.16666,93.008,backup,189.84502,0.95022,63.6625,8.30498,13.96863,2.12269,0.02291,0.06365,0.0317,-0.00399,0.05006,0.35995,0.57823,-0.0115,-0.00458,-0.02435,-0.02522,-0.00489,0.00604
4419634326699727104,3709.49527,2.88364,4.73059,0.00925,-0.20292,0.00617,0.11014,107.29,backup,226.66788,0.52897,48.04515,12.31144,13.33428,2.14033,0.01885,0.1637,0.16597,0.23264,0.16365,0.11513,0.38322,0.00026,0.04476,0.00794,0.0703,-1e-05,0.04387
3565721401494008320,3712.21776,3.69269,4.71651,0.0109,-0.26105,0.00838,0.10518,89.386,backup,170.13056,-10.94558,46.0017,9.55693,13.91377,2.08726,0.0136,0.14667,,,,0.09276,0.45238,,,,,,
1552702218776320000,3712.25742,3.07572,4.84247,0.01068,-0.04949,0.00652,0.08267,90.59,backup,201.06631,47.43825,68.69566,8.47034,13.99971,2.15506,0.02116,0.07048,0.08571,0.09647,0.0571,0.30022,0.58519,0.00457,0.029,0.0078,0.0353,-0.00402,0.01226
4413805025287256576,3713.83339,2.26305,4.64599,0.00843,-0.23305,0.00477,0.0365,132.48,backup,231.23334,-3.16895,42.17955,7.31511,13.69444,2.20824,0.39906,0.48061,,,,0.83032,0.52017,,,,,,
3655368913833526528,3715.32592,3.35123,4.70372,0.00841,-0.41091,0.00745,0.15057,113.53,backup,220.95613,2.23861,53.35213,12.63954,13.44161,2.05015,0.02114,0.12,0.12613,0.12359,0.10762,0.17619,0.39819,0.00108,0.02908,0.00063,0.02807,-0.00218,0.02171
747444126207152256,3715.35616,2.94777,4.65662,0.0108,-0.17986,0.00626,0.00656,89.64,backup,150.91018,34.58355,53.49215,11.44526,13.31613,2.05984,0.01545,0.05201,0.04647,0.01012,0.02443,0.29697,0.42983,-0.00165,0.00453,-0.01244,-0.0111,-0.00819,-0.00495
767179569651897984,3716.34678,3.5594,4.74906,0.01029,-0.25501,0.00786,0.1335,88.702,backup,172.77689,39.00474,69.47888,9.71373,14.01948,2.10453,0.01656,0.06925,0.18624,0.05142,0.08136,0.2391,0.5376,0.02797,0.08356,-0.00426,0.01109,0.0029,0.02718
1222562926140740352,3717.02123,4.88406,4.78533,0.01143,-0.38382,0.01175,0.14017,87.464,backup,233.0417,26.24337,54.2418,5.13213,14.79057,2.09004,0.13874,0.17576,0.20501,0.17142,0.15066,0.78935,0.71775,0.02309,0.00841,-0.00343,-0.0157,-0.01982,-0.03061
3856359325857489664,3717.04221,3.36749,4.42881,0.01004,-0.53205,0.00637,0.21847,88.443,backup,157.05119,2.06107,47.53536,9.93931,13.6196,1.96347,0.0246,0.13076,0.163,0.14168,0.12875,0.18816,0.44775,0.00607,0.04838,0.00206,0.03883,-0.00038,0.03305
1573653309763257984,3717.66552,2.79199,4.87007,0.00945,-0.03273,0.0061,0.08016,101.72,backup,182.96944,56.07022,60.19566,9.47315,13.76477,2.15981,0.02039,0.05883,0.04007,0.03549,0.0315,0.34653,0.51943,-0.0065,0.00043,-0.00809,-0.00195,-0.00947,-0.00403
3696197972461427200,3718.96023,2.70443,4.78682,0.00917,-0.18554,0.00573,0.07878,112.11,backup,190.0181,0.21905,62.95261,11.77076,13.37524,2.10795,0.01738,0.06562,-0.0043,0.02496,0.04472,0.26483,0.4541,-0.01852,-0.01933,-0.01077,-0.00605,-0.00554,0.00293
1552523616856078080,3719.28461,2.65943,4.60636,0.00878,-0.32417,0.00546,0.11406,122.08,backup,204.28118,48.83532,66.56122,8.82851,13.95718,2.03918,0.01981,0.06481,0.0482,0.00626,0.01678,0.30571,0.56455,-0.00508,0.0074,-0.0179,-0.01628,-0.01468,-0.01034
840938520495402368,3719.50358,3.70453,4.7568,0.01038,-0.25496,0.00832,0.13308,90.4,backup,178.65435,54.90514,60.35694,9.08391,14.10701,2.09621,0.01941,0.0578,,,0.0337,0.33582,0.53486,,,,,-0.00809,-0.00139
1209823469025345536,3720.09376,2.05042,4.80959,0.00731,-0.0981,0.00433,0.07559,119.53,backup,235.37909,18.70498,50.13419,13.74068,12.9293,2.13884,0.00569,0.11511,0.2529,0.07968,0.10447,0.04942,0.36038,0.00681,0.08545,-0.00175,0.02303,-0.00053,0.03196
1501786858950515584,3720.2091,2.87524,4.677,0.00866,-0.36662,0.00622,0.11602,105.41,backup,204.02619,43.79511,71.05424,9.98428,13.73064,2.0213,0.02132,0.06403,,,0.04799,0.33298,0.53133,,,,,-0.00534,0.00418
1076967486174181248,3720.30202,2.38249,4.67098,0.00782,-0.24284,0.00517,0.10103,125.6,backup,161.40856,71.51789,42.31067,9.44684,13.78843,2.05465,0.01488,0.19094,,,0.1141,0.07793,0.4345,,,,,-0.00599,0.0347
1290297893292105216,3722.23124,2.81384,4.63411,0.0087,-0.40287,0.0058,0.11531,133.24,backup,227.94829,33.22698,59.20895,10.16494,13.70327,2.01408,0.02452,0.07546,0.09587,0.04885,0.04701,0.32498,0.49139,0.00663,0.02259,-0.00865,-0.00052,-0.00924,-0.00142
1060112900633142528,3722.79441,3.83535,4.7769,0.01248,-0.10287,0.00823,0.08516,88.368,backup,163.06029,67.07464,46.12099,4.78494,14.67098,2.12695,0.01498,0.06934,0.07994,0.03862,0.03715,0.21605,0.70034,0.00229,0.041,-0.00664,0.01206,-0.00695,0.01104
1172181516647423104,3723.38069,3.20994,4.85992,0.01013,-0.13019,0.00691,0.10672,89.834,backup,218.10018,6.88319,58.63418,8.94035,14.05516,2.16149,0.03465,0.08622,0.04822,0.15497,0.07622,0.40186,0.53422,-0.01527,-0.00889,0.02763,0.04814,-0.00402,0.00607
3695618044501009280,3723.62924,2.64716,4.83517,0.0091,-0.08663,0.00544,0.08706,96.991,backup,187.696,-0.84271,61.59104,15.31389,12.73535,2.12845,0.01567,0.07183,0.04975,0.00969,0.06973,0.21819,0.36839,-0.00482,0.00266,-0.01356,-0.0121,-0.00046,0.01001
1603366683791506816,3723.85392,2.60554,4.63682,0.00895,-0.24685,0.00539,0.15172,93.307,backup,218.14985,48.93755,60.73788,10.36091,13.7206,2.03431,0.02444,0.09303,,,0.06526,0.26269,0.49013,,,,,-0.00729,0.00755
2509738648787476096,3724.11935,2.6628,4.92558,0.00869,0.16921,0.00524,-0.0136,123.63,backup,23.99507,-0.51124,-61.3143,8.30508,13.85194,2.13317,0.0196,0.07845,0.08953,0.09649,0.09645,0.24978,0.57046,0.00277,0.03148,0.0045,0.03545,0.00449,0.03542
3646202457191341056,3724.37579,3.19427,4.58631,0.00979,-0.41307,0.00622,0.13974,115.54,backup,213.88733,-2.72346,53.91224,8.47026,14.20519,2.05636,0.05665,0.14748,0.19277,0.15936,0.16038,0.38409,0.53385,0.01739,0.04626,0.00456,0.02843,0.00495,0.02897
1677269842455724544,3726.53562,2.47916,4.41891,0.00799,-0.49057,0.00462,0.23574,115.29,backup,193.59779,65.06398,52.06137,7.7422,14.07676,1.95846,0.0207,0.05795,0.07312,0.02016,0.06301,0.35716,0.55733,0.00542,0.02005,-0.0135,-0.00946,0.00181,0.01442
1531489478379378432,3726.56832,3.28832,4.75604,0.01138,-0.09107,0.00659,0.09247,86.172,backup,186.13832,37.46533,78.21317,8.70714,13.84271,2.11284,0.0203,0.06738,0.08523,,0.02855,0.30119,0.59319,0.00537,0.03026,,,-0.0117,-0.00336
1529572308058893312,3727.70129,2.72598,4.70779,0.00864,-0.28453,0.00577,0.11932,106.83,backup,197.47092,43.97453,72.74854,9.66631,13.82259,2.07844,0.02475,0.0708,0.10015,0.07152,0.05589,0.34962,0.54633,0.01026,0.02996,0.00025,0.01432,-0.00521,0.00578
3584911899489078528,3728.16171,3.28031,4.78447,0.00941,-0.20704,0.0074,0.14285,100.41,backup,174.98694,-13.88985,45.46391,10.84487,13.74106,2.11926,0.01144,0.09369,,,,0.12206,0.40893,,,,,,
1498976919546441600,3728.47018,4.55138,4.67973,0.01225,-0.47564,0.00927,0.13062,94.647,backup,208.82571,42.33706,69.98415,5.90506,14.38521,1.99132,0.02483,0.0602,0.07427,0.03377,0.01248,0.41247,0.71999,0.0058,0.02864,-0.0109,-0.00051,-0.01968,-0.01585
2559087823018323712,3729.189,3.09261,4.93992,0.00918,-0.04219,0.00678,0.13653,95.182,backup,24.00985,2.98752,-58.02031,8.45752,14.13758,2.21135,0.02556,0.12792,0.0171,0.01514,0.09871,0.19984,0.55173,-0.02215,-0.01613,-0.02254,-0.01721,-0.00584,0.0289
1284814010327945344,3729.25328,2.96622,4.71384,0.00969,-0.25309,0.00651,0.1198,96.602,backup,215.77464,29.67998,69.71625,10.09479,13.80051,2.08251,0.02603,0.07295,0.09113,0.05262,0.05178,0.35683,0.52448,0.00649,0.02177,-0.00725,0.00157,-0.00755,0.00113
4418682836824299136,3729.79163,3.24741,4.62543,0.01147,-0.28313,0.00673,0.02403,94.861,backup,228.75769,-0.68256,45.68096,5.36347,14.59312,2.10394,0.1648,0.20214,0.18271,0.20805,0.19634,0.81528,0.65602,-0.01584,-0.04494,0.00482,-0.02832,-0.00474,-0.036
845930062767165184,3731.16603,3.26022,4.81197,0.00805,-0.27224,0.00754,0.13406,114.06,backup,172.55048,57.52226,56.39343,11.93698,13.64395,2.08443,0.02105,0.05489,0.06996,0.06924,0.04599,0.38343,0.42774,0.00578,0.00888,0.0055,0.00857,-0.00341,-0.00137
3895701333663869056,3732.79843,3.23627,4.68364,0.0098,-0.2935,0.00698,0.17106,90.538,backup,177.02602,3.10491,61.60162,9.37388,14.03497,2.07736,0.01748,0.09074,0.01739,0.08738,0.05907,0.19264,0.52798,-0.01413,-0.0083,-0.00065,0.02866,-0.0061,0.01371
761959633904003200,3735.50829,2.66145,4.7945,0.00915,-0.13495,0.00552,0.11002,90.11,backup,166.61965,35.16731,66.23424,16.38519,12.49854,2.10895,0.01606,0.06481,0.07704,-0.03623,0.05748,0.24782,0.36036,0.00303,0.0117,-0.02504,-0.02912,-0.00182,0.00465
1527097891500351232,3735.71274,2.50176,5.04506,0.00927,0.14913,0.0053,0.04257,109.78,backup,192.77698,40.353,76.77507,9.24083,13.6741,2.16756,0.01938,0.05572,0.04949,,0.03742,0.34783,0.56948,-0.00217,0.0088,,,-0.00636,0.00193
1305121612137403904,3736.48213,2.41475,4.56991,0.00769,-0.29958,0.00487,0.21714,116.92,bright,247.12159,27.36389,42.16328,5.92774,14.76502,2.07767,0.05724,0.15882,0.15427,0.15675,0.11578,0.36041,0.59582,-0.00164,0.03468,-0.00075,0.03615,-0.01551,0.01175
1549796106464462848,3738.43509,3.37076,4.61203,0.01166,-0.36154,0.00648,0.07103,90.025,backup,201.11619,44.80413,71.12808,5.2542,14.00678,1.95842,0.02585,0.07662,0.08099,0.11974,0.04781,0.33738,0.76325,0.00147,0.03596,0.01455,0.06554,-0.00972,0.01064
1503817382049256320,3739.75384,4.01811,4.51726,0.01222,-0.02399,0.00742,0.11779,88.842,backup,207.62239,46.35061,67.51336,6.45372,14.55479,2.17366,0.02313,0.0677,0.03678,0.01877,0.04939,0.34158,0.68189,-0.01056,0.00195,-0.01671,-0.01033,-0.00626,0.01055
4028840784354215680,3740.08509,2.86354,4.7852,0.00952,-0.1458,0.00586,0.11464,95.713,backup,181.5096,34.14751,77.98715,9.06387,13.80513,2.10067,0.0221,0.0716,0.03452,0.08355,0.04468,0.30863,0.57823,-0.01145,-0.00214,0.00369,0.02621,-0.00831,0.00374
1304327970900544256,3740.69496,2.64206,4.5133,0.00821,-0.46825,0.00503,0.2482,108.82,backup,247.46098,26.86667,41.75557,10.63788,13.47994,1.98899,0.01013,0.1273,0.13703,0.08859,0.10669,0.07957,0.39396,0.00077,0.04386,-0.00308,0.02477,-0.00164,0.0319
3790955946126931456,3740.8532,3.38655,4.75982,0.00999,-0.33844,0.00741,0.13238,93.882,backup,167.84204,-2.93917,51.44837,11.78335,13.53652,2.04964,0.01468,0.13049,0.13869,0.0753,0.11771,0.11249,0.41195,0.00092,0.04246,-0.00621,0.01634,-0.00144,0.03381
1507771569460403584,3741.24496,2.66643,4.64495,0.01006,-0.14775,0.00488,0.05281,114.2,backup,215.11961,48.17277,62.75644,9.10065,13.71071,2.04961,0.02463,0.07879,0.1309,0.05697,0.07596,0.31263,0.5423,0.01629,0.04636,-0.00682,0.00626,-0.00088,0.01656
1250522888357602560,3743.53714,2.50647,4.7571,0.0087,-0.25102,0.00509,0.10799,98.644,backup,210.58028,22.32221,73.21985,10.39555,13.62212,2.06733,0.0249,0.08612,0.08756,0.04209,0.06207,0.28919,0.52135,0.00042,0.02075,-0.01273,-0.00296,-0.00695,0.00746
3562058412866533376,3743.57488,2.20904,4.72454,0.00831,-0.03878,0.00383,0.0238,136.76,backup,172.19738,-12.87366,45.25248,11.76051,13.05152,2.07043,0.01127,0.09375,,,,0.12024,0.38314,,,,,,
1217160029083223552,3743.75513,2.31699,4.59512,0.00763,-0.28963,0.00463,0.20956,105.81,backup,235.2463,21.4487,51.12968,9.38433,13.53711,2.06063,0.03041,0.16913,0.23099,0.17904,0.18419,0.17982,0.48507,0.01112,0.08163,0.00178,0.05643,0.00271,0.05893
3658634016691180800,3743.99891,3.1356,4.72955,0.01079,-0.19217,0.00643,0.10912,88.062,backup,207.84082,-2.14272,57.36123,12.12256,13.1917,2.07007,0.01605,0.11955,0.15563,0.19256,0.13497,0.13423,0.42634,0.00484,0.05031,0.0098,0.06605,0.00207,0.04149
863949305999787904,3746.60539,3.06575,4.90854,0.00947,-0.11467,0.00654,0.11158,102.22,backup,170.57952,63.63417,50.74047,7.9525,14.27428,2.12731,0.01681,0.05715,0.06857,0.08845,0.03222,0.29423,0.5411,0.00336,0.02029,0.00921,0.03104,-0.00733,0.00062
5185515334463594624,3747.02749,1.54752,4.76888,0.00525,-0.23748,0.0031,0.11882,157.02,backup,43.31894,-3.6487,-52.6196,14.30806,12.91894,2.06416,0.01381,0.12442,0.06608,0.05694,0.09472,0.11098,0.35872,-0.00647,0.0099,-0.00749,0.00662,-0.0033,0.02017
3574715269170962048,3747.1933,2.94538,4.44193,0.00931,-0.51278,0.00522,0.25001,103.78,backup,181.2724,-11.19821,50.05828,9.13462,13.68488,1.95581,0.01544,0.19301,,,,0.07997,0.48904,,,,,,
1683192842875340416,3747.58132,1.84416,4.75855,0.00623,-0.18638,0.00358,0.12161,141.84,backup,187.85899,70.4753,46.55853,16.48653,12.51134,2.0789,0.02156,0.06546,0.12917,0.10847,0.05134,0.32928,0.29695,0.02098,0.0168,0.01416,0.01066,-0.00465,-0.00631
1060399426491281536,3748.1088,4.64625,4.83605,0.01168,-0.47383,0.01168,0.12933,87.625,backup,163.43848,67.97499,45.51375,7.17753,14.78063,1.98382,0.01483,0.07318,0.1188,0.06295,0.04902,0.20265,0.5485,0.00924,0.05033,-0.00207,0.0197,-0.0049,0.01206
1317572859766944640,3748.32054,2.92859,4.81348,0.01033,-0.11436,0.00614,0.09058,93.623,backup,245.13391,28.98683,44.21258,8.46968,14.0725,2.11694,0.02784,0.11664,0.11942,0.08669,0.08915,0.2387,0.48245,0.00066,0.02977,-0.00715,0.01398,-0.00656,0.01517
3800364295327123584,3748.58568,2.54651,4.77735,0.0093,0.23139,0.00502,0.05496,106.32,backup,173.03143,2.83503,59.17691,11.58916,13.19736,2.23782,0.01299,0.09193,0.07881,0.04905,0.07626,0.14132,0.44722,-0.00185,0.02225,-0.00606,0.00895,-0.00221,0.02111
1154749584422761216,3749.25357,3.97158,4.34521,0.01198,-0.62257,0.0066,0.24892,91.234,backup,225.06371,3.49773,51.21328,6.12947,14.54802,1.90904,0.08618,0.13761,0.17306,0.15688,0.15989,0.62624,0.63845,0.0222,0.02431,0.01207,0.01399,0.01396,0.01591
1318714767015169408,3750.61428,2.07713,4.70371,0.00612,-0.4418,0.00413,0.13429,140.43,backup,242.48931,29.42209,46.56154,14.82057,12.90917,1.98322,0.00869,0.12868,0.04524,0.09729,0.09956,0.06752,0.32426,-0.00563,0.00598,-0.00212,0.02286,-0.00197,0.02359
1676746096963957120,3750.62538,2.48904,4.81642,0.00803,-0.06488,0.00496,0.11979,120.55,backup,192.94826,64.14171,52.9865,8.08021,14.11894,2.13608,0.02071,0.05775,0.03106,0.0542,0.04608,0.35865,0.54641,-0.00957,-0.00374,-0.00127,0.0089,-0.00419,0.00447
1504138027127451520,3750.89261,1.76781,4.72011,0.00655,-0.11177,0.0032,0.06005,159.2,backup,205.6143,47.19138,67.57673,11.8798,13.06066,2.06337,0.02076,0.08149,0.10992,0.08735,0.10731,0.25476,0.4634,0.00724,0.03018,0.00149,0.01972,0.00658,0.02897
1271484768305364224,3751.24461,2.24069,4.6787,0.0076,-0.29981,0.0041,0.12248,135.94,backup,228.94213,27.35905,58.03383,10.18134,13.55202,2.04029,0.02774,0.12526,0.09652,0.19378,0.09567,0.22145,0.48655,-0.00636,0.01922,0.01517,0.06654,-0.00655,0.01881
1563657752634812416,3752.95414,1.85271,4.76958,0.00648,-0.19431,0.00365,0.10315,130.58,backup,200.14606,54.50793,62.1049,16.58087,12.44627,2.05924,0.0195,0.07137,0.06447,0.06883,0.07187,0.27323,0.34716,-0.00188,0.00288,-0.00069,0.00439,0.00014,0.00545
1296328370973241088,3756.92141,1.67845,4.82128,0.00579,-0.08729,0.00318,0.10027,134.25,backup,222.97037,39.30614,62.19847,15.2048,12.44189,2.07249,0.01953,0.06481,0.06834,-0.07727,0.03576,0.30139,0.37213,0.00106,0.0059,-0.04282,-0.04829,-0.00876,-0.00623
3667024493002054656,3757.79702,2.77923,4.7515,0.00862,-0.36497,0.00606,0.11397,115.25,backup,215.17281,3.14446,57.89977,9.92035,13.8443,1.99745,0.02915,0.09058,0.04685,0.05915,0.07954,0.3218,0.49497,-0.01407,-0.00596,-0.01012,0.00013,-0.00355,0.01022
3961445978611667968,3759.01013,1.76276,4.86185,0.0066,-0.14005,0.00347,0.07015,128.98,backup,191.36362,26.72938,88.60798,16.92476,12.41257,2.03575,0.01273,0.0653,-0.00894,0.00776,0.03416,0.195,0.37658,-0.01448,-0.0161,-0.01122,-0.00981,-0.00607,0.00013
3590876543910368896,3761.87377,2.20553,4.83226,0.00736,-0.1848,0.00445,0.12997,116.34,backup,169.16135,-9.4478,46.80573,12.52024,13.18925,2.09041,0.01205,0.10943,0.11349,0.10226,0.0959,0.11007,0.37239,0.00045,0.03022,-0.00079,0.02603,-0.00149,0.02367
2509759397774067200,3763.20005,1.89256,4.82534,0.00753,0.00747,0.00375,0.0185,140.77,backup,23.69101,-0.2855,-61.21031,9.09475,13.57374,2.11182,0.01893,0.07709,0.05435,0.12036,0.07539,0.24556,0.5374,-0.00558,0.01028,0.01062,0.04575,-0.00042,0.02159
1530252905756914816,3763.41691,1.80576,4.50121,0.00571,-0.53795,0.00333,0.28048,139.34,backup,194.64297,44.61425,72.45557,10.88141,13.25098,1.92265,0.02352,0.08053,,,0.04977,0.29208,0.50391,,,,,-0.00898,0.00156
1504730629535348224,3763.7926,1.87648,4.61369,0.00627,-0.33919,0.00366,0.18933,135.26,backup,213.23504,44.27354,66.30365,10.46788,13.39447,2.01218,0.02035,0.05893,0.08657,0.20924,0.01834,0.34534,0.50332,0.00955,0.02322,0.05191,0.08496,-0.01402,-0.01112
5187226174556318080,3765.61239,1.72299,4.64676,0.00508,-0.50248,0.00315,0.1802,155.93,backup,44.80439,-2.22482,-50.56432,15.50577,12.79788,1.94393,0.01343,0.23867,0.28298,0.29745,0.24435,0.05627,0.32866,0.00249,0.07957,0.00331,0.08433,0.00032,0.06688
3585121700051904512,3765.91079,2.19051,4.89436,0.00779,-0.06232,0.00419,0.07712,121.44,backup,175.2291,-13.01699,46.3595,11.59297,13.1863,2.09169,0.01092,0.09108,,,,0.11992,0.3931,,,,,,
3796000917792068224,3771.00738,2.33824,4.7245,0.00742,-0.38394,0.00434,0.1632,130.34,backup,177.33874,0.45821,59.44625,13.19829,13.18502,2.00272,0.01354,0.08305,0.08178,0.05422,0.08536,0.163,0.40665,-0.00021,0.01972,-0.0047,0.00851,0.00038,0.02117
831803984050585344,3772.74496,2.02694,4.64186,0.00643,-0.19391,0.00394,0.2155,137.16,other,165.18438,48.04553,60.00019,4.04731,16.11165,1.92808,0.02431,0.0686,0.09483,0.03662,0.03933,0.35446,0.81946,0.0093,0.05339,-0.01133,0.0057,-0.01037,0.00792
1553943533045361152,3775.01397,2.18962,4.7902,0.00764,-0.17874,0.00429,0.11903,115.68,backup,197.93277,46.69295,70.03015,10.83124,13.43411,2.05648,0.01975,0.06276,0.09036,0.09342,0.03427,0.31466,0.50052,0.00868,0.02548,0.00965,0.02701,-0.00897,-0.0026
1526647400970422144,3775.11,1.70845,4.82345,0.00598,-0.15673,0.00316,0.10539,144.64,backup,198.5949,44.4614,72.06542,14.48616,12.66942,2.05701,0.01971,0.06866,,,0.0579,0.28709,0.40869,,,,,-0.00309,0.00395
1154229584142280960,3777.79615,2.67222,4.75891,0.00921,-0.26423,0.00478,0.11987,116.95,backup,224.57103,2.27559,50.77111,8.39164,13.97235,2.03494,0.08453,0.15234,0.1579,0.16603,0.13861,0.55486,0.52216,0.00309,-0.00208,0.0076,0.00217,-0.00762,-0.01215
1716234816557442304,3781.12648,2.14993,4.46009,0.00687,-0.57385,0.00392,0.27947,130.28,backup,192.24706,76.8023,40.32508,10.3528,13.39409,1.89256,0.01798,0.10667,0.14791,,0.08153,0.16859,0.3935,0.00695,0.04022,,,-0.00424,0.0141
1557577144095619584,3781.41934,2.284,4.79502,0.00795,-0.23803,0.00444,0.11069,111.99,backup,195.72414,51.69306,65.34035,10.01533,13.54371,2.01068,0.02089,0.06383,0.00217,0.03256,0.02536,0.32725,0.51613,-0.02018,-0.01977,-0.01023,-0.00408,-0.01259,-0.0078
1271372034007467904,3783.53506,2.53423,4.78588,0.00856,-0.26353,0.00435,0.12019,121.62,backup,229.49742,27.22615,57.52639,9.04417,13.83622,2.02426,0.06052,0.12911,0.12576,0.12539,0.10458,0.46872,0.52585,-0.00157,0.00561,-0.00174,0.00542,-0.0115,-0.00553
1486916273422444544,3785.04676,2.74486,4.74784,0.00977,-0.07794,0.00479,0.06993,113.67,backup,221.31104,38.38109,63.70335,7.02,13.68734,2.06176,0.02697,0.06293,0.07183,,0.02763,0.42861,0.64001,0.00382,0.019,,,-0.01513,-0.00929
1577286233620552960,3786.25298,2.29732,4.77446,0.00754,-0.34059,0.00454,0.14703,115.93,backup,194.07791,58.00089,59.11546,12.83091,13.20196,1.97858,0.01806,0.05809,0.1634,0.05911,0.03682,0.31098,0.41438,0.03275,0.04964,0.00032,0.00643,-0.00661,-0.00281
1072150422653714688,3789.96587,1.50886,4.85636,0.00522,-0.20595,0.00294,0.12939,157.05,backup,157.60516,67.5502,44.3435,14.84458,12.68584,2.03043,0.01387,0.10535,0.06859,0.13166,0.05303,0.13164,0.31386,-0.00484,0.00766,0.00346,0.02746,-0.00689,0.00278
1270760018343992576,3792.65889,1.79249,4.77797,0.00614,-0.27177,0.00331,0.144,135.13,backup,232.98927,27.12044,54.44137,9.73589,13.57752,2.01464,0.03067,0.1401,0.13616,0.16849,0.13107,0.21893,0.48751,-0.00086,0.0357,0.00622,0.05147,-0.00198,0.03322
2509807402623754240,3795.12604,1.96956,4.72407,0.00681,-0.27012,0.00382,0.17908,131.11,backup,25.02601,-0.24193,-60.68204,8.79862,13.63388,2.03548,0.02229,0.09051,,,0.09543,0.24631,0.54741,,,,,0.00121,0.02995
1058947143429991552,3795.40697,2.37306,4.77984,0.00967,0.24531,0.00431,0.00844,113.43,backup,165.64518,65.51504,47.98801,7.60976,14.1618,2.17001,0.01567,0.16646,0.12933,,0.13853,0.09412,0.5421,-0.00349,0.05444,,,-0.00263,0.05943
2558925026578018944,3796.12593,1.38535,4.82213,0.00462,-0.32105,0.00271,0.13115,173.4,backup,23.57957,2.1511,-58.95074,17.02533,12.5121,1.98172,0.02093,0.0968,0.05893,0.03275,0.06618,0.21619,0.3314,-0.00819,-0.0014,-0.01385,-0.01007,-0.00662,0.00101
4415564037732948096,3796.46871,1.74913,4.73405,0.00582,-0.33867,0.00321,0.16195,158.54,backup,230.1806,-1.09562,44.34,12.97109,13.03016,1.97465,0.01551,0.33882,0.32259,0.31441,0.23984,0.04577,0.35018,-0.00074,0.09746,-0.00112,0.09459,-0.00453,0.06848
1318431062952058752,3799.83828,1.32434,4.81135,0.00454,-0.29153,0.00254,0.15866,161.15,backup,243.35774,28.72865,45.69327,16.66037,12.39837,2.00949,0.00828,0.15582,0.13228,0.20093,0.11568,0.05314,0.2908,-0.00125,0.03019,0.0024,0.05015,-0.00213,0.02536
2501063089727311360,3800.0161,2.01616,4.90001,0.00693,-0.19445,0.00396,0.12447,122.78,backup,35.36022,0.40334,-54.98552,10.9667,13.43656,2.03257,0.02961,0.10293,0.09591,,0.09665,0.28768,0.44979,-0.00202,0.01353,,,-0.00181,0.01386
3574984649520329216,3803.35413,1.51468,4.54531,0.00496,-0.57501,0.00286,0.29794,162.06,backup,179.20623,-11.84957,48.83144,15.91216,12.32097,1.87402,0.00988,0.14698,,,,0.06721,0.31509,,,,,,
1527769693104832512,3805.06805,2.32312,4.85334,0.00837,-0.06952,0.00415,0.06229,120.05,backup,195.33554,42.78827,74.21106,9.86818,13.41356,2.018,0.02279,0.06644,0.08858,,0.04053,0.34304,0.54164,0.0076,0.02519,,,-0.00889,-0.00084
857418069491825408,3808.25005,2.04761,4.86604,0.00725,-0.16833,0.00401,0.12221,120.26,backup,169.12705,58.06673,54.87626,9.48935,13.69439,2.03089,0.01976,0.05228,0.06644,0.10803,0.02883,0.37794,0.49819,0.00535,0.01334,0.02107,0.03406,-0.00886,-0.00539
1716435580508996224,3808.52311,2.05342,4.77357,0.00706,-0.21272,0.00373,0.12462,129.76,backup,199.65095,76.87949,40.14242,11.46973,13.06978,1.98493,0.01899,0.08635,0.09627,0.03901,0.07853,0.21991,0.36216,0.00218,0.01587,-0.01041,-0.00486,-0.00172,0.00945
3681790624925780864,3809.28783,2.52373,4.85691,0.0068,-0.0344,0.00434,0.16445,113.03,backup,190.84707,-4.12339,58.68794,13.07205,12.78846,2.08918,0.01549,0.07305,-0.00871,0.08397,0.09074,0.21208,0.40717,-0.01734,-0.01904,0.00232,0.0187,0.00375,0.02145
1560010221592999040,3809.30583,1.9373,4.84118,0.00663,-0.29617,0.00383,0.15676,118.07,backup,203.33985,51.81351,64.08412,13.72471,12.83242,1.99112,0.01731,0.06052,0.04884,0.01218,0.02201,0.28606,0.40801,-0.00334,0.00261,-0.01383,-0.01234,-0.01102,-0.00833
1072691725972110336,3811.79812,1.32378,4.76763,0.00432,-0.42922,0.00255,0.16299,164.78,backup,165.73926,69.91613,44.44879,17.87679,12.38398,1.93547,0.01415,0.07755,,,0.05227,0.18245,0.26903,,,,,-0.00461,-9e-05
3652562066806009600,3812.0292,1.75329,4.82356,0.00599,-0.18948,0.00344,0.13898,140.85,backup,217.24483,-1.67528,52.83646,10.76269,13.34714,2.02976,0.02422,0.115,0.11011,0.08589,0.13902,0.21061,0.44698,-0.00103,0.025,-0.00613,0.01417,0.00506,0.03792
1568998767806143360,3817.94749,1.48312,4.80793,0.00493,-0.37883,0.00278,0.15825,146.33,backup,189.87886,51.95385,65.07333,13.86793,12.73266,1.94565,0.01962,0.06337,0.03977,0.08756,0.04748,0.30969,0.40734,-0.00731,-0.00342,0.00749,0.01604,-0.00492,-0.00028
2501628479222135936,3819.54495,1.96442,4.79873,0.00649,-0.40209,0.00401,0.18404,120.63,backup,36.37124,1.46515,-53.53054,10.11294,13.59574,1.946,0.02794,0.10295,0.12576,0.10851,0.09083,0.27144,0.47068,0.00619,0.03125,0.00151,0.02313,-0.00329,0.01481
1512768849808069376,3819.62418,1.72177,4.77064,0.00571,-0.33441,0.00313,0.1562,117.22,backup,210.84494,52.50628,61.28601,13.53316,12.73825,1.93453,0.01815,0.06592,0.08322,,0.03163,0.27534,0.40456,0.00477,0.01552,,,-0.00944,-0.00535
2498876229819167744,3819.63439,2.23572,4.46758,0.00736,-0.68274,0.00418,0.33993,121.55,backup,40.75275,0.59992,-51.42314,6.16449,13.76554,1.82498,0.02314,0.09468,0.08724,0.06689,0.08558,0.24438,0.63743,-0.00182,0.03247,-0.00679,0.0195,-0.00222,0.03142
1211829871585671552,3822.52987,1.50511,4.86662,0.00531,-0.31019,0.00299,0.15897,126.78,backup,226.94975,18.1378,57.39171,13.16564,12.85546,2.01329,0.00732,0.09376,0.12793,0.12979,0.09066,0.07804,0.40062,0.00267,0.04393,0.00281,0.04468,-0.00024,0.029
1187446174014764032,3823.05127,1.70129,4.70738,0.00539,-0.55633,0.00311,0.24365,128.32,backup,227.63887,16.81696,56.26932,14.32242,12.86582,1.89919,0.006,0.06415,0.02852,0.0901,0.07906,0.09359,0.37157,-0.00333,0.00459,0.00243,0.02747,0.0014,0.02337
758944296279328512,3823.58454,1.92358,4.79483,0.00663,-0.26908,0.00365,0.12864,112.77,backup,171.35188,33.65247,70.3797,7.88883,13.36444,1.95371,0.0218,0.07652,,,0.05802,0.28486,0.61527,,,,,-0.00527,0.0139
3633745677643545728,3826.46536,1.85845,4.9802,0.0063,-0.06577,0.00322,0.10981,140.26,backup,204.42122,-4.27305,56.67114,12.39073,12.87238,2.03698,0.01141,0.08391,,0.14399,0.08413,0.13601,0.41693,,,0.00817,0.04862,3e-05,0.02367
1210234926894292736,3827.9965,1.83633,4.77713,0.00598,-0.46167,0.00354,0.17768,118.14,backup,234.81775,19.9712,51.05637,11.64182,13.27191,1.92278,0.00846,0.15974,0.17448,0.18763,0.15307,0.05296,0.41402,0.00078,0.06378,0.00148,0.06922,-0.00035,0.05491
3939680286947020416,3829.00518,4.12057,4.98321,0.00874,-0.99464,0.01025,0.45098,115.18,other,199.13891,19.19911,80.19625,4.37255,16.16814,1.88595,0.04178,0.08025,0.08632,0.05341,0.07522,0.52054,0.83518,0.00315,0.03031,-0.01397,0.00283,-0.00262,0.02104
3953461801912041856,3829.79548,1.67688,4.85246,0.00588,-0.31053,0.00327,0.12931,115.08,backup,184.16287,22.15685,80.6666,13.75369,12.65439,1.9325,0.01032,0.0761,0.09637,0.05531,0.08644,0.13562,0.43671,0.00275,0.03176,-0.00282,0.01383,0.0014,0.02743
1579921007077867392,3832.05227,1.35097,4.88486,0.00464,-0.16316,0.00243,0.14626,169.17,backup,190.81068,59.8194,57.27852,13.70243,12.5765,1.98921,0.01868,0.05774,0.09407,0.00176,0.03046,0.32358,0.3881,0.01176,0.01783,-0.01811,-0.018,-0.00883,-0.00686
4420909794547947776,3832.27172,2.29583,4.84125,0.00747,-0.22381,0.00447,0.17163,112.95,backup,232.47657,1.88897,44.44596,9.02211,13.84499,2.02192,0.05392,0.12534,0.10061,0.12847,0.14907,0.43017,0.46254,-0.01064,-0.00738,0.00135,0.0055,0.01021,0.01503
1504647199793919360,3833.39124,1.4132,4.78256,0.00471,-0.38087,0.00267,0.17525,153.45,backup,213.09892,43.804,66.67655,9.16863,12.82926,1.92448,0.02154,0.05931,0.07005,-0.00702,0.01939,0.36324,0.55123,0.0039,0.01707,-0.02409,-0.02541,-0.0145,-0.01085
1712882921000489856,3833.97095,1.98345,4.80822,0.0066,-0.21055,0.00355,0.12575,135.17,backup,199.96874,75.50212,41.49497,7.5989,13.20953,1.96843,0.01811,0.06695,0.08336,0.06221,0.06489,0.27053,0.50218,0.00444,0.02375,-0.00128,0.01313,-0.00056,0.01448
3574168674453176704,3834.58111,2.13566,4.63,0.00668,-0.44599,0.00388,0.26426,129.41,backup,179.95785,-12.08016,48.84059,10.58351,13.17668,1.89356,0.01182,0.14569,,,,0.0811,0.43396,,,,,,
1529823546466128128,3837.32545,2.00081,4.82015,0.00671,-0.26206,0.00375,0.14289,119.15,backup,196.06907,44.47764,72.46023,9.48087,13.47622,1.94185,0.02449,0.07379,0.07206,,0.03358,0.33192,0.55272,-0.00057,0.01534,,,-0.01335,-0.00593
1078905856454513024,3837.92668,2.27178,4.90059,0.00769,-0.13772,0.00422,0.11724,112.02,backup,165.73817,73.50737,41.46036,7.97959,13.92341,2.00717,0.01513,0.22685,0.13557,0.13599,0.11823,0.0667,0.48511,-0.00609,0.05063,-0.00606,0.05084,-0.00725,0.04222
1683869867160393088,3840.46133,1.68341,4.76712,0.00565,-0.27846,0.00305,0.1432,142.34,backup,184.50869,70.27206,46.58997,10.11996,12.68226,1.95466,0.02094,0.06175,0.05899,0.08211,0.05566,0.33909,0.43689,-0.00094,0.00483,0.0069,0.01493,-0.00207,0.00338
1675482517585443712,3840.75156,1.97466,4.84557,0.00653,-0.41122,0.00364,0.18398,127.55,backup,198.44958,61.36907,55.55321,8.32758,13.94478,1.92321,0.02167,0.06736,0.08209,-0.03465,0.04823,0.3217,0.54716,0.00474,0.02325,-0.03282,-0.04063,-0.00616,0.00472
3584017515498511360,3840.90038,1.83479,4.82208,0.00599,-0.34526,0.00343,0.15303,127.68,backup,184.86249,-6.71343,55.2839,10.64739,13.26704,1.91238,0.01527,0.09709,0.07142,0.06079,0.07767,0.15733,0.46077,-0.00404,0.01763,-0.00571,0.01273,-0.00305,0.02051
1662257488647500288,3841.03474,1.80996,4.81981,0.00596,-0.38544,0.00336,0.19146,115.38,backup,203.39672,59.17444,57.13272,12.23687,12.93894,1.92907,0.01822,0.0588,0.07065,0.0249,0.03127,0.30984,0.42254,0.00367,0.01163,-0.01051,-0.0077,-0.00853,-0.00501
2510018955533104896,3847.15626,1.94388,4.73746,0.00692,-0.22993,0.00352,0.08906,128.42,backup,23.23372,0.10024,-61.00239,7.17036,13.71657,1.91021,0.02037,0.07434,0.0693,0.07249,0.07411,0.27398,0.62312,-0.00138,0.02281,-0.00051,0.0248,-6e-05,0.02581
1224650933081096960,3847.45471,2.33542,4.94415,0.00743,0.0817,0.00385,0.09463,117.97,backup,236.35073,28.65532,51.74372,8.52638,13.64905,2.07065,0.03517,0.09522,0.05932,0.07959,0.07548,0.36935,0.52134,-0.01326,-0.00425,-0.00577,0.00632,-0.00729,0.00418
1072044865241491072,3849.79616,1.32501,4.75771,0.00411,-0.50502,0.0023,0.19006,176.54,backup,161.76439,67.9294,45.14799,16.52671,12.395,1.86859,0.01318,0.07056,0.1004,0.06011,0.03977,0.18673,0.29048,0.00557,0.01599,-0.00195,0.00429,-0.00575,-0.00162
845409512730635264,3850.24058,1.78499,4.88733,0.00572,-0.1556,0.00321,0.12516,130.94,backup,177.74835,58.08949,57.2722,14.07657,12.51716,1.96484,0.01982,0.07665,0.05315,-0.01944,0.04394,0.25861,0.38004,-0.00608,0.00038,-0.02485,-0.02721,-0.00846,-0.00312
1683960851747184768,3850.4299,2.40152,4.8713,0.00757,-0.23547,0.00423,0.16471,114.74,backup,186.45518,70.65322,46.32217,9.62305,13.51293,1.96663,0.02239,0.06505,0.11573,0.15405,0.0637,0.34415,0.45187,0.01744,0.02991,0.03063,0.04722,-0.00046,0.0064
1552808733964997888,3854.2809,1.57625,4.92932,0.00508,-0.14032,0.00273,0.11841,137.91,backup,202.15369,48.24494,67.6786,12.42911,12.64396,1.96402,0.01752,0.06549,0.08396,,0.01798,0.26749,0.44867,0.00494,0.02015,,,-0.01271,-0.00945
1682480187541441920,3855.35883,2.83841,4.9481,0.00841,0.00367,0.00462,0.11514,115.72,backup,186.29848,68.21285,48.72714,7.63832,13.97068,2.05078,0.02143,0.06082,0.0324,0.03749,0.04199,0.3523,0.54487,-0.01001,-0.00377,-0.00822,-0.001,-0.00663,0.00145
1716293949667358464,3856.3477,2.25401,4.84503,0.00724,-0.24628,0.00399,0.13772,119.59,backup,194.84268,76.84881,40.27033,6.67192,13.52503,1.94466,0.01881,0.09941,0.13742,0.11251,0.0906,0.18927,0.53933,0.0072,0.0553,0.00248,0.04187,-0.00167,0.03005
1277530810947154816,3857.14249,1.85082,4.47663,0.00632,-0.53062,0.00309,0.11335,134.23,backup,232.9954,32.80735,54.97914,5.65431,12.90057,1.65351,0.05277,0.08694,,,0.0729,0.60704,0.6861,,,,,-0.00852,-0.00276
3634018111713464832,3858.28668,2.12377,4.82462,0.007,-0.35838,0.00374,0.17165,124.93,backup,206.38778,-3.82907,56.39912,9.60619,13.38884,1.90894,0.01754,0.09105,0.08437,0.06041,0.10989,0.19262,0.50025,-0.00129,0.02467,-0.0059,0.01268,0.00363,0.03743
1275278908055562752,3859.10966,2.01999,4.69889,0.00583,-0.19045,0.00325,0.20313,138.45,backup,230.14668,30.02069,57.26959,10.7012,13.11154,1.97043,0.0181,0.08269,0.07515,0.07835,0.05476,0.21888,0.46681,-0.00165,0.01698,-0.00095,0.01848,-0.00611,0.00746
2498579396039414656,3863.85309,2.29299,4.96543,0.00728,-0.15825,0.0042,0.13189,113.04,backup,41.81356,0.15224,-51.03519,6.83004,14.20916,1.98236,0.02041,0.13234,0.0992,0.1096,0.09702,0.15423,0.59777,-0.00511,0.03888,-0.00351,0.0451,-0.00545,0.03758
1487784715809561856,3864.66053,2.42901,4.88352,0.00718,-0.14153,0.00391,0.13043,128.42,backup,218.37376,39.39651,65.51805,9.13035,13.43575,1.98148,0.0264,0.0666,0.04966,-0.04571,0.03595,0.39632,0.54951,-0.00671,0.00089,-0.04451,-0.05151,-0.01215,-0.00664
1494606944941880704,3865.93138,2.21131,4.39552,0.00727,-0.70285,0.00341,0.26448,153.34,backup,217.47399,46.06495,62.84371,8.44047,12.48151,1.63256,0.02669,0.07083,0.02922,0.062,0.05009,0.37685,0.56973,-0.01568,-0.01005,-0.00333,0.00863,-0.00782,0.00184
1505037015321838592,3866.17491,1.84292,4.88691,0.00592,-0.21489,0.00315,0.12787,135.69,backup,214.91691,45.48661,64.61359,9.73206,13.32458,1.93463,0.0224,0.06269,0.02028,-6e-05,0.0218,0.35726,0.52415,-0.01515,-0.01177,-0.02242,-0.02243,-0.01461,-0.01097
1504365041919105536,3870.10833,2.17696,4.9534,0.0097,0.28906,0.00403,0.00892,114.5,backup,213.96646,42.93577,66.7031,7.26973,13.93991,2.07299,0.02423,0.06107,0.0408,-0.09672,0.01968,0.39676,0.63605,-0.00804,0.00172,-0.0626,-0.08575,-0.01642,-0.01171
1278317889473702656,3874.75643,2.72721,4.86352,0.0084,-0.2942,0.00458,0.16379,112.07,backup,228.44812,33.43893,58.7842,6.48573,14.25408,1.9219,0.04202,0.07497,0.06637,0.08817,0.04404,0.56052,0.65177,-0.00482,0.00124,0.0074,0.01545,-0.01733,-0.01332
748939217207311616,3875.48826,2.04284,4.83903,0.00627,-0.38592,0.00347,0.21548,115.84,backup,156.33913,32.56686,58.01888,10.8806,13.07944,1.89607,0.01279,0.05674,0.09362,,0.04955,0.22549,0.46402,0.00832,0.03065,,,-0.00162,0.0102
2558095376335398912,3877.04294,1.91755,4.87201,0.00672,-0.19702,0.00342,0.09921,135.81,backup,23.04055,0.63268,-60.56176,8.64065,13.55223,1.9466,0.01877,0.07277,,,0.06841,0.258,0.5535,,,,,-0.00112,0.01909
4030013516584393216,3877.44146,2.40269,4.79244,0.00819,0.03795,0.00354,0.06355,120.6,backup,180.77024,36.30686,76.23749,6.4874,14.05545,1.98308,0.02331,0.07473,0.11161,-0.00317,0.05479,0.31189,0.69813,0.0115,0.05461,-0.0243,-0.02552,-0.00622,0.01494
853884410919427328,3878.09774,1.72347,4.90241,0.00533,-0.25449,0.0029,0.15608,136.53,backup,158.91363,56.46563,51.99469,11.53637,12.87058,1.90126,0.01432,0.04851,0.12563,0.03077,0.01261,0.29521,0.42098,0.02276,0.03856,-0.00524,-0.00137,-0.0106,-0.00901
1486059822584209920,3878.4465,1.86586,4.88134,0.00576,-0.30315,0.00315,0.16934,129.31,backup,214.01956,40.64987,67.93437,13.76214,12.55826,1.9032,0.01851,0.06188,0.07571,0.08776,0.02844,0.29917,0.41651,0.00414,0.01302,0.00774,0.01804,-0.01,-0.00667
1505271829774840832,3878.74774,1.70397,4.89938,0.0054,-0.16409,0.0029,0.13846,157.63,backup,214.06744,45.7653,64.89256,10.07279,13.20426,1.94282,0.02151,0.06249,0.0427,0.02883,0.02334,0.34425,0.51285,-0.00681,0.00039,-0.01159,-0.00673,-0.01348,-0.00954
1552715859592430464,3880.42897,1.60587,4.95095,0.00492,-0.21296,0.00264,0.14627,136.41,backup,200.93249,47.57217,68.6013,12.9933,12.62851,1.92557,0.01825,0.06865,0.1137,0.01688,0.03365,0.2658,0.43631,0.01197,0.03136,-0.01376,-0.01088,-0.0093,-0.00357
3659951777081464704,3881.89439,2.2004,4.97208,0.00752,0.14573,0.00312,0.00962,148.1,backup,212.81273,-0.15996,56.64574,10.86436,12.95175,1.99233,0.02103,0.10195,0.10198,0.1245,0.12441,0.20632,0.45939,1e-05,0.02581,0.00465,0.03616,0.00463,0.03612
1321402974162567168,3882.86135,1.83836,4.87876,0.00556,-0.26622,0.0031,0.1574,139.71,backup,239.54142,30.92491,49.29808,9.04297,13.51536,1.9225,0.02811,0.095,0.13258,0.13117,0.08123,0.29588,0.48864,0.01112,0.03667,0.0107,0.03598,-0.00408,0.01158
1504634834585276800,3884.45068,1.87977,4.8795,0.00715,0.04124,0.0033,0.099,115.64,backup,213.45715,43.72905,66.52103,7.39545,13.7842,1.99608,0.02306,0.05954,0.08176,0.02231,0.02532,0.38733,0.62923,0.00861,0.02839,-0.01442,-0.00902,-0.01325,-0.00713
1681622087435565184,3884.89727,1.44383,4.67716,0.00446,-0.43924,0.00249,0.29659,166.04,backup,183.50471,67.158,49.56268,12.32706,12.6441,1.83474,0.02211,0.06525,0.11924,,0.0456,0.3389,0.38979,0.0183,0.02437,,,-0.00666,-0.00434
1492325904990981632,3885.14088,2.15845,4.94569,0.0071,-0.14086,0.00395,0.1413,116.67,backup,214.85455,42.66925,66.32102,7.75885,13.86186,1.95912,0.02476,0.06239,0.06105,0.06539,0.03053,0.39695,0.61104,-0.00053,0.01254,0.00119,0.01519,-0.01265,-0.00611
1253455835624706688,3885.29209,2.20099,4.87537,0.00671,-0.40497,0.00364,0.1656,117.28,backup,212.20186,22.05051,71.71647,10.19407,13.34089,1.87507,0.02656,0.09597,0.07579,0.00922,0.07127,0.27679,0.52534,-0.00559,0.01325,-0.02401,-0.02172,-0.00684,0.01088
1681143902957234432,3889.84626,2.06798,4.85922,0.00688,-0.12258,0.00364,0.14673,125.35,backup,184.2295,66.38121,50.38289,7.87519,13.69497,1.95811,0.02243,0.06677,0.1302,0.09892,0.04049,0.33586,0.54275,0.0213,0.04824,0.01079,0.03126,-0.00883,-0.00045
4032611971798823808,3890.57663,2.31968,4.92967,0.00747,-0.14847,0.00415,0.16808,113.74,backup,178.04517,37.28339,73.90344,7.0012,14.08602,1.96708,0.02184,0.0774,,,0.05523,0.28222,0.66642,,,,,-0.00626,0.01496
1271563314670533376,3890.65311,2.05913,4.8893,0.00634,-0.20961,0.00335,0.13277,137.16,backup,229.21693,27.31209,57.78552,7.9621,13.64233,1.91787,0.08532,0.12619,0.12761,0.11681,0.10241,0.67614,0.57262,0.00096,-0.01225,-0.00634,-0.01844,-0.01608,-0.02668
1676677927242991488,3892.13616,1.19666,4.70114,0.00397,-0.64862,0.00208,0.35092,175.61,backup,193.42467,63.21102,53.91533,11.8511,12.86287,1.77619,0.01997,0.0591,0.11575,-0.00535,0.04408,0.33784,0.42047,0.01914,0.0287,-0.02177,-0.02222,-0.00507,-0.00143
1552304573523879040,3893.58801,2.20522,4.89142,0.00711,-0.31883,0.00379,0.15646,125.09,backup,204.7497,48.34418,66.85766,8.52505,13.61816,1.8773,0.02093,0.07056,0.14057,0.09898,0.03387,0.29665,0.57806,0.02077,0.06033,0.00843,0.03628,-0.01089,-0.00135
4413626285927077120,3894.18507,1.12366,4.68713,0.00381,-0.53601,0.0021,0.33673,175.41,backup,230.29774,-4.0659,42.2641,11.69109,12.7097,1.80958,0.02481,0.30278,,,,0.08195,0.36885,,,,,,
1077457249885368448,3895.25342,1.70668,4.93903,0.00649,-0.03861,0.00326,0.12852,122.08,backup,162.60413,73.35294,41.07935,7.33521,13.83833,1.97716,0.01584,0.42946,,,0.33808,0.03689,0.51162,,,,,-0.00337,0.15712
1271276960608070528,3895.95323,1.79877,4.80422,0.00606,-0.47962,0.00322,0.20364,137.19,backup,229.33452,27.15275,57.65889,8.83635,13.52792,1.84997,0.06904,0.13071,0.15547,0.11184,0.1029,0.52819,0.53463,0.01308,0.01408,-0.00997,-0.00925,-0.01469,-0.01402
1569354322378768512,3897.53969,1.54765,4.91037,0.00528,-0.32943,0.00295,0.1757,123.02,backup,187.3209,53.30491,63.5027,11.97374,12.7882,1.867,0.02149,0.06478,0.04298,0.05099,0.04438,0.33171,0.45006,-0.00723,-0.00214,-0.00457,0.00146,-0.00676,-0.00151
1510375797111113600,3898.29724,1.6605,4.90832,0.00636,-0.10841,0.00333,0.13038,128.16,backup,207.03607,49.41095,65.18799,8.15084,13.54198,1.93164,0.02106,0.06245,0.01605,0.18765,0.03251,0.33716,0.58971,-0.01564,-0.01159,0.04221,0.0896,-0.01009,-0.00188
2510092485373072768,3898.40644,1.49917,4.73976,0.00776,-0.0085,0.00324,0.16538,124.77,backup,24.32235,0.48589,-60.26606,7.31559,13.8705,2.0287,0.02259,0.09087,0.08938,0.09509,0.11397,0.24862,0.61309,-0.00037,0.0322,0.00105,0.0357,0.00574,0.04728
2564740446656417536,3898.80771,1.32822,4.72578,0.00593,-0.11269,0.00277,0.17641,134.13,backup,19.48735,6.55503,-55.71104,12.35225,12.54125,1.92899,0.02522,0.19574,0.24356,0.27433,0.17526,0.12885,0.41439,0.00616,0.07571,0.01013,0.08846,-0.00264,0.0474
3569494822321350144,3898.99754,1.3916,4.95066,0.00535,-0.04076,0.00274,0.10951,150.49,backup,182.09207,-15.568,46.04328,13.21304,12.58158,1.95561,0.01243,0.14553,,,,0.0854,0.35329,,,,,,
3653356704475276800,3899.74465,1.64462,4.69153,0.00719,-0.22246,0.00333,0.22113,120.05,backup,216.6788,-0.02068,54.49032,6.41146,14.18471,1.93972,0.06358,0.10057,0.10915,0.14272,0.0944,0.63217,0.63785,0.00542,0.00604,0.02664,0.02745,-0.0039,-0.00336
1322141876039465856,3900.52902,1.30938,4.86362,0.00447,-0.40261,0.0024,0.18172,154.78,backup,241.30821,31.27588,47.83899,10.11293,13.19782,1.85157,0.0161,0.09395,0.08974,0.10662,0.07441,0.17136,0.44367,-0.00072,0.02372,0.00217,0.0312,-0.00335,0.01691
1558532825859197696,3902.2177,1.8362,4.69961,0.00734,-0.23963,0.00358,0.20923,118.34,backup,204.26406,49.12488,66.30622,6.32983,14.07818,1.88856,0.02097,0.06281,0.04697,-0.0265,0.01657,0.33391,0.68567,-0.00529,0.01123,-0.02982,-0.03915,-0.01544,-0.00961
1222416931612159232,3902.48298,1.16409,4.66941,0.00569,-0.11911,0.00244,0.18583,148.55,backup,234.07742,26.15817,53.31308,8.6411,13.38941,1.9315,0.05551,0.15187,0.09591,0.13689,0.11171,0.36551,0.52404,-0.02045,-0.00525,-0.00547,0.01623,-0.01468,0.00303
4416329126027432192,3902.64035,1.59235,5.01649,0.00817,0.27608,0.00374,-0.00537,115.34,backup,233.34148,-0.24729,42.451,8.99987,13.40157,2.0401,0.13588,0.27136,0.25396,0.27839,0.28671,0.50073,0.45117,-0.00871,-0.0213,0.00352,-0.01028,0.00768,-0.00653
3653658279898882432,3903.22004,1.43937,4.96792,0.00545,-0.12938,0.00289,0.12004,138.82,backup,215.17635,-0.36831,55.12266,7.83844,13.67663,1.94011,0.05542,0.10578,,,0.11384,0.5239,0.56712,,,,,0.00422,0.00914
1551127374528439296,3903.50947,1.28644,5.14635,0.00524,0.0887,0.00271,0.06299,134.62,backup,201.15539,46.60311,69.45381,11.94157,12.66706,1.96127,0.02063,0.08004,0.11078,0.07506,0.05832,0.25771,0.46598,0.00792,0.031,-0.00128,0.01435,-0.0056,0.00655
1675906379317614592,3904.3026,1.11685,5.02294,0.00511,0.10309,0.00235,0.08816,148.09,backup,198.8444,62.21473,54.68875,8.51291,13.41513,1.98797,0.02177,0.06554,0.05111,,0.06189,0.33225,0.53553,-0.00479,0.0056,,,-0.00121,0.01137
1580387818483088512,3905.14761,1.32999,4.96553,0.00467,-0.32503,0.00233,0.16612,158.63,backup,194.07799,61.9086,55.21013,9.99151,13.18566,1.8727,0.02103,0.0628,0.12692,0.02265,0.05123,0.33489,0.48188,0.02147,0.04013,-0.01345,-0.01012,-0.00388,0.00366
2562993941155211392,3905.80156,1.83094,4.88385,0.0073,-0.18769,0.00363,0.08323,112.77,backup,19.39632,3.90151,-58.33448,8.34882,13.54269,1.86017,0.02602,0.10146,0.12327,0.16203,0.09241,0.25643,0.55761,0.00559,0.04272,0.01553,0.06433,-0.00232,0.02551
1508499824114581504,3905.97508,1.44155,4.77418,0.00516,-0.43721,0.00276,0.16953,143.21,backup,213.75839,49.50093,62.46175,10.81671,12.89365,1.81309,0.0219,0.07673,0.10294,0.09521,0.05847,0.28545,0.48097,0.00748,0.02761,0.00527,0.02389,-0.00521,0.00622
4034226501544592128,3906.5502,1.56048,4.70191,0.00638,-0.01451,0.00276,-0.01647,141.33,backup,178.53091,38.34408,73.57442,7.3675,13.46639,1.83288,0.02072,0.07523,,,0.05214,0.27535,0.64709,,,,,-0.00636,0.01302
1459994250179384576,3907.89057,1.11552,4.93413,0.00424,-0.32512,0.0024,0.15426,133.61,backup,198.7739,27.50423,84.73218,13.5902,12.38658,1.84237,0.01414,0.05927,,,0.03044,0.23866,0.44355,,,,,-0.00688,-0.00064
2501348516073966592,3908.02386,1.19818,4.69224,0.00471,-0.62948,0.00263,0.32955,138.32,backup,37.15146,0.90304,-53.50435,11.00035,12.94002,1.75307,0.02186,0.08844,0.09932,0.04344,0.084,0.24714,0.44269,0.00269,0.02211,-0.01112,-0.00263,-0.0011,0.01533
1055665101221047552,3908.28604,1.15241,4.92344,0.00455,-0.21187,0.00245,0.15754,174.46,backup,166.4012,64.71597,48.81665,11.03427,12.94823,1.90699,0.01475,0.07132,0.02881,,0.04547,0.20675,0.42054,-0.00879,-0.00263,,,-0.00534,0.00438
1320641940317063040,3909.53028,1.39384,4.88073,0.00543,-0.22888,0.00286,0.15135,139.28,backup,240.05555,30.87755,48.85444,7.72737,13.73194,1.9008,0.04496,0.09486,-0.02428,0.05839,0.07444,0.47393,0.54141,-0.05647,-0.0581,-0.01728,-0.01334,-0.00968,-0.00465
3566068400491817984,3909.67244,1.7526,4.83381,0.00692,-0.12182,0.00331,0.1332,123.6,backup,166.95972,-11.99079,43.50331,7.00777,13.8355,1.92057,0.02157,0.12827,,,,0.16817,0.54428,,,,,,
1269801003684673152,3910.07678,1.93167,4.8246,0.00695,-0.45093,0.0039,0.2056,112.99,backup,224.5034,28.80141,62.08257,8.17885,13.8575,1.85156,0.03935,0.07246,0.07883,0.04321,0.04508,0.54303,0.57865,0.00346,0.00627,-0.01588,-0.01435,-0.01487,-0.01326
4415193124357246976,3913.21975,2.23444,4.73407,0.00791,-0.55615,0.00435,0.20252,115.49,backup,229.49796,-1.49789,44.58591,7.90246,14.08707,1.94297,0.38915,0.45435,0.46084,0.51131,0.37833,0.85649,0.50867,0.00556,-0.15473,0.04878,-0.12906,-0.06511,-0.1967
1077439417180832256,3913.50792,1.58037,4.83247,0.00613,-0.30781,0.00321,0.15383,122.18,backup,160.57807,73.15634,40.87764,6.83927,13.90224,1.83637,0.01582,0.44688,0.56349,0.42353,0.2939,0.03541,0.53491,0.00413,0.28559,-0.00083,0.21073,-0.00542,0.14139
3661111388187276160,3914.44396,1.27594,4.97989,0.00619,0.18438,0.00299,-0.00707,146.12,backup,211.60443,1.2833,58.51562,8.41308,13.34572,1.94539,0.03316,0.09214,0.02664,0.10503,0.10723,0.35983,0.55555,-0.02357,-0.01835,0.00464,0.02519,0.00543,0.02641
1683454801520370432,3914.89093,1.4282,4.97706,0.00593,-0.18238,0.0032,0.15598,115.76,backup,183.3283,69.4338,47.32835,10.72309,13.02523,1.92078,0.0213,0.06191,0.08942,0.03215,0.04263,0.34414,0.4222,0.00947,0.01645,-0.01024,-0.00773,-0.00663,-0.00331
1681620403808384256,3914.99956,1.46044,4.72337,0.00684,-0.09325,0.00311,0.0069,128.19,backup,183.45703,67.10922,49.60607,4.36038,13.80007,1.80557,0.02412,0.06519,,,0.04352,0.36991,0.75274,,,,,-0.00802,0.00864
1688879379574963200,3916.19875,1.39202,4.82003,0.00572,-0.31152,0.00307,0.16413,135.76,backup,192.2269,69.99054,47.13615,9.70372,13.07197,1.83228,0.02175,0.06317,0.06126,-0.01082,0.04221,0.34433,0.45353,-0.00066,0.00603,-0.02548,-0.02666,-0.00722,-0.00261
1382631924854640512,3916.37068,1.40204,4.94598,0.00599,-0.0895,0.00294,0.12345,133.01,bright,239.0815,39.13495,49.9434,5.64459,14.50008,1.94149,0.03256,0.06497,0.08159,-0.03338,0.03709,0.50122,0.66203,0.00833,0.02145,-0.0493,-0.05467,-0.01397,-0.00801
3650873904140698112,3916.82182,1.45635,4.95398,0.00654,-0.09443,0.00325,0.12234,120.9,backup,224.38341,-0.45094,49.02826,11.79464,12.80344,1.92605,0.02188,0.1521,0.14694,0.14248,0.16795,0.14386,0.40078,-0.00074,0.03701,-0.00138,0.03522,0.00228,0.04543
1569698710036539264,3918.17322,1.16718,5.1227,0.00518,-0.02846,0.00281,0.09535,125.47,backup,193.89986,52.70934,64.40712,11.08061,12.8511,1.92545,0.02038,0.06325,0.07856,0.11703,0.03322,0.32222,0.47855,0.00493,0.01721,0.01733,0.03562,-0.00968,-0.00448
1077409970884910592,3918.44835,0.96705,4.69665,0.00418,-0.58596,0.00234,0.3254,146.36,backup,164.15216,73.31189,41.37127,9.92085,13.04125,1.75448,0.01513,0.38663,0.65013,0.49977,0.36825,0.03913,0.41314,0.01031,0.25346,0.00443,0.19135,-0.00072,0.13701
1154876986036875904,3918.75293,1.22423,5.01037,0.00617,0.10925,0.00318,0.01149,138.32,backup,225.65638,3.85604,50.99505,10.565,12.80235,1.91621,0.02883,0.12898,0.15247,0.17062,0.12941,0.22355,0.4448,0.00525,0.03899,0.00931,0.04706,0.0001,0.02873
3811639164299119232,3919.05941,1.21322,4.95304,0.00519,-0.20391,0.00281,0.14459,133.59,backup,167.88794,2.93569,56.00479,13.06181,12.49551,1.87802,0.01361,0.12163,0.10116,0.10152,0.10201,0.11187,0.39818,-0.00229,0.02667,-0.00225,0.02682,-0.0022,0.02701
3654553625961349120,3920.39243,1.59092,4.92093,0.00735,-0.05954,0.00342,0.12923,114.03,backup,216.29164,1.49214,55.91315,6.09653,14.27583,1.96684,0.06001,0.09523,0.08382,0.07044,0.08216,0.63012,0.66269,-0.00719,-0.00446,-0.01563,-0.01333,-0.00824,-0.00556
3574151322785355136,3920.44484,1.64572,4.87351,0.00677,-0.28338,0.00367,0.16318,117.88,backup,180.19241,-12.21321,48.7822,8.86623,13.40863,1.8602,0.01502,0.1421,,,,0.10568,0.49273,,,,,,
3653532351457867264,3920.54126,0.7682,4.84788,0.0033,-0.45465,0.00188,0.20129,180.16,backup,217.67039,0.85041,54.5398,11.93263,12.73833,1.81299,0.02133,0.0992,0.07593,0.0602,0.10526,0.21499,0.42078,-0.005,0.01062,-0.00839,0.004,0.0013,0.02296
3665049735758770688,3921.17322,1.37881,5.0206,0.0072,0.1599,0.00318,0.06088,112.9,backup,206.99054,2.61358,62.00052,10.2009,13.06762,1.9975,0.01813,0.05907,0.02889,0.11988,0.07228,0.30701,0.49965,-0.00927,-0.0037,0.01867,0.04176,0.00406,0.01798
1571008743780881408,3923.86924,0.93434,4.85334,0.00449,-0.41393,0.00271,0.16158,121.74,backup,187.97236,54.37661,62.51674,8.78719,12.93026,1.67906,0.0225,0.06332,,,0.04135,0.3553,0.55411,,,,,-0.0078,0.00042
1074104048657707264,3924.02563,1.28347,5.01681,0.00617,0.0041,0.00296,0.09309,129.83,backup,165.02042,72.27039,42.37521,7.62934,13.66344,1.93652,0.01426,0.13706,0.13093,0.07495,0.13005,0.10401,0.50674,-0.00064,0.05209,-0.00646,0.02373,-0.00073,0.05165
3649348121302935936,3924.16328,1.04686,5.09294,0.00586,0.2473,0.00254,0.05132,152.49,backup,217.12499,-2.61418,52.15902,10.49933,12.99809,2.03523,0.02667,0.14602,0.17254,0.12888,0.16702,0.18265,0.45214,0.00484,0.05134,-0.00313,0.0316,0.00384,0.04884
3647690405661320832,3924.65993,1.26762,4.84234,0.00578,-0.11919,0.0027,0.10549,146.67,backup,213.26393,-1.19712,55.53147,7.75161,13.55292,1.89443,0.05825,0.11964,0.12077,0.13912,0.15792,0.48685,0.57295,0.00055,0.01095,0.00948,0.02146,0.01864,0.03223
3701962574486648576,3924.66076,1.49932,4.9349,0.00695,-0.07339,0.00339,0.0995,114.85,backup,191.27319,0.16267,62.99135,8.95128,13.35024,1.9052,0.02297,0.06726,0.01789,0.05749,0.0514,0.34148,0.54899,-0.01686,-0.01315,-0.00333,0.0086,-0.00542,0.00525
3652567358205764736,3924.67127,1.24633,4.61665,0.00587,-0.52759,0.00291,0.32131,127.06,backup,217.34202,-1.56953,52.86106,7.77549,13.54468,1.77918,0.06807,0.11328,0.09601,0.11519,0.14016,0.60095,0.55965,-0.01038,-0.01434,0.00115,-0.00361,0.01615,0.01036
3585630602136484864,3924.68212,1.17613,4.95467,0.005,-0.26888,0.00282,0.16089,151.81,backup,176.85078,-12.0027,47.89747,12.38462,12.74323,1.86772,0.00903,0.08429,,,,0.10717,0.38076,,,,,,
1683609008026052224,3925.22742,1.387,5.04379,0.00652,-0.00873,0.00322,0.07547,112.07,backup,181.24969,69.54584,47.04468,10.96715,12.86253,1.90776,0.02117,0.06233,0.06624,0.01525,0.04099,0.33965,0.41367,0.00132,0.00623,-0.01599,-0.01486,-0.00725,-0.00421
1712874571584105216,3925.22854,1.32344,4.87904,0.00563,-0.38022,0.00319,0.19247,134.46,backup,199.09495,75.48238,41.54475,9.73415,13.26076,1.83917,0.01758,0.0669,0.0972,0.13074,0.06656,0.26274,0.42019,0.00796,0.02327,0.01677,0.03736,-9e-05,0.01039
1272888672854411392,3925.37062,0.95834,4.96168,0.00444,-0.1924,0.0024,0.12678,146.76,backup,234.92919,29.3259,53.06613,11.76204,12.69664,1.87186,0.01238,0.09113,0.11596,0.08242,0.05974,0.13588,0.41939,0.00337,0.03625,-0.00118,0.02218,-0.00427,0.01267
1285533778127437824,3926.60278,0.97658,5.08815,0.0048,0.02826,0.00245,0.08821,133.64,backup,216.3321,31.17638,69.14674,12.26311,12.54873,1.92771,0.01905,0.06989,0.03402,0.03689,0.04417,0.27253,0.45645,-0.00978,-0.00352,-0.00899,-0.00221,-0.00701,0.00111
1683211294054929920,3926.67925,1.2309,4.98201,0.00541,-0.12883,0.00276,0.15956,135.8,backup,186.89566,70.66294,46.33279,12.42878,12.70518,1.92656,0.02189,0.06537,0.09658,0.15324,0.05131,0.33495,0.37224,0.01045,0.01406,0.02943,0.03515,-0.00471,-0.00279
1278589709364139520,3926.7094,1.0005,4.67,0.00561,-0.55668,0.00317,0.09848,166.28,backup,230.47856,33.93572,57.07982,6.1871,13.04449,1.66286,0.04462,0.07817,0.07278,0.07007,0.06471,0.57079,0.66223,-0.00307,0.00358,-0.00462,0.00178,-0.00768,-0.00177
770246141941752576,3927.05412,0.97789,4.91791,0.00429,-0.32821,0.00238,0.15827,138.16,backup,171.415,39.93604,68.10636,12.79278,12.52685,1.82936,0.01372,0.06351,,,0.04836,0.21597,0.44024,,,,,-0.00327,0.00757
1277155877481974784,3928.7929,1.41639,5.07478,0.00648,-1.46061,0.01291,0.36288,113.59,backup,229.60796,31.61592,57.81333,11.96293,13.96605,1.71627,0.01544,0.07769,0.08216,0.06498,0.04461,0.19879,0.43219,0.00089,0.02007,-0.00253,0.01264,-0.00658,0.00384
763630002519646976,3928.86039,1.30049,4.81198,0.00588,-0.40117,0.00319,0.19423,113.5,backup,169.13363,37.57384,67.48958,8.05956,13.45693,1.79813,0.01539,0.05759,,,0.04685,0.26724,0.60028,,,,,-0.00287,0.01273
862484481633720704,3929.17798,1.17123,4.89784,0.00536,-0.32385,0.0029,0.15706,121.73,backup,172.539,61.07163,53.39808,9.89444,13.08609,1.87656,0.019,0.05815,0.05579,0.1442,0.02832,0.32671,0.47748,-0.00077,0.00764,0.02811,0.04985,-0.00975,-0.00548
1679643069585009536,3929.23387,1.32644,4.92302,0.00584,-0.18668,0.00296,0.15196,125.45,backup,193.33278,67.92855,49.1987,7.80737,13.62187,1.88766,0.02015,0.05768,0.0948,0.03589,0.05507,0.34927,0.5396,0.01297,0.03101,-0.00761,-0.00078,-0.00091,0.00957
1059652819440869376,3929.83239,1.4709,4.86838,0.00692,-0.12731,0.00326,0.15351,121.96,backup,162.15552,66.25184,46.51405,6.1581,14.09761,1.90378,0.01421,0.06674,0.1056,0.02435,0.03476,0.21291,0.61037,0.00827,0.05025,-0.00903,0.00065,-0.00681,0.007
1501805241410513024,3930.03564,0.89109,4.92221,0.00409,-0.23591,0.00222,0.11205,138.48,backup,203.76692,44.0804,70.90867,12.1391,12.50609,1.82285,0.01978,0.0653,0.21776,0.16889,0.05282,0.30289,0.46355,0.04618,0.08117,0.03138,0.05851,-0.00378,0.00471
3585157605978790400,3930.23859,1.28159,4.96877,0.00595,-0.13927,0.00305,0.12126,125.71,backup,173.82087,-13.58811,45.28599,8.86178,13.32973,1.88408,0.01289,0.09056,,,,0.14238,0.47351,,,,,,
5187138763381808128,3930.76217,1.49486,4.89839,0.00702,-0.07439,0.0032,0.08177,121.09,backup,43.83601,-2.67132,-51.58022,5.64177,14.20247,1.87595,0.02973,0.14629,0.09287,0.09992,0.13997,0.20321,0.67076,-0.01085,0.03257,-0.00942,0.03729,-0.00128,0.06416
1320656646285152384,3931.42156,1.01579,4.64674,0.00528,-0.274,0.00231,0.22357,145.83,backup,240.75245,31.01385,48.27829,7.47203,13.55922,1.82954,0.04608,0.09409,0.11032,0.08706,0.07269,0.48972,0.55028,0.00794,0.01462,-0.00345,0.00182,-0.01048,-0.00608
1492534606041808896,3931.49428,1.06991,4.90958,0.00506,-0.16513,0.00259,0.08082,127.25,backup,217.1454,42.96538,64.74359,9.54919,12.97997,1.83799,0.02616,0.0677,0.06602,-0.05917,0.02831,0.38631,0.53125,-0.00065,0.00892,-0.04901,-0.05759,-0.01522,-0.01112
1575486092567559296,3931.86114,1.07271,4.89839,0.00501,-0.16182,0.00248,0.13051,129.25,backup,180.94159,57.05214,58.89867,9.64791,12.98549,1.84619,0.0203,0.06309,0.11386,0.07689,0.04544,0.32182,0.50836,0.01634,0.03758,0.00444,0.01879,-0.00568,0.0028
1278916607914646528,3932.15306,0.92224,4.96487,0.00451,-0.05773,0.00227,0.06225,168.36,backup,230.6289,34.91467,56.91638,11.06726,12.71514,1.87081,0.02096,0.0739,0.08753,0.05566,0.04824,0.28364,0.45429,0.00386,0.0188,-0.00517,0.00433,-0.00728,0.00095
1558708679000520832,3932.32218,1.34584,4.86177,0.006,-0.25527,0.00303,0.14955,135.89,backup,204.96656,50.29198,65.05832,7.20037,13.73982,1.84688,0.02083,0.06044,0.05904,0.06213,0.03328,0.34462,0.63485,-0.00048,0.01665,0.00058,0.01862,-0.00936,0.0003
2510266203914633600,3932.50092,1.21732,4.74858,0.00578,-0.13616,0.00259,0.117,140.1,backup,24.93335,0.41418,-60.10974,7.93488,13.33208,1.92689,0.02452,0.10141,,,0.11198,0.24179,0.58276,,,,,0.00256,0.04074
3647256029848824960,3932.56024,1.52382,4.8752,0.00718,-0.17033,0.00342,0.11486,121.59,backup,212.88148,-1.92414,55.12652,6.50405,14.04858,1.89192,0.10492,0.14539,0.1337,0.16222,0.18995,0.72163,0.63546,-0.00843,-0.01995,0.01215,-0.00183,0.03216,0.01579
1056007564733448704,3932.99106,1.34051,4.58035,0.0071,-0.18532,0.00293,0.19038,128.68,backup,167.84746,65.60786,48.44858,6.69547,13.86609,1.86097,0.01506,0.06114,0.05922,0.04514,0.03443,0.24635,0.59105,-0.00047,0.01994,-0.00394,0.01162,-0.00658,0.00529
3652939371093052928,3934.96025,1.34467,4.84002,0.0065,-0.15036,0.00295,0.13795,128.45,backup,216.1763,-0.55047,54.37871,6.73766,13.94508,1.90644,0.06721,0.10525,0.10766,0.09662,0.13369,0.63858,0.61909,0.00153,-0.00056,-0.00551,-0.0074,0.01816,0.01555
856321822039383680,3935.01726,1.08242,4.96822,0.00514,-0.27895,0.00288,0.16717,120.38,backup,168.20227,56.39931,55.83342,10.04163,12.98457,1.83419,0.01865,0.0503,,,0.02205,0.37084,0.48273,,,,,-0.01048,-0.00801
1275416381368605568,3935.13063,0.92284,4.50848,0.00501,-0.38061,0.00224,0.12908,143.46,backup,228.67411,29.8881,58.53266,6.69239,13.18197,1.6936,0.06659,0.09705,0.11887,0.10801,0.06984,0.68619,0.63926,0.01497,0.0094,0.00752,0.00245,-0.01867,-0.02195
770219547503795456,3935.60121,0.94107,4.96704,0.0045,-0.36939,0.00267,0.17555,124.58,backup,171.24855,39.72452,68.09657,12.18487,12.65049,1.82374,0.01387,0.06318,,,0.06049,0.21947,0.45619,,,,,-0.00059,0.01373
1491770166285968128,3936.05019,1.22828,4.8592,0.00556,-0.44781,0.00314,0.16945,117.78,backup,217.17533,42.58102,64.92,7.93585,13.53688,1.78311,0.02821,0.06795,0.08043,-0.00444,0.03411,0.41522,0.5987,0.00518,0.01994,-0.03006,-0.03087,-0.01405,-0.00779
1558585018301752704,3936.93169,1.58614,4.90316,0.00744,-0.21112,0.00381,0.11595,113.74,backup,204.27481,49.70735,65.77833,5.86715,14.18928,1.84014,0.02125,0.06135,0.04317,-0.05619,0.02556,0.3464,0.71162,-0.0063,0.00947,-0.04071,-0.06124,-0.0124,-0.00306
1685526281427074304,3937.06231,0.94853,4.83042,0.00433,-0.54777,0.00257,0.1947,140.51,backup,197.49654,68.60364,48.43275,11.22257,12.85794,1.76095,0.02042,0.0605,0.06395,0.03602,0.05368,0.33744,0.41336,0.00116,0.00602,-0.00826,-0.00553,-0.0023,0.00177
4419116181845267328,3938.17508,1.25347,4.77718,0.00601,-0.21938,0.00286,0.11806,135.83,backup,228.96768,0.73737,46.45511,6.84597,13.72842,1.84384,0.10755,0.15311,0.17444,0.2157,0.14016,0.70241,0.57131,0.01498,-0.00789,0.04396,0.01568,-0.0091,-0.02748
760091499223601920,3938.39643,1.07921,4.83494,0.00554,-0.06495,0.00261,0.05148,119.94,backup,170.20898,35.13585,69.08538,5.19456,13.20803,1.8272,0.02382,0.0702,,,0.05823,0.33937,0.76274,,,,,-0.00406,0.02059
1685857371866119168,3938.56899,1.47238,4.64584,0.00708,-0.50989,0.00355,0.29686,112.75,backup,193.22473,69.66959,47.45813,7.95299,13.45962,1.75259,0.02168,0.06187,0.08494,,0.03323,0.35049,0.52343,0.00809,0.02277,,,-0.01004,-0.00429
3643301189602952704,3939.22499,0.87923,4.84645,0.00486,-0.02647,0.00212,0.15024,159.88,backup,216.63432,-3.14706,52.01757,10.61793,12.79734,1.93066,0.02615,0.17465,0.18971,0.22731,0.19634,0.14975,0.44781,0.00225,0.0588,0.00789,0.07564,0.00325,0.06177
4025361448527239040,3939.57763,1.25411,4.72783,0.00796,0.10612,0.00291,0.11613,117.84,backup,173.46859,33.17608,72.20938,6.11793,13.99184,1.96213,0.02352,0.07718,0.09889,,0.06741,0.30471,0.71209,0.00661,0.0469,,,-0.00298,0.02448
1181404941735789952,3939.76238,1.16091,4.86593,0.00533,-0.59602,0.00323,0.16769,112.65,backup,223.08108,11.96992,57.87333,9.33482,13.28665,1.75904,0.02829,0.08536,0.08683,0.06531,0.08031,0.3314,0.51605,0.00049,0.01652,-0.00664,0.00542,-0.00167,0.01316
1491697637174940160,3939.91706,0.85853,4.90133,0.00419,-0.46637,0.00253,0.16049,133.88,backup,217.78092,42.19962,64.71734,11.46535,12.74182,1.77339,0.02572,0.07003,0.0753,0.00068,0.03669,0.36732,0.4679,0.00193,0.00951,-0.02548,-0.02541,-0.01225,-0.00856
3658382430391895040,3940.06211,1.35279,4.75235,0.00669,-0.29636,0.00332,0.10525,114.23,backup,206.4792,-2.29686,57.7784,8.60855,13.14425,1.7932,0.02465,0.13202,0.10541,0.1605,0.15129,0.18671,0.54442,-0.00497,0.03274,0.00532,0.06273,0.0036,0.05771
851001353992057216,3940.56557,1.43344,4.88822,0.00791,0.1833,0.00337,-0.0287,112.35,backup,160.92147,56.06922,53.1221,6.83662,13.76509,1.89935,0.01507,0.04766,0.04852,-0.04,0.01656,0.31622,0.60782,0.00027,0.01442,-0.02772,-0.03939,-0.00983,-0.005
714611540771854080,3940.71895,1.35138,4.99295,0.00639,-0.14224,0.00332,0.11225,118.94,backup,139.70882,35.79415,44.39656,9.40798,13.16043,1.87199,0.02598,0.07606,0.06682,0.02307,0.05121,0.34163,0.44839,-0.00316,0.00398,-0.0181,-0.01564,-0.00849,-0.00302
1322197611831602816,3941.80121,1.07053,4.99066,0.00617,0.29275,0.00281,-0.04415,126.31,backup,241.28318,31.62116,47.90185,7.09145,13.63976,1.92582,0.0494,0.09456,0.06335,0.08161,0.07298,0.52243,0.56702,-0.01631,-0.01348,-0.00677,-0.00313,-0.01127,-0.00802
1580163896068393472,3941.84095,1.44142,4.90091,0.0073,0.02075,0.00306,0.08303,121.82,backup,189.55252,61.47918,55.57728,6.23269,14.00447,1.91516,0.02142,0.05714,0.07517,0.00761,0.03974,0.37482,0.65312,0.00676,0.02768,-0.01857,-0.01645,-0.00653,0.00453
1519116085620872064,3941.87645,1.04269,4.91116,0.0053,-0.12054,0.00271,0.05794,127.56,backup,187.65687,36.17012,79.93624,11.28258,12.58415,1.81822,0.01951,0.06501,0.13174,0.00463,0.03485,0.30008,0.50249,0.02003,0.04669,-0.01812,-0.01718,-0.00905,-0.002
4419094569569713792,3942.48314,1.44932,4.71221,0.00664,-0.44833,0.00336,0.14687,124.82,backup,228.82551,0.52,46.4218,5.71565,14.03446,1.79354,0.12089,0.16046,0.1592,0.16183,0.14162,0.75342,0.63722,-0.00095,-0.01945,0.00103,-0.01777,-0.0142,-0.03065
3685319095178095104,3942.64625,1.33319,4.96676,0.00742,0.1221,0.00318,0.06373,114.2,backup,196.27279,-2.27515,60.41301,9.82424,13.02115,1.93672,0.01674,0.06676,,,0.06466,0.25074,0.50744,,,,,-0.00053,0.01607
3962701036774886272,3943.12058,1.2065,4.99869,0.00632,0.05265,0.00308,0.03137,117.44,backup,190.71782,28.06627,87.88292,8.90123,13.09109,1.85841,0.01768,0.06774,0.04049,0.01008,0.0348,0.26105,0.59267,-0.00712,0.00631,-0.01505,-0.01171,-0.0086,0.00294
1294481088359001856,3943.12681,0.90532,5.00223,0.00467,0.00164,0.00237,0.06012,142.67,backup,223.15958,37.59564,62.5022,11.08132,12.57283,1.85619,0.02104,0.06278,0.06516,-0.02027,0.02717,0.33517,0.47291,0.0008,0.00977,-0.02784,-0.03063,-0.01194,-0.00819
858504009023083008,3944.01677,0.87996,4.8399,0.00406,-0.61418,0.00241,0.14476,140.94,backup,175.88597,59.12016,55.9169,14.10306,12.30984,1.72448,0.01937,0.06956,0.10144,,0.03365,0.27843,0.37488,0.00888,0.01866,,,-0.01,-0.00675
2485652712709485056,3944.09581,0.84946,4.6381,0.00466,-0.40329,0.00229,0.08338,159.09,backup,23.02281,-1.05261,-62.1596,7.83859,13.22364,1.74075,0.02284,0.08168,0.0686,0.05028,0.08317,0.27959,0.59443,-0.00366,0.01794,-0.00878,0.00705,0.00042,0.0266
1552533168863326080,3944.65186,1.09047,4.74499,0.00534,-0.28779,0.00254,0.17628,145.48,backup,203.88579,48.92695,66.59207,7.91573,13.38508,1.79864,0.01993,0.06364,0.11786,,0.01517,0.31315,0.60445,0.01698,0.05131,,,-0.01518,-0.01076
3680961009043443072,3946.74721,1.23307,4.94546,0.00584,-0.11327,0.00286,0.12328,131.92,backup,186.39113,-4.57462,57.68666,9.86306,13.05792,1.88407,0.02063,0.09967,0.0757,0.07972,0.1261,0.20694,0.49616,-0.00496,0.01693,-0.00413,0.01892,0.00547,0.04194
1493015500644304384,3947.03814,0.96716,4.98667,0.005,-0.06007,0.00254,0.05622,128.82,backup,218.97528,42.36071,63.86102,11.6707,12.47301,1.83505,0.02695,0.0727,0.06188,0.02504,0.04141,0.37071,0.45956,-0.00401,0.00149,-0.01767,-0.01545,-0.0116,-0.00792
1320090569596186112,3947.3851,0.69629,4.63657,0.00354,-0.79671,0.00196,0.32391,177.9,backup,239.02295,29.57576,49.5661,10.17401,12.84008,1.65663,0.01804,0.12346,0.16242,0.13676,0.11107,0.14612,0.45037,0.00569,0.05511,0.00194,0.04355,-0.00181,0.03198
3794878350780497792,3947.42564,1.51328,4.85101,0.00714,-0.20135,0.00351,0.10645,113.05,backup,178.48574,-0.71434,58.91218,8.1832,13.39271,1.82398,0.0217,0.08435,0.07965,0.01953,0.0622,0.25728,0.56708,-0.00121,0.02347,-0.01668,-0.01063,-0.0057,0.01357
3793406482667528960,3948.05991,1.25679,4.60678,0.00634,-0.47312,0.00299,0.24789,122.91,backup,173.70903,-2.24965,55.30457,9.54164,12.89587,1.71572,0.0133,0.09433,0.08672,0.01334,0.0695,0.14097,0.4981,-0.00107,0.0299,-0.01142,-0.00665,-0.0035,0.02132
1187470466349735808,3948.08101,1.06816,4.68627,0.0055,-0.30925,0.0025,0.19935,119.66,backup,227.46159,17.14873,56.55792,7.54803,13.33788,1.74929,0.02698,0.06514,0.09084,0.06913,0.06528,0.41418,0.58704,0.01064,0.02635,0.00165,0.0136,6e-05,0.01134
1320898504483771136,3948.45973,0.86668,4.9078,0.00435,-0.15526,0.00224,0.07401,141.03,backup,238.01539,29.87176,50.47325,10.84626,12.62837,1.80331,0.01491,0.10804,0.13255,0.11402,0.07893,0.13803,0.43386,0.00338,0.0426,0.00082,0.03455,-0.00402,0.01933
1290360084418594816,3948.46263,1.51873,4.61267,0.00776,-0.25102,0.00328,0.19456,117.64,backup,227.496,33.46933,59.57668,5.80615,13.99991,1.80217,0.04182,0.07391,0.03892,-0.03021,0.04609,0.56583,0.69521,-0.0198,-0.01476,-0.05892,-0.06282,-0.01574,-0.00978
2510017512424031104,3948.54588,1.07763,4.744,0.00644,0.08012,0.00236,0.08474,149.07,backup,22.87182,0.25039,-60.97792,8.67768,13.18375,1.92408,0.01998,0.07499,0.07449,0.14333,0.06748,0.2665,0.55342,-0.00013,0.02124,0.01821,0.05934,-0.002,0.01736
858494353936542976,3949.0842,1.33853,4.83375,0.0064,-0.21722,0.00297,0.13248,112.37,backup,174.98439,60.16853,54.77728,9.5133,13.00076,1.81349,0.0201,0.07054,,,0.03794,0.28494,0.4969,,,,,-0.00929,-0.00125
759189349933079296,3949.3585,1.11362,4.91081,0.00552,-0.17835,0.0028,0.0778,116.46,backup,171.43626,34.31695,70.27984,8.2369,13.26184,1.80227,0.02105,0.07419,,,0.06524,0.28367,0.59919,,,,,-0.00254,0.01804
1550559545492105984,3949.4716,0.80201,4.73383,0.00413,-0.25965,0.00192,0.16611,153.95,backup,200.47901,44.94573,71.1689,11.71268,12.36147,1.75483,0.02173,0.07769,0.0518,0.03732,0.0742,0.2797,0.4761,-0.00724,0.00293,-0.01129,-0.00396,-0.00098,0.0136
1506618559719567872,3949.90442,1.26918,4.83203,0.00593,-0.25289,0.00286,0.12504,124.48,backup,216.24452,46.2194,63.43378,8.27629,13.32291,1.80885,0.02552,0.06895,0.05354,0.04876,0.0384,0.37005,0.57876,-0.0057,0.00547,-0.00747,0.0027,-0.0113,-0.00329
1486183792520140544,3950.00232,1.01445,4.85256,0.00476,-0.40597,0.00265,0.12692,144.78,backup,213.64702,41.56418,67.68024,9.60089,13.02487,1.75496,0.02282,0.0616,0.07136,0.02126,0.026,0.37046,0.53737,0.00362,0.01553,-0.01495,-0.0114,-0.01319,-0.00885
1556048548055444608,3950.51286,1.14721,4.87292,0.00557,-0.28759,0.00292,0.09532,121.52,backup,199.05317,48.88906,67.71723,8.55336,13.26429,1.78262,0.02011,0.0606,0.03077,0.01099,0.0287,0.33187,0.57914,-0.0099,-0.00229,-0.01646,-0.01375,-0.01059,-0.00349
1060665985046640256,3950.55447,0.98672,4.97334,0.00485,-0.2907,0.00273,0.13692,119.18,backup,170.89095,67.40811,47.56727,12.32139,12.47937,1.80439,0.01644,0.06038,0.04404,-0.02726,0.03426,0.27229,0.38073,-0.00445,0.00033,-0.02386,-0.02682,-0.00711,-0.0034
3690454742192749312,3951.2508,1.43221,4.61193,0.00655,-0.81405,0.00359,0.31853,112.41,backup,193.67109,0.95216,63.81232,7.52542,13.67847,1.67362,0.02978,0.06774,0.0481,0.08846,0.05088,0.43967,0.61478,-0.00864,-0.00022,0.00911,0.0246,-0.00742,0.00149
1173011991523689600,3952.06605,1.09532,4.98085,0.00559,-0.0139,0.00286,0.04324,126.08,backup,218.67824,8.42716,59.24048,8.79932,13.0797,1.84122,0.03296,0.08242,0.12784,0.08385,0.06573,0.39991,0.54217,0.01816,0.03635,0.00057,0.0125,-0.00667,0.00268
2559101188956528128,3952.41213,1.22859,4.81408,0.00573,-0.32994,0.0028,0.16338,131.35,backup,23.59992,2.79018,-58.33845,7.75843,13.51578,1.79343,0.02427,0.10521,,0.00552,0.06806,0.23064,0.58425,,,-0.02299,-0.02104,-0.00857,0.0155
1059734221956635648,3952.79169,1.49583,4.87512,0.00676,-0.33843,0.00352,0.147,121.06,backup,162.75994,66.91287,46.16983,6.42844,13.9881,1.7961,0.01425,0.06776,0.06153,0.02628,0.03986,0.2103,0.59252,-0.00131,0.02221,-0.00872,0.00132,-0.00587,0.00937
1270291042278444032,3953.02043,0.96038,4.74262,0.00465,-0.55646,0.00252,0.12111,160.02,backup,231.46224,26.47764,55.67608,9.1402,13.08708,1.71148,0.05057,0.13632,0.15303,0.12076,0.09174,0.37098,0.51463,0.0062,0.02818,-0.00577,0.01158,-0.01654,-0.00336
1321695925291987712,3953.24263,1.03336,4.83511,0.00544,0.10635,0.00236,-0.02028,145.57,backup,239.09291,31.93823,49.78686,8.02308,13.29298,1.85459,0.05,0.09524,0.1199,0.11505,0.06946,0.52493,0.53301,0.01294,0.01391,0.0104,0.01133,-0.01354,-0.01297
1665723316805616384,3953.39755,0.99245,4.65653,0.00547,-0.39368,0.00266,0.07292,121.38,backup,200.91545,64.27506,52.49298,8.97099,12.58829,1.61057,0.02144,0.06375,0.11499,0.08326,0.07205,0.33638,0.50708,0.01724,0.03686,0.00656,0.02077,0.00279,0.01509
2564327816262854656,3953.55563,1.25693,4.8515,0.00672,0.16055,0.00298,-0.05715,123.4,backup,19.27377,5.36245,-56.92236,8.06836,13.20775,1.82674,0.02408,0.11609,,,0.0867,0.20743,0.56431,,,,,-0.0061,0.02484
1583044204216279808,3954.29217,0.72432,4.96556,0.00361,-0.10798,0.00184,0.07305,176.59,backup,188.46911,60.95435,56.04362,12.31221,12.38649,1.81807,0.02084,0.05849,0.06059,0.04386,0.04446,0.35636,0.41664,0.00075,0.0044,-0.00521,-0.00257,-0.005,-0.00232
856971118015769984,3954.43964,1.08862,4.8775,0.00534,-0.16272,0.00258,0.10107,124.42,backup,166.30132,57.02316,54.66906,9.79131,12.88139,1.80815,0.01785,0.05021,0.09664,0.11459,0.02403,0.35552,0.48653,0.01651,0.02917,0.02289,0.0379,-0.00931,-0.00616
3646576222425324032,3954.60777,1.07527,4.92113,0.00537,-0.03183,0.00237,0.09646,160.7,backup,214.69642,-2.21642,53.88885,8.42024,13.34244,1.91927,0.06219,0.1375,0.1361,0.12956,0.16499,0.45225,0.53585,-0.00064,0.01074,-0.00359,0.00724,0.01243,0.02622
844660814032075520,3954.66225,1.33973,4.83928,0.00613,-0.38865,0.00321,0.09702,112.19,backup,174.51831,55.94057,58.30774,7.52077,13.52224,1.74516,0.02044,0.05324,0.0703,0.0581,0.03872,0.38395,0.5955,0.00655,0.02142,0.00187,0.01416,-0.00557,0.00262
1692089060175486848,3955.61468,1.09828,4.8797,0.00522,-0.23406,0.00265,0.12912,145.09,backup,193.60241,75.45203,41.67477,9.79215,12.98038,1.81734,0.01694,0.07034,0.05335,,0.06964,0.24085,0.41912,-0.00409,0.00542,,,-0.00017,0.01225
3660004248697634048,3956.52062,1.62651,4.75655,0.00762,-0.28606,0.00374,0.09545,112.81,backup,212.96466,0.29308,56.93757,6.14017,13.95363,1.77942,0.0583,0.09673,0.10511,0.10437,0.11973,0.60269,0.66443,0.00505,0.01154,0.0046,0.01105,0.01386,0.02126
1558573198551795584,3957.10521,1.64876,4.73481,0.00762,-0.33062,0.00357,0.13146,116.73,backup,204.90842,49.63437,65.66338,4.19589,14.07739,1.77561,0.0233,0.0615,0.0418,0.03971,0.02756,0.37885,0.82399,-0.00746,0.01114,-0.00826,0.00942,-0.01286,-0.00059
1253344063395728768,3957.47923,1.01026,4.81118,0.00479,-0.45781,0.0026,0.08835,127.33,backup,212.60104,21.90527,71.31894,10.6099,12.74143,1.71177,0.02433,0.09743,0.0252,0.19171,0.07985,0.24973,0.51046,-0.01804,-0.01147,0.02354,0.07353,-0.00439,0.01643
1532654269214229888,3957.73053,1.19069,4.83753,0.00538,-0.39819,0.0028,0.11234,135.57,backup,183.28018,38.32967,76.2195,7.70663,13.45375,1.73629,0.02154,0.07452,0.04783,0.07713,0.04079,0.28906,0.63512,-0.00772,0.00884,0.00075,0.02744,-0.00975,0.00436
858416838366817536,3957.99972,1.05682,4.81837,0.0049,-0.3773,0.00248,0.09179,131.35,backup,174.65025,59.69161,55.11531,11.01451,12.52734,1.7355,0.02015,0.06248,0.07254,-0.06368,0.03583,0.32254,0.44888,0.00324,0.01241,-0.04069,-0.04874,-0.0086,-0.00407
3653708445117081856,3958.55855,0.88997,4.93877,0.00511,0.22912,0.00242,-0.0159,165.44,backup,215.59907,-0.31122,54.91711,8.08044,13.28495,1.90999,0.05248,0.10425,0.0831,0.06847,0.1034,0.5034,0.55522,-0.01064,-0.00634,-0.01801,-0.01446,-0.00043,0.00493
796311954865365888,3959.16924,1.22525,4.81435,0.00552,-0.51408,0.003,0.08225,115.83,backup,146.77735,35.22966,50.11131,10.27507,12.80781,1.69023,0.01392,0.04619,,,0.02909,0.30141,0.44976,,,,,-0.00516,-0.00084
3589992158604550272,3959.34266,1.59488,4.52563,0.00686,-1.05749,0.00401,0.4211,125.47,backup,173.16529,-10.11195,48.14657,6.92893,13.8966,1.64731,0.02627,0.08273,,,,0.31758,0.57683,,,,,,
1535835744764814592,3959.3648,1.26933,4.77839,0.00555,-0.6287,0.00305,0.14237,128.28,backup,182.89973,39.62968,75.00768,8.32257,13.41652,1.69912,0.01885,0.07067,0.05103,0.13803,0.06519,0.26677,0.60486,-0.00524,0.01202,0.01797,0.06464,-0.00146,0.02058
1574149567464595456,3959.65664,1.21432,4.8899,0.00576,-0.20589,0.00284,0.10873,113.04,backup,187.62199,55.2045,61.66669,8.74897,13.15236,1.79748,0.02143,0.06078,0.09254,0.06525,0.035,0.35261,0.55285,0.0112,0.02973,0.00158,0.01464,-0.00909,-0.00208
4024866801438546688,3960.66053,0.71918,4.74116,0.00339,-0.52474,0.00182,0.21761,166.89,backup,175.3115,32.77272,73.80704,11.25051,12.37416,1.65432,0.01916,0.0775,0.10812,-0.02597,0.05883,0.24728,0.49483,0.00757,0.03434,-0.02559,-0.03202,-0.00462,0.00995
1052189716764450432,3960.665,1.29377,4.91807,0.00622,-0.0913,0.00283,0.09232,128.28,backup,157.38415,62.45828,47.68384,7.00396,13.67126,1.84401,0.01473,0.0535,,,0.0303,0.27531,0.57027,,,,,-0.00639,0.00255
2485630271505076480,3960.97645,1.43126,4.8375,0.00676,-0.20959,0.00321,0.10344,124.89,backup,23.63719,-1.02681,-61.92347,6.48276,13.86933,1.82163,0.02283,0.07902,0.04324,0.08879,0.09457,0.28894,0.66339,-0.01034,0.00586,0.00282,0.03607,0.0045,0.03991
770397015552465408,3961.13663,1.05685,4.91265,0.0051,-0.24067,0.00278,0.05314,121.56,backup,170.85299,39.46099,67.95067,10.07912,12.72073,1.7439,0.01441,0.06177,0.10324,0.02832,0.06587,0.2332,0.52081,0.00967,0.03937,-0.0078,0.00035,0.00095,0.0199
1271377325407318016,3961.85487,1.53155,4.84801,0.00712,-0.22625,0.00345,0.09506,117.23,backup,229.4311,27.38015,57.60694,5.9418,14.03227,1.81046,0.09487,0.12575,0.15269,0.15126,0.10037,0.75445,0.67918,0.02032,0.00883,0.01925,0.00786,-0.01915,-0.0267
1680517937243257088,3961.93345,1.66507,4.86364,0.00756,-0.2641,0.00367,0.1492,114.9,backup,189.28009,65.92452,51.13901,6.67277,13.91085,1.82607,0.02089,0.05906,0.133,0.01758,0.07773,0.35377,0.60684,0.02616,0.05981,-0.01467,-0.01023,0.0066,0.02627
864605199045018112,3962.04661,1.26948,4.77556,0.0062,-0.17935,0.00267,0.13566,124.45,backup,178.89035,65.6662,50.47529,9.12288,13.05326,1.81243,0.02012,0.06795,0.10534,,0.05115,0.29609,0.49156,0.01107,0.03166,,,-0.00497,0.00502
2508976103113831680,3963.71934,1.44657,4.66553,0.00661,-0.50782,0.00317,0.17476,126.19,backup,25.75308,-0.61296,-60.73599,7.80022,13.51135,1.71571,0.02544,0.09489,0.0678,0.06937,0.07995,0.26811,0.59128,-0.00726,0.01465,-0.00684,0.01558,-0.004,0.02183
3587513103482498432,3964.34662,1.5663,4.63799,0.00741,-0.33224,0.0033,0.1083,116.47,backup,176.69287,-10.60921,49.1331,5.38445,13.81176,1.74667,0.0367,0.06935,,,,0.52918,0.67489,,,,,,
3653279979178882944,3964.36199,0.96273,4.79837,0.00426,-0.37345,0.00215,0.10937,163.41,backup,217.47459,-0.22481,53.83454,9.42117,13.05382,1.75179,0.03879,0.10438,0.11225,0.15136,0.11535,0.37162,0.49618,0.00292,0.01691,0.01746,0.03631,0.00408,0.01844
1484889598614844416,3964.49255,1.35599,4.80989,0.00587,-0.44686,0.00312,0.1622,116.98,backup,214.51706,38.88034,68.45497,10.00466,12.90159,1.73602,0.02287,0.06239,0.03947,,0.03128,0.36653,0.52468,-0.0084,-0.00216,,,-0.0114,-0.00646
3689974977166085504,3964.60702,1.18273,4.84826,0.0053,-0.35356,0.00272,0.1256,136.57,backup,192.08992,0.29769,63.15925,10.90644,12.73703,1.76117,0.02085,0.0687,0.03476,0.0388,0.05758,0.30353,0.48029,-0.0103,-0.00416,-0.00908,-0.00222,-0.00338,0.0068
4025685598299288064,3964.64326,1.31781,4.85192,0.00574,-0.43184,0.003,0.10858,130.68,backup,174.4866,33.39548,72.96914,6.98975,13.72689,1.74,0.02204,0.07733,0.05448,0.01853,0.06525,0.28506,0.66524,-0.00651,0.0142,-0.01676,-0.00972,-0.00344,0.02137
1505416690431256448,3964.97113,1.44932,4.90398,0.00646,-0.23168,0.00325,0.13048,121.68,backup,211.25311,44.0592,67.51531,7.53359,13.54504,1.80738,0.02225,0.05951,0.03374,0.01654,0.02018,0.37388,0.62513,-0.00963,-0.00116,-0.01606,-0.01191,-0.0147,-0.00963
1277497104043833984,3965.16501,1.4035,4.87133,0.00639,-0.16741,0.0029,0.0827,122.76,backup,232.49324,32.45982,55.39229,8.46635,13.26584,1.80921,0.03977,0.08215,0.07861,0.0646,0.06276,0.48412,0.54055,-0.00172,0.00272,-0.0085,-0.00485,-0.00939,-0.00585
3729585364592937088,3965.34437,1.49524,4.62203,0.00633,-0.43884,0.0028,0.2307,113.97,backup,198.64885,6.45773,68.60931,8.07999,13.25308,1.70865,0.04275,0.08858,0.09619,0.07424,0.09661,0.48267,0.60224,0.00367,0.01517,-0.00692,0.00195,0.00388,0.01543
1557787563133611392,3966.2023,1.28812,4.7638,0.00543,-0.53948,0.00282,0.12845,127.17,backup,196.09767,52.34806,64.66372,9.11582,13.09189,1.68562,0.02156,0.06577,0.00085,0.0517,0.03225,0.32787,0.5476,-0.02128,-0.0211,-0.00461,0.00675,-0.01099,-0.0039
3666553386629253888,3966.5325,1.27574,4.69353,0.00617,-0.13451,0.00244,0.12324,134.7,backup,215.37699,1.87246,56.78258,6.18445,13.85168,1.82073,0.06028,0.09633,0.08996,0.15943,0.10496,0.62574,0.66115,-0.00399,-0.0008,0.03949,0.04513,0.0054,0.00911
4003623588250932352,3967.03608,0.95433,4.8369,0.00415,-0.29605,0.00207,0.08677,155.06,backup,183.24595,26.75966,81.42418,12.21798,12.29572,1.73193,0.01565,0.07469,0.05614,0.00548,0.05726,0.20959,0.47662,-0.00389,0.0111,-0.01451,-0.01304,-0.00365,0.01164
1281726512957770880,3967.53722,1.47172,4.86929,0.00695,-0.06288,0.00303,0.05773,116.06,backup,222.2278,29.17828,64.09201,7.01051,13.65208,1.83428,0.04357,0.07497,,,0.04496,0.58119,0.64173,,,,,-0.01744,-0.01472
3649576063807262848,3967.5642,1.17109,4.8389,0.00521,-0.16752,0.00242,0.0609,139.9,backup,217.9628,-1.61256,52.44539,8.87257,13.05276,1.78561,0.05258,0.11046,0.10787,0.1324,0.12333,0.47605,0.51071,-0.00123,0.00251,0.01045,0.01504,0.00613,0.0104
2559046969289407744,3967.60409,1.56822,4.77521,0.00657,-0.34489,0.00307,0.12722,118.06,backup,24.11536,2.79346,-58.16922,6.70477,13.72022,1.72466,0.02855,0.13271,0.13776,0.11085,0.10651,0.21513,0.63714,0.00109,0.05922,-0.0047,0.04208,-0.00564,0.03931
1677042106109772928,3968.61807,1.01049,4.87714,0.0043,-0.37176,0.00227,0.11282,153.51,backup,194.82113,63.84826,53.25797,9.00836,13.07933,1.73496,0.02044,0.05885,,,0.03488,0.34733,0.50916,,,,,-0.00833,-0.00268
1052555682337525504,3968.83712,1.64679,4.68412,0.00728,-0.26985,0.00296,0.12552,117.8,backup,156.67437,63.8689,46.53086,5.33302,14.12878,1.76955,0.01345,0.05624,,,0.02773,0.2391,0.66334,,,,,-0.00682,0.00495
1178731234399052032,3969.02233,1.43213,4.64227,0.00572,-0.47974,0.00256,0.17875,113.52,backup,220.92527,12.58873,59.9782,7.9105,13.19915,1.67379,0.03026,0.06915,0.07068,0.06995,0.06631,0.43763,0.5834,0.00067,0.01097,0.00035,0.01055,-0.00124,0.00842
1484638600725753344,3969.13241,1.22922,4.88172,0.00708,0.33069,0.00293,-0.06572,117.66,backup,215.1853,38.61398,68.10143,10.27053,12.70386,1.88043,0.02327,0.06377,,,0.02726,0.36492,0.51457,,,,,-0.01332,-0.00924
3647630928954224000,3969.68696,1.90078,4.69068,0.00779,-0.4967,0.00364,0.15167,119.64,backup,214.33024,-0.77434,55.28439,5.46322,14.23616,1.73032,0.07395,0.10966,0.10865,0.14113,0.13125,0.67431,0.69991,-0.00068,0.0021,0.02122,0.02483,0.01455,0.01791
1716106276776405632,3969.72645,1.66976,4.86845,0.009,0.16239,0.00339,0.02866,114.55,backup,195.23574,76.83644,40.27872,6.60965,13.69219,1.90521,0.01896,0.09766,0.09791,,0.09013,0.19413,0.54274,5e-05,0.03418,,,-0.00146,0.02996
1223885123231917312,3969.78251,1.63143,4.59611,0.0068,-0.428,0.00286,0.2428,117.38,backup,234.72831,26.42714,52.79098,5.7787,14.02394,1.74358,0.10713,0.14695,0.1666,0.13442,0.10625,0.72902,0.66799,0.01433,0.00416,-0.00913,-0.01733,-0.02967,-0.03615
1570690469524312704,3969.79482,1.45457,4.83943,0.00648,-0.16604,0.00308,0.02427,114.29,backup,190.35424,53.65801,63.40565,5.05011,13.44091,1.75911,0.02364,0.06308,0.09629,-0.02996,0.04745,0.37471,0.75744,0.01245,0.0493,-0.03486,-0.04633,-0.00585,0.01231
1321677920789214080,3970.66714,0.92407,4.78052,0.00403,-0.11368,0.00182,0.02464,167.76,backup,239.2766,31.71944,49.61013,9.75746,12.69586,1.76032,0.0211,0.0942,0.12721,0.15846,0.07798,0.22396,0.46445,0.00739,0.03799,0.01439,0.0525,-0.00363,0.01512
1572341008276520576,3970.86684,1.15466,4.81212,0.00573,0.10456,0.00253,-0.01706,124.16,backup,186.60952,53.23492,63.48407,9.2007,12.83387,1.81336,0.02275,0.06617,0.01209,0.04034,0.05075,0.34381,0.54069,-0.01859,-0.01621,-0.00888,-0.00094,-0.0053,0.00469
1463317420996376576,3971.67791,1.18632,4.78153,0.00484,-0.31809,0.00235,0.06051,132.65,backup,200.68575,31.66498,81.81404,11.41078,12.35043,1.69222,0.02109,0.06679,0.01903,,0.04362,0.31568,0.5004,-0.01508,-0.01156,,,-0.00732,0.00074
1271326541713877120,3971.94123,1.57084,4.63253,0.00691,-0.1508,0.00278,0.05616,134.19,backup,230.47429,27.17803,56.66013,6.52154,13.67558,1.78759,0.09595,0.12888,0.08198,0.11639,0.08926,0.74452,0.64114,-0.03492,-0.04339,-0.0093,-0.02133,-0.0295,-0.03873
2515605711552555264,3972.11063,1.57209,4.79796,0.00777,-0.04457,0.00304,0.11556,112.82,backup,36.2864,3.67497,-51.78717,7.05379,13.57005,1.85124,0.03179,0.12722,0.06251,0.04868,0.11914,0.24987,0.5898,-0.01617,0.00508,-0.01963,-0.00308,-0.00202,0.03848
4404273943102224512,3972.61796,1.01682,4.75636,0.00443,-0.16452,0.00203,0.03113,182.57,backup,235.52244,-1.22955,40.12971,11.33695,12.4341,1.75897,0.02449,0.31478,0.30561,0.32322,0.32867,0.07779,0.36543,-0.00071,0.08719,0.00066,0.09363,0.00108,0.09562
763767578912136832,3973.66012,1.34888,4.80823,0.00538,-0.32361,0.0026,0.05404,123.25,backup,167.98458,37.52427,66.6501,8.19939,13.15486,1.70884,0.01469,0.05583,,,0.03797,0.26315,0.59171,,,,,-0.0047,0.00778
1504512994952539648,3973.76668,1.14438,4.76073,0.00507,-0.42109,0.0024,0.04685,145.68,backup,212.84082,43.19387,67.20366,5.96057,13.37524,1.65436,0.02466,0.06027,0.06455,0.04307,0.02098,0.4092,0.70984,0.00176,0.02116,-0.00704,0.00591,-0.01608,-0.00977
1265263284837152640,3975.27051,1.48078,4.88947,0.00641,-0.14341,0.00277,0.10108,122.33,backup,227.08805,25.81235,59.42571,7.10177,13.6522,1.85156,0.11498,0.14791,0.16381,0.16339,0.12171,0.77732,0.62087,0.01235,-0.01327,0.01203,-0.01353,-0.02037,-0.03941
1492484677045329024,3976.62552,1.17874,4.83526,0.00509,-0.06267,0.00233,0.01915,143.09,backup,216.07338,42.92771,65.43109,10.16152,12.6713,1.77468,0.0237,0.06393,0.04429,0.0894,0.02944,0.37074,0.5113,-0.00728,-0.00106,0.00944,0.02201,-0.01278,-0.00865
2509445938176073344,3976.63397,1.43569,4.85543,0.00699,0.08603,0.00283,0.02716,139.97,backup,25.47611,0.10823,-60.18497,7.29016,13.47389,1.85642,0.02669,0.10246,,,0.08021,0.2605,0.61408,,,,,-0.0058,0.02257
1663505567487913472,3977.45682,0.87205,5.05578,0.00366,-0.08928,0.00182,0.02962,182.09,backup,198.82644,61.57785,55.31862,11.26031,12.41393,1.76485,0.02095,0.06672,0.10392,0.00707,0.04938,0.31405,0.44247,0.01168,0.02503,-0.01873,-0.01782,-0.00544,0.0009
1503538037376488832,3977.9515,2.36418,4.77005,0.00802,-0.59064,0.00397,0.12268,112.53,backup,205.70166,45.64841,68.85164,6.20146,14.00516,1.68623,0.02444,0.07612,0.07441,0.04964,0.05145,0.32109,0.69975,-0.00055,0.02763,-0.0085,0.0103,-0.00792,0.01156
845840177691646336,3978.25996,1.67726,4.85585,0.00765,-0.00468,0.00309,0.06263,117.98,backup,172.30159,56.92268,56.81227,5.81156,14.03011,1.83928,0.02228,0.05394,,,0.03735,0.4131,0.684,,,,,-0.00685,0.00326
1256644419345271680,3978.71459,1.33832,4.80045,0.00538,0.06339,0.00242,-0.07835,114.19,backup,210.87614,23.25934,73.26138,7.88673,13.08042,1.74616,0.0323,0.07826,0.06871,0.04303,0.05624,0.41271,0.62144,-0.00394,0.0104,-0.01454,-0.00556,-0.00909,0.00265
5185553989169228288,3978.82791,1.39248,4.93162,0.00608,0.00057,0.00264,0.05779,130.23,backup,42.71345,-3.60955,-53.04043,6.7395,13.64105,1.82243,0.0201,0.11755,0.06265,0.06248,0.09871,0.17095,0.61268,-0.00939,0.01829,-0.00942,0.01818,-0.00322,0.04038
3660221397948434816,3979.71309,1.52247,4.6555,0.00591,-0.27087,0.00252,0.06655,153.31,backup,212.52708,0.7358,57.54932,7.44516,13.32676,1.73146,0.04614,0.09431,0.04222,0.08036,0.10017,0.48918,0.59616,-0.02548,-0.02097,-0.00682,0.00177,0.00287,0.01358
4422828304899834752,3980.05535,1.58219,4.75342,0.00694,-0.01528,0.0029,-0.00156,124.43,backup,235.86422,0.92111,41.15452,7.6343,13.3474,1.83941,0.16342,0.24812,0.27494,0.30017,0.26057,0.65866,0.49823,0.01767,-0.02644,0.03429,-0.01387,0.0082,-0.0336
3586361296331831552,3980.86421,2.2905,4.68412,0.00761,-0.58257,0.00347,0.10905,124.68,backup,171.77831,-12.10926,45.74907,7.18921,13.57058,1.66908,0.02183,0.09929,,,,0.21988,0.54935,,,,,,
1570669475724152704,3984.44415,1.93811,4.85276,0.00642,-0.27198,0.00296,0.05483,112.55,backup,190.81982,53.4017,63.68307,7.79506,13.22024,1.71191,0.02224,0.06283,0.07429,0.03074,0.03401,0.35394,0.60145,0.00406,0.02244,-0.01136,-0.00375,-0.0102,-0.00178
1224606265421098624,3984.45154,1.12707,5.04095,0.00463,-0.01123,0.00206,0.00918,161.86,backup,237.43911,28.65407,50.79914,11.3581,12.34203,1.77904,0.01255,0.10575,0.13777,0.03973,0.08895,0.11871,0.42063,0.0038,0.0454,-0.00784,0.00416,-0.002,0.02486
3659478579060184704,3984.71834,1.72331,4.77571,0.0093,0.22136,0.00359,0.00843,121.83,backup,209.96636,-1.52081,56.95174,6.23175,13.83162,1.92174,0.09473,0.12971,0.08199,0.14656,0.12765,0.73033,0.65906,-0.03485,-0.0407,0.01231,0.00186,-0.0015,-0.0106
1689713668382459136,3984.98548,1.55242,4.82448,0.00576,-0.14507,0.00256,0.02768,138.98,backup,189.81473,71.9606,45.13604,9.02986,12.93429,1.74957,0.02391,0.0715,0.08935,,0.06088,0.33443,0.46631,0.00597,0.01775,,,-0.00355,0.00448
761926167518249600,3986.33848,2.0733,4.76796,0.00643,-0.22319,0.00285,0.04255,115.29,backup,168.01235,36.00537,67.12805,7.18893,13.3547,1.71449,0.01888,0.06346,0.10443,0.05711,0.05699,0.29752,0.64132,0.01219,0.04809,-0.00189,0.01774,-0.00192,0.01767
3899075116374671744,3986.7527,1.51836,4.84056,0.00515,-0.1921,0.0022,0.0745,143.64,backup,178.36567,6.54546,65.23392,7.92971,13.23233,1.75396,0.01889,0.07361,0.0277,0.0397,0.02621,0.25667,0.59991,-0.01178,-0.00228,-0.0087,0.00492,-0.01217,-0.00317
1505139579141669376,3989.62341,2.01698,4.72356,0.00986,0.14982,0.00369,-0.01725,112.49,backup,213.09487,44.97558,65.92585,5.1522,14.23978,1.85133,0.02373,0.05894,0.02968,,0.02332,0.40255,0.75772,-0.01178,-0.00124,,,-0.01434,-0.00605
1059904401445180544,3990.97621,1.5946,4.80358,0.00599,-0.18788,0.00252,0.00841,133.74,backup,160.90274,66.74891,45.81048,7.6541,13.24542,1.70394,0.01365,0.06421,0.20087,,0.03103,0.21263,0.52737,0.02906,0.09228,,,-0.00706,0.00271
4423972655986311936,3991.03786,1.50043,4.71735,0.00436,-0.21425,0.00172,0.09616,166.9,backup,234.24109,2.27658,43.26431,11.98483,12.26648,1.74143,0.01462,0.14788,0.1827,0.14221,0.16579,0.09885,0.36713,0.00344,0.05246,-0.00056,0.03759,0.00177,0.04625
3647455659928747008,3995.30099,2.30838,4.75755,0.00699,-0.24237,0.00273,0.02854,141.92,backup,213.30653,-1.60931,55.16295,6.35688,13.77111,1.75786,0.09147,0.13054,0.1456,0.1329,0.17758,0.7007,0.64404,0.01055,0.0023,0.00165,-0.00588,0.03296,0.0229
2509845954250142464,3997.12992,2.48768,4.66638,0.00674,-0.22591,0.00273,0.16056,125.44,backup,24.3494,-0.12251,-60.8239,8.53711,13.0277,1.74255,0.02004,0.08353,0.05061,0.0565,0.0758,0.23992,0.55877,-0.0079,0.00824,-0.00648,0.01153,-0.00185,0.02231
1317721220820624128,3997.26868,2.05055,4.82622,0.00603,-0.14775,0.00243,0.03445,133.06,backup,243.88923,29.13068,45.30849,8.8305,12.99818,1.77071,0.02813,0.15024,0.19119,0.16515,0.13871,0.18721,0.47484,0.00767,0.06266,0.00279,0.05029,-0.00216,0.03774
4033306416470815232,3997.47413,3.16319,4.72297,0.00766,-0.38199,0.00304,0.1104,127.28,backup,179.83657,37.26144,75.05712,5.81051,13.93332,1.70361,0.02334,0.07586,,,0.04955,0.30762,0.73559,,,,,-0.00809,0.01312
1528268837024499712,3999.54855,2.00651,4.82395,0.00551,-0.17359,0.00218,0.06646,140.36,backup,192.61527,41.88486,75.24203,10.05079,12.70919,1.74688,0.01734,0.0556,0.10197,0.04034,0.0238,0.31191,0.53685,0.01446,0.0374,-0.00476,0.00431,-0.00992,-0.00456
1529203387548340096,3999.55322,3.69858,4.79991,0.00649,-0.36651,0.00257,0.1062,142.92,backup,196.25492,43.3765,73.5208,8.58369,13.13545,1.70588,0.02571,0.07191,0.05114,0.0048,0.04719,0.35753,0.59087,-0.00742,0.00451,-0.02399,-0.02288,-0.00884,0.00217
1676317149989986176,3999.98548,2.72092,4.66616,0.00753,-0.21105,0.00291,0.16015,115.45,backup,195.68806,63.94769,53.13505,5.35725,13.98848,1.74255,0.02154,0.05908,0.1041,,0.03956,0.36459,0.69721,0.01642,0.05104,,,-0.00712,0.00604
1467419698878840064,4000.94643,3.60301,4.80089,0.00721,-0.264,0.00253,0.07879,118.55,backup,194.31849,32.78118,84.20767,8.6938,13.01588,1.7218,0.02283,0.06604,0.03089,,0.05079,0.3457,0.59968,-0.01215,-0.0043,,,-0.00527,0.00763
3574099164702414208,4001.02712,2.55575,4.83083,0.00829,-0.13776,0.00343,0.08634,111.36,backup,179.63441,-12.91488,47.94943,7.66672,13.38613,1.80996,0.0425,0.16049,,,,0.26478,0.53922,,,,,,
1504822266957634816,4001.63359,2.22193,4.87664,0.00617,-0.16397,0.00248,0.03631,135.58,backup,214.93506,44.26109,65.35341,8.09146,13.13648,1.73426,0.02305,0.06023,0.05707,,0.02944,0.38267,0.59287,-0.00121,0.01079,,,-0.01178,-0.00559
3792361426929065984,4001.89468,3.0891,4.59814,0.00848,-0.16924,0.00325,-0.02836,112.95,backup,174.17635,-3.58495,54.38302,7.06979,13.14088,1.6673,0.02364,0.10798,0.04542,0.09327,0.07858,0.21889,0.60144,-0.01369,0.00368,-0.00322,0.03246,-0.00644,0.02362
1519031049563887872,4002.53039,3.03959,4.78683,0.00779,-0.11966,0.00284,0.0155,116.54,backup,188.30797,35.77559,80.52426,8.76633,12.91491,1.72872,0.02188,0.06575,0.07834,0.02394,0.02514,0.33272,0.59348,0.00419,0.02462,-0.01391,-0.00767,-0.01351,-0.00696
3687918752982817664,4004.20899,3.65269,4.86121,0.00757,-0.33086,0.00297,0.09386,117.06,backup,199.72353,0.50327,62.57074,8.44317,13.08909,1.71656,0.02624,0.07291,0.06372,0.08148,0.07215,0.35987,0.56872,-0.00331,0.01,0.00308,0.0201,-0.00027,0.0148
1056176923883949184,4004.27259,1.69005,4.90361,0.00571,-0.03211,0.00229,0.03451,151.61,backup,170.68625,64.19514,50.28942,8.33257,13.12935,1.78596,0.01612,0.05641,0.07651,-0.0235,0.03194,0.28572,0.52221,0.00574,0.02384,-0.02283,-0.02839,-0.00699,0.00056
1563039586582110336,4004.52855,2.72737,4.88181,0.00645,-0.21349,0.00251,0.06967,121.46,backup,199.5015,52.28779,64.35244,10.91685,12.5034,1.73148,0.02135,0.06918,0.04772,0.07659,0.05262,0.30855,0.48346,-0.00662,0.00172,0.00229,0.01568,-0.00511,0.00409
1501913508946186112,4006.82771,3.53302,4.73106,0.0081,-0.1582,0.00276,0.03358,112.88,backup,203.86108,44.46684,70.54227,6.68553,13.44574,1.71017,0.02366,0.06715,0.08635,0.07401,0.03952,0.35239,0.67641,0.00676,0.03474,0.00242,0.0264,-0.00974,0.00307
3647345399528288768,4008.44215,3.03025,4.70887,0.00844,-0.20098,0.00317,0.07712,115.05,backup,212.26811,-1.41513,55.88314,5.39418,13.94078,1.76691,0.09702,0.13572,0.06241,0.09122,0.14741,0.71485,0.70707,-0.05241,-0.05289,-0.03181,-0.03252,0.00836,0.00721
4421168007981410432,4010.78915,2.44121,4.84932,0.00757,-0.09252,0.00291,0.05346,122.72,backup,231.63813,2.24872,45.32991,6.33869,13.7909,1.79409,0.07854,0.12051,0.10984,0.1567,0.14572,0.65171,0.59244,-0.00695,-0.01346,0.02359,0.0143,0.01643,0.00779
1488198922456023680,4012.35773,2.7984,4.68902,0.00755,-0.05252,0.00277,0.04056,126.46,backup,218.89728,40.00756,64.91136,6.89308,13.40354,1.75455,0.02957,0.06756,,,0.03251,0.43774,0.65044,,,,,-0.01534,-0.00843
1504916172122097280,4012.48068,2.14811,4.79098,0.00909,0.20203,0.00357,-0.01117,113.13,backup,215.47704,44.49318,64.90391,5.32163,13.97391,1.8309,0.02581,0.06158,0.05134,-0.01544,0.02158,0.41917,0.74369,-0.00429,0.01237,-0.03228,-0.0373,-0.01677,-0.00977
3565200954537282304,4013.49009,2.89533,4.72955,0.00913,0.00771,0.00338,0.02737,115.53,backup,170.55457,-12.77539,44.60229,5.63576,13.97119,1.80031,0.04572,0.12546,,,,0.36438,0.63092,,,,,,
4421934913045930368,4015.94844,2.50318,4.85213,0.007,-0.21051,0.00267,0.11241,125.25,backup,228.86119,3.18382,48.0916,8.5517,13.09388,1.76173,0.05935,0.12354,0.09237,0.12671,0.12531,0.48039,0.50153,-0.01497,-0.01302,0.00152,0.0042,0.00085,0.00349
854044905257079424,4015.97071,2.55831,4.56348,0.00784,-0.17689,0.00298,0.16249,110.2,backup,161.51673,56.64346,53.01695,5.87206,13.83034,1.75272,0.01568,0.04759,0.13563,0.071,0.0194,0.32942,0.66321,0.029,0.07427,0.00771,0.03141,-0.00929,-0.00281
1676915387394903424,4016.27018,1.83119,4.78319,0.00757,0.10659,0.00279,0.04979,127.94,backup,191.91641,63.96662,53.15658,5.36113,14.05293,1.83287,0.02155,0.05817,0.06604,-0.0235,0.04871,0.37051,0.69705,0.00292,0.02448,-0.03026,-0.03793,-0.0035,0.0124
1576737504303306624,4017.01193,6.45503,4.86994,0.01178,-0.2106,0.00274,0.0374,110.96,backup,193.42182,56.61574,60.50977,9.09719,12.81857,1.70101,0.01937,0.05967,0.07644,0.0938,0.02899,0.32459,0.53488,0.00544,0.02152,0.01108,0.0308,-0.00996,-0.00386
1551897513703820800,4017.58386,3.01108,4.90058,0.00732,-0.13738,0.00261,0.03834,122.02,backup,202.26168,46.93141,68.85929,7.56846,13.22268,1.72748,0.0222,0.07598,0.14223,0.06044,0.06553,0.29214,0.62689,0.01936,0.06697,-0.00454,0.01569,-0.00305,0.01888
1527173929600597120,4019.39278,2.29247,4.85071,0.00588,-0.19607,0.00212,0.07252,150.42,backup,194.01716,40.80677,76.2882,11.92526,12.35069,1.73826,0.01688,0.05315,,,0.0425,0.3176,0.47885,,,,,-0.00338,0.00347
702404350364243456,4022.798,2.98425,4.85602,0.00756,-0.24416,0.00287,0.12439,118.54,backup,139.72223,34.47834,44.28665,8.71284,13.11795,1.75188,0.0288,0.08078,0.06993,,0.0421,0.35651,0.4733,-0.00387,0.0043,,,-0.01379,-0.00887
1222378895381763840,4024.83255,2.52208,4.79735,0.00665,-0.13946,0.00235,0.06484,137.43,backup,233.8559,25.771,53.43289,6.62992,13.6721,1.78151,0.13204,0.17358,0.15579,0.15747,0.13131,0.76067,0.62059,-0.01353,-0.03535,-0.01226,-0.03432,-0.03215,-0.05055
1509901460921747456,4025.68006,1.94758,4.73019,0.0069,0.14999,0.00271,-0.03584,133.17,backup,207.85483,47.67439,66.3457,6.3143,13.54858,1.77698,0.02329,0.06757,0.0513,,0.0525,0.34469,0.68668,-0.00561,0.01194,,,-0.00519,0.01276
2510124577368661248,4025.85529,2.53344,4.7716,0.00899,0.07151,0.00346,-0.03919,111.66,backup,23.50956,0.35096,-60.67408,5.09675,14.11267,1.76343,0.02512,0.0752,0.04655,0.09185,0.08008,0.33399,0.74551,-0.00957,0.00959,0.00556,0.04336,0.00163,0.03458
853924680532708224,4035.56078,2.73886,4.87429,0.00811,-0.07924,0.00303,0.04379,112.61,backup,159.7704,57.00464,52.04565,5.67091,13.83849,1.73302,0.01546,0.04792,0.0783,0.07358,0.01722,0.32264,0.67121,0.0098,0.0371,0.00828,0.03393,-0.0099,-0.0039
5185560414440293632,4036.89397,2.35953,4.88262,0.00595,-0.21054,0.00223,0.12548,139.08,backup,42.73393,-3.45905,-52.92351,7.16721,13.43261,1.74042,0.01859,0.11966,,,0.09714,0.15539,0.58956,,,,,-0.0035,0.03868
1499119546820866176,4038.01756,2.98647,4.79966,0.00806,-0.11635,0.0029,0.02878,124.12,backup,208.95857,42.90695,69.5135,6.03277,13.6651,1.72016,0.02439,0.06128,,,0.02142,0.39799,0.71126,,,,,-0.01587,-0.00916
1679362384882352000,4039.2839,1.60166,4.81371,0.00606,0.19482,0.00235,-0.06098,141.34,backup,195.72369,67.18765,49.90224,7.24062,13.22161,1.76176,0.02006,0.05679,0.10244,-0.05107,0.03967,0.35329,0.57052,0.01613,0.03838,-0.03811,-0.0492,-0.00605,0.00257
1072106957584404608,4039.4955,2.35892,4.83401,0.00683,-0.03213,0.00257,0.02131,139.28,backup,160.96216,68.16232,44.77533,6.53323,13.48406,1.73628,0.01408,0.07377,0.08722,0.07519,0.04441,0.19083,0.57788,0.00257,0.03633,0.00027,0.02937,-0.0056,0.01158
2512042056928118016,4040.69232,2.66865,4.82671,0.00785,-0.12075,0.00286,0.06277,115.89,backup,27.27609,2.03063,-57.70031,4.79453,13.65096,1.75468,0.03495,0.09606,0.07418,0.02585,0.05825,0.3638,0.75595,-0.00796,0.02113,-0.02555,-0.01541,-0.01375,0.00909
1501353994966553984,4044.01341,2.83302,4.86104,0.0069,-0.15166,0.00251,0.05081,125.78,backup,203.52446,42.72021,72.15812,7.92534,13.11683,1.7282,0.02316,0.06062,0.04522,0.04215,0.02919,0.38197,0.61744,-0.00588,0.00476,-0.00705,0.00287,-0.012,-0.00513
3813550910077707392,4044.14292,3.35467,4.72422,0.00671,-0.24315,0.00251,0.19272,112.16,backup,169.86536,4.45725,58.4554,8.49895,12.8711,1.70502,0.01862,0.14089,0.17657,0.16941,0.11609,0.13214,0.55166,0.00471,0.07879,0.00377,0.07484,-0.00328,0.04542
1318598257439115136,4045.41152,3.09682,4.62049,0.00836,-0.47272,0.00286,0.24094,109.84,backup,244.09957,29.77922,45.24097,5.31716,13.89471,1.65898,0.06307,0.12615,0.12469,0.12007,0.10311,0.49997,0.65643,-0.00073,0.01878,-0.00304,0.01574,-0.01152,0.00462
1451312162769126528,4049.05513,3.09511,4.8782,0.00599,-0.32271,0.0019,0.08986,133.77,backup,206.78279,26.37329,77.55034,11.87024,12.26813,1.67641,0.01918,0.06195,0.06971,0.03574,0.03064,0.30966,0.48217,0.0024,0.01443,-0.00812,-0.00195,-0.0097,-0.00441
1080065669423344128,4050.16267,2.24191,4.86876,0.0064,-0.14781,0.00233,0.09523,148.24,backup,166.07627,75.2648,40.02128,7.43919,13.36016,1.74555,0.01706,0.18706,,,0.14422,0.0912,0.4992,,,,,-0.00391,0.05493
1322493620977740032,4050.74328,3.46253,4.9259,0.00725,-0.33609,0.00255,0.08637,113.11,backup,243.13601,32.3706,46.42899,8.65039,12.99159,1.69575,0.02634,0.08012,0.13613,0.15234,0.06411,0.32875,0.48832,0.01842,0.04014,0.02374,0.04805,-0.00526,0.00497
1054665645151223936,4050.94975,2.57321,4.61305,0.00808,-0.36503,0.00289,0.25188,113.86,backup,169.40563,63.8226,50.29974,5.42959,13.99038,1.67871,0.01648,0.05485,0.05045,,0.02941,0.3005,0.67814,-0.00132,0.01773,,,-0.00764,0.00346
2510491436295257472,4052.06051,2.55839,4.81591,0.00729,-0.14861,0.00267,0.10119,128.91,backup,24.87157,0.97077,-59.61547,6.85872,13.48059,1.74122,0.02641,0.1069,0.12085,0.11306,0.07414,0.24709,0.63439,0.00345,0.05025,0.00152,0.04531,-0.00809,0.02062
1060948838707959680,4052.09769,2.26004,4.77078,0.00666,0.02385,0.00246,0.07167,110.37,backup,170.57369,68.23122,46.79216,9.40226,12.613,1.74679,0.01705,0.06283,0.04254,-0.0069,0.03224,0.27133,0.46215,-0.00551,0.00261,-0.01892,-0.02024,-0.0083,-0.00215
1271853242139342336,4054.44852,2.47575,4.88062,0.00587,-0.37975,0.00187,0.06297,174.22,backup,231.3229,28.25165,56.06696,9.2534,12.76745,1.66783,0.0379,0.10345,0.061,0.04765,0.08019,0.36636,0.51193,-0.01555,-0.00667,-0.02044,-0.01351,-0.00853,0.00315
1447676799370603008,4054.63828,2.41951,4.89952,0.0068,-0.06584,0.0025,0.05541,120.62,backup,199.51218,25.99787,83.94395,9.39118,12.75225,1.74026,0.01675,0.05942,0.01659,0.01307,0.04252,0.28194,0.57135,-0.01208,-0.00728,-0.01307,-0.00929,-0.00477,0.00754
1290839471488014976,4058.45481,2.27796,4.77429,0.0088,0.18338,0.00335,-0.07424,110.51,backup,227.93603,35.54284,59.06105,4.93061,14.04902,1.74224,0.03461,0.0664,0.07198,0.01195,0.03579,0.52123,0.75134,0.00291,0.01947,-0.02838,-0.02563,-0.01596,-0.00772
1487253544317752064,4058.67892,2.16222,4.84811,0.00608,-0.17622,0.0021,0.01101,164.96,backup,220.58362,39.36875,63.93272,10.3257,12.4355,1.66444,0.02405,0.06514,0.03622,0.01382,0.02727,0.36923,0.5014,-0.01068,-0.00589,-0.01895,-0.01712,-0.01398,-0.01038
3673418221837034112,4058.68482,2.74854,4.79087,0.00736,-0.2294,0.00253,0.09971,108.91,backup,215.9514,7.01025,60.25137,6.60306,13.57526,1.71674,0.04687,0.08867,0.03914,0.05785,0.07193,0.52855,0.65072,-0.02618,-0.0214,-0.01629,-0.00922,-0.00885,-6e-05
1680341740505221248,4061.052,1.69665,4.75404,0.00632,0.1673,0.00254,-0.02019,149.15,backup,186.17485,65.58355,51.31487,8.82143,12.82049,1.77616,0.02178,0.06506,0.14814,0.05999,0.05309,0.33475,0.50732,0.02781,0.05338,-0.0017,0.00866,-0.00401,0.00515
1210266881451113472,4064.0,2.4884,4.84123,0.00657,-0.3214,0.00221,0.10541,120.95,backup,235.20374,20.26679,50.80726,7.82998,13.2783,1.70818,0.08074,0.15057,0.14398,0.15955,0.1517,0.53622,0.547,-0.00354,-0.00199,0.00482,0.00654,0.0006,0.00224
3795341073377122048,4064.65611,2.56298,4.85579,0.00689,-0.36993,0.00244,0.1284,133.37,backup,178.37787,0.44205,59.90597,9.50274,12.81362,1.67414,0.01695,0.08352,0.04263,0.05585,0.06477,0.20291,0.51731,-0.0083,0.00511,-0.00561,0.01194,-0.0038,0.01656
1054927191479915264,4067.01187,2.45351,4.81704,0.00748,-0.32821,0.00262,0.16345,123.31,backup,168.28512,64.3908,49.55473,6.40194,13.77041,1.70865,0.01523,0.05515,0.13804,0.10623,0.031,0.27625,0.61364,0.0229,0.06947,0.01411,0.04995,-0.00667,0.00379
749082364173130624,4068.69067,2.69224,4.86065,0.00737,-0.28213,0.00259,0.11625,113.81,backup,155.03717,32.68583,56.92274,6.59762,13.6147,1.70078,0.018,0.05905,0.11997,,0.06572,0.30485,0.63798,0.01857,0.05853,,,0.00203,0.02393
845909412564443648,4068.75138,1.47634,4.8359,0.00438,0.05775,0.00176,-0.03003,181.86,backup,172.19421,57.25148,56.50886,11.27651,12.24316,1.71788,0.02132,0.05452,0.07632,,0.04486,0.39107,0.44659,0.00853,0.01276,,,-0.00378,-0.00129
3587383258031156352,4068.83901,2.36816,4.47773,0.00809,-0.51588,0.00281,0.27252,124.31,backup,177.79808,-10.55661,49.58155,6.02669,13.46002,1.60953,0.0416,0.08185,,,,0.50822,0.636,,,,,,
1447699476797849984,4069.05772,3.10177,4.94722,0.00885,-0.63798,0.00323,0.16041,109.09,backup,198.66898,25.74493,84.61787,7.62205,13.40113,1.64319,0.01836,0.05831,0.09305,0.06291,0.03266,0.3148,0.64829,0.01094,0.04197,0.00145,0.02243,-0.00807,0.00282
1510256637538565760,4071.77827,2.81551,4.77153,0.0083,0.02598,0.0032,-0.02081,125.59,backup,207.3657,48.31306,66.00068,5.70089,13.72026,1.717,0.02332,0.06664,0.05646,0.02341,0.03758,0.34995,0.72251,-0.00356,0.01747,-0.01513,-0.00641,-0.01017,0.00383
1508420934155669760,4072.13609,2.63977,4.82697,0.00736,-0.64401,0.00267,0.19943,142.33,backup,215.62024,50.29266,61.05721,8.97051,13.03319,1.6361,0.02095,0.0707,0.08742,0.02695,0.04829,0.29636,0.54179,0.00496,0.02641,-0.01296,-0.00635,-0.00664,0.00521
1680755500474341120,4072.53418,1.6226,4.6934,0.00595,0.09099,0.00221,0.05611,153.12,backup,187.40833,66.68799,50.29718,7.54823,13.19434,1.77178,0.02163,0.06164,0.06412,0.03666,0.03383,0.35086,0.55754,0.00087,0.01413,-0.00877,-0.00119,-0.00976,-0.00276
1218586473618168448,4072.63666,2.51831,4.82379,0.00714,0.0895,0.00288,-0.00177,122.28,backup,238.1712,23.29769,49.04249,7.29097,13.17431,1.76872,0.10087,0.17321,0.24267,0.23317,0.16262,0.58236,0.56336,0.04045,0.03584,0.03492,0.03049,-0.00617,-0.00926
1052296090220006144,4073.48725,2.59828,4.64237,0.00931,-0.45543,0.00305,0.22272,109.2,backup,158.27787,62.85668,47.7362,4.88195,14.34311,1.67339,0.01538,0.0548,0.15398,0.10667,0.02841,0.28066,0.70261,0.02784,0.09281,0.01456,0.05957,-0.00741,0.00458
1270754383346879872,4074.16273,1.85445,4.87427,0.00499,-0.33177,0.00165,0.07595,161.13,backup,233.09097,26.99485,54.33119,8.66574,12.96372,1.68832,0.06082,0.14599,0.21544,0.15096,0.14629,0.4166,0.52763,0.02893,0.05286,0.00207,0.01883,0.00012,0.01637
1576781729582825600,4074.73508,2.42346,4.96797,0.0065,-0.30549,0.00234,0.09358,124.24,backup,192.53865,56.82446,60.30291,9.40823,12.76441,1.69034,0.01916,0.05867,0.06431,-0.06323,0.02242,0.3266,0.52223,0.00184,0.01442,-0.03981,-0.05218,-0.01184,-0.00745
1488119482740761728,4074.9726,2.36917,4.6039,0.00787,-0.44897,0.00277,0.28001,119.78,backup,219.67317,40.42828,64.20217,6.48013,13.49198,1.64329,0.03067,0.06882,0.06198,0.03915,0.03542,0.4457,0.67094,-0.00305,0.01091,-0.01322,-0.00441,-0.01489,-0.00691
1277039672847062272,4076.41559,2.13135,4.83595,0.00667,-0.15277,0.00241,0.15568,123.7,backup,231.08052,31.74151,56.56477,5.35051,13.59784,1.7194,0.04589,0.07713,0.14195,0.09966,0.06606,0.59495,0.71285,0.03856,0.0553,0.0134,0.02515,-0.00659,0.0012
3793298863670952832,4079.10879,2.78558,4.83502,0.00812,-0.25697,0.00274,0.10575,122.74,backup,173.64214,-2.90061,54.71055,9.20364,12.89139,1.70578,0.0135,0.10205,0.08568,0.09725,0.0824,0.13228,0.50811,-0.00217,0.03003,-0.00063,0.03592,-0.0026,0.02837
1078217046779576960,4079.66799,1.85547,4.68701,0.00655,0.01805,0.00252,0.10391,121.19,backup,161.32947,73.58901,40.67213,5.3739,13.84677,1.74977,0.0162,0.3926,0.318,0.24233,0.27999,0.04127,0.621,-0.00308,0.18128,-0.0062,0.13429,-0.00465,0.15767
4033352114922862848,4080.54473,1.64295,4.59925,0.00568,-0.43901,0.00209,0.32318,146.15,backup,178.9465,37.2324,74.51527,7.76443,13.09371,1.64269,0.02129,0.07702,0.14921,0.04233,0.05748,0.27647,0.62951,0.01996,0.07264,-0.00959,0.00536,-0.0054,0.01489
1078317652093497088,4080.98837,2.21514,4.67731,0.00779,-0.07124,0.00286,0.10862,123.04,backup,161.37268,74.18991,40.20383,5.38425,13.90347,1.74572,0.01646,0.28057,0.28038,0.20889,0.17503,0.05867,0.61677,-1e-05,0.15647,-0.00421,0.11237,-0.00619,0.09149
4413867766169507712,4081.0526,2.40783,4.85112,0.008,-0.14453,0.00278,0.10059,117.53,backup,229.94043,-3.57119,42.86218,6.08129,13.93892,1.81361,0.26291,0.31906,,,,0.82403,0.59133,,,,,,
3598351230115665152,4081.90479,2.21195,4.76539,0.00725,-0.44249,0.00243,0.17834,125.91,backup,182.94993,-2.7488,58.63111,9.40196,12.89693,1.68648,0.01972,0.08193,0.07949,0.0382,0.06971,0.24064,0.51641,-0.00059,0.02133,-0.01052,1e-05,-0.00294,0.01628
1224567782514119552,4082.32693,2.20111,4.6067,0.00797,-0.40333,0.00269,0.24437,113.92,backup,237.1365,28.27175,51.00256,5.90221,13.79932,1.66124,0.05578,0.09986,0.10658,0.08579,0.09389,0.55852,0.65125,0.00375,0.01363,-0.00786,0.0001,-0.00334,0.00537
3786302400601463936,4082.61447,3.37119,4.53252,0.01016,-0.43123,0.00303,-0.05347,112.35,backup,173.23413,-4.26109,53.33018,6.85676,13.18015,1.56391,0.02646,0.13508,0.17129,0.16028,0.1648,0.19584,0.60774,0.00709,0.07764,0.00493,0.07095,0.00582,0.0737
1047845679466174592,4082.90763,2.33512,4.97917,0.00658,-0.52601,0.00251,0.14655,123.48,backup,161.25086,60.37776,50.44651,11.16882,12.57005,1.65363,0.01934,0.0592,,,0.02669,0.32664,0.42436,,,,,-0.01062,-0.00801
3899564089811366528,4082.99157,2.36946,4.78909,0.00751,-0.39664,0.00266,0.17663,113.29,backup,180.22913,7.41461,66.93099,6.6262,13.5875,1.67958,0.02674,0.07138,0.01571,0.02778,0.03683,0.37456,0.6707,-0.02085,-0.0162,-0.01633,-0.0081,-0.01294,-0.00203
1065850255386231168,4083.43305,2.29635,4.72149,0.00811,-0.13237,0.00284,0.12019,116.29,backup,157.04096,66.35565,45.0024,5.28803,14.04224,1.73372,0.01365,0.07461,0.11605,0.03619,0.03376,0.18296,0.65692,0.00758,0.06258,-0.00703,0.01012,-0.00747,0.00853
4418724274669463680,4083.53917,3.04213,4.74181,0.00948,-0.18415,0.00318,0.05669,114.35,backup,229.00757,-0.25738,45.77493,4.83527,14.18169,1.72085,0.14297,0.17761,0.16288,0.21288,0.15559,0.80494,0.69445,-0.01186,-0.02986,0.02839,0.00487,-0.01773,-0.03492
3788534989026434816,4083.62529,3.59321,5.2116,0.00972,-0.89806,0.00481,-0.21624,115.21,backup,167.12142,-4.50347,49.76596,5.02544,13.13184,1.6313,0.05745,0.12213,0.18389,0.09675,0.18337,0.47035,0.70337,0.02905,0.0719,-0.01194,0.01061,0.0288,0.07153
1065920692849869056,4083.68372,1.70513,4.44561,0.00635,-0.39802,0.00229,0.25689,132.92,backup,156.67594,66.74377,44.63314,4.20876,13.67228,1.62485,0.01503,0.08606,0.06739,0.00119,0.03886,0.17465,0.73696,-0.00326,0.03464,-0.01482,-0.01415,-0.00824,0.01361
1502340909731640576,4084.76153,2.637,4.93303,0.00748,-0.14696,0.00266,0.04262,111.53,backup,206.82607,43.59347,70.04084,7.6744,13.12946,1.69493,0.02333,0.06311,0.03379,0.00096,0.03685,0.36967,0.62462,-0.01084,-0.00222,-0.02297,-0.02273,-0.0097,-0.00031
3654431064774570112,4086.35972,2.24651,4.76824,0.00763,-0.32742,0.0025,0.14421,127.74,backup,216.12675,1.08047,55.69613,4.98437,14.22866,1.69601,0.06159,0.09462,0.09851,0.10963,0.07723,0.65095,0.73442,0.00253,0.01075,0.00977,0.01892,-0.01132,-0.00487
1506141852709353856,4086.66107,2.17983,4.70934,0.00683,-0.04085,0.0024,0.04622,145.46,backup,213.24699,46.69247,64.6925,5.74496,13.68951,1.71449,0.02463,0.06801,0.03383,0.02478,0.02471,0.36214,0.71603,-0.01238,-0.00041,-0.01566,-0.00689,-0.01568,-0.00694
4033446535483657088,4086.97479,2.67566,4.90983,0.00793,-0.5159,0.00293,0.16321,129.77,backup,180.50867,37.95602,75.00655,6.95958,13.64309,1.65916,0.02174,0.07535,,,0.0412,0.28856,0.67056,,,,,-0.00985,0.00588
1506881033761120768,4087.04623,2.62137,4.7776,0.00865,-0.31239,0.0029,0.14758,109.2,backup,215.52221,46.72287,63.50607,5.27264,14.09213,1.69705,0.0272,0.07121,0.02821,0.03607,0.03217,0.38195,0.74281,-0.01642,-0.00624,-0.01342,-0.0004,-0.01491,-0.0033
1209441697970242432,4087.91606,2.40851,4.76969,0.00766,-0.22315,0.00253,0.11202,109.88,backup,233.88844,18.21865,51.28728,6.44339,13.5924,1.72792,0.09542,0.13885,0.10383,0.1327,0.11072,0.68721,0.62046,-0.02406,-0.03099,-0.00423,-0.01308,-0.01933,-0.02672
1583232048905802112,4088.857,2.69039,4.84601,0.00876,-0.26654,0.00286,0.11995,111.75,backup,187.79125,61.75472,55.20783,4.62219,14.19899,1.67321,0.02334,0.05874,0.08785,-0.03119,0.03596,0.39744,0.75862,0.01157,0.0433,-0.03574,-0.04701,-0.00905,0.00393
4034182005683434112,4088.95705,2.97245,4.86994,0.00786,-0.04916,0.00269,0.06215,128.44,backup,178.49093,37.92571,73.80863,6.12298,13.62981,1.72976,0.02203,0.07595,0.06305,0.08832,0.05377,0.29,0.71485,-0.00374,0.02304,0.00359,0.04111,-0.00643,0.01641
3654418008073992960,4092.41627,2.22362,4.76348,0.00739,-0.08623,0.00252,0.10015,127.07,backup,215.82782,1.00969,55.82628,5.00274,14.17302,1.75116,0.06177,0.09478,0.04676,0.07611,0.08203,0.65169,0.73367,-0.03129,-0.02746,-0.01217,-0.00593,-0.00831,-0.00159
1501966422942930432,4094.50216,2.38349,4.87091,0.00733,-0.21676,0.00263,0.09656,126.4,backup,208.20145,42.27015,70.35826,6.47392,13.51988,1.6907,0.0241,0.05925,,,0.02323,0.4067,0.68771,,,,,-0.01465,-0.00812
1532811778550716672,4094.92643,2.37648,4.87126,0.00721,-0.20244,0.00253,0.09984,121.73,backup,184.49313,39.21512,76.04682,6.4999,13.52401,1.69343,0.02141,0.07297,0.09359,0.02939,0.05713,0.2934,0.69714,0.00605,0.04383,-0.01279,-0.00092,-0.00465,0.01842
1318130621399556096,4095.02768,1.94556,4.7767,0.00604,-0.35926,0.00215,0.21035,128.62,backup,246.63416,30.25276,43.16115,7.89229,12.95161,1.63439,0.02546,0.07671,0.0674,0.07594,0.0672,0.3319,0.50012,-0.00309,0.00825,-0.00026,0.01252,-0.00316,0.00815
854035559408278912,4096.65529,2.40673,4.79262,0.00814,-0.35286,0.00262,0.13915,118.26,backup,161.24291,56.44835,53.02419,6.22509,13.7581,1.67394,0.01543,0.04751,0.04956,0.0841,0.02039,0.32481,0.6418,0.00067,0.01638,0.01189,0.03854,-0.00881,-0.00234
1265475696739681792,4097.82353,2.18139,4.86099,0.00701,-0.35362,0.00236,0.14125,120.23,backup,227.40209,26.88207,59.32163,7.31556,13.42196,1.7085,0.11935,0.1526,0.12147,0.1672,0.14086,0.78206,0.60957,-0.02435,-0.0453,0.01141,-0.01743,-0.00918,-0.03348
1573609982133247488,4097.98214,2.14726,4.93029,0.00705,0.103,0.00279,-0.05592,112.75,backup,182.91282,55.56768,60.66346,6.49581,13.30862,1.69018,0.02177,0.06016,,,0.03897,0.36186,0.65823,,,,,-0.00767,0.00388
1506460470563599488,4099.13211,2.86553,4.77182,0.0091,-1.0672,0.0035,0.39295,119.18,backup,215.82592,45.2345,64.26379,7.50062,13.81126,1.60866,0.02503,0.0641,0.03431,0.04053,0.02879,0.39051,0.6174,-0.01164,-0.00385,-0.00921,-1e-05,-0.01379,-0.00726
4002246449936701056,4100.12043,1.81572,4.78741,0.00541,-0.5577,0.00186,0.25855,135.96,backup,184.28674,24.68496,81.9132,10.64701,12.44253,1.60969,0.0143,0.07491,,,0.07044,0.19085,0.52475,,,,,-0.00085,0.02266
1570666830024309888,4100.71554,2.12833,4.7446,0.00701,-0.19392,0.00244,0.16245,113.76,backup,190.81656,53.2758,63.8085,6.22062,13.46488,1.67969,0.02276,0.06272,0.09048,0.08598,0.03652,0.3628,0.68463,0.01007,0.03919,0.00844,0.03611,-0.00951,0.00225
1059193640192812160,4102.04819,2.02106,4.66983,0.0076,-0.51168,0.00238,0.21856,141.36,backup,163.90221,65.85589,47.27491,5.95472,13.81717,1.63064,0.01535,0.10176,0.08641,0.07841,0.06336,0.15088,0.62728,-0.00232,0.03885,-0.00352,0.03383,-0.00579,0.02439
3686323705208328064,4102.88725,2.34195,4.7232,0.00819,-0.42556,0.00279,0.21612,113.98,backup,199.6094,-1.44591,60.69562,7.51394,13.216,1.6417,0.03032,0.07215,0.07402,0.13004,0.08896,0.42022,0.60483,0.00079,0.01446,0.02433,0.04834,0.00706,0.02349
1572472777873209088,4105.19204,1.85255,4.76748,0.00615,-0.32703,0.00209,0.19015,124.48,backup,187.29241,54.01178,62.80558,7.64582,13.04181,1.63848,0.02301,0.06393,0.06808,0.05593,0.04358,0.35989,0.60571,0.00149,0.01822,-0.00288,0.01087,-0.00733,0.00339
1459231463987771904,4106.11313,2.36325,4.99368,0.00656,-0.4516,0.0023,0.11591,125.82,backup,197.26028,25.44519,85.71072,9.99178,12.65812,1.64038,0.01378,0.05621,0.04316,0.04807,0.04063,0.24509,0.54996,-0.0032,0.00996,-0.002,0.01266,-0.00382,0.00857
3681521485095055872,4106.61259,2.83459,4.68293,0.00928,-0.22197,0.00292,0.07023,112.79,backup,187.63545,-3.46998,58.98894,5.86376,13.67314,1.68008,0.0427,0.09619,0.09009,0.0503,0.08191,0.44388,0.68942,-0.00271,0.01941,-0.02037,-0.00802,-0.00634,0.01377
1677446039194225024,4106.62275,2.22809,4.69934,0.00781,-0.45572,0.00239,0.1558,125.22,backup,191.02538,65.46502,51.64575,4.74713,14.07851,1.61901,0.02126,0.05765,0.14333,0.03964,0.05444,0.36878,0.73328,0.0316,0.08384,-0.00664,0.0078,-0.00118,0.01866
1502129872219079296,4106.83831,2.44375,4.84043,0.0083,-0.37626,0.00275,0.11522,121.63,backup,208.82396,43.20573,69.36896,5.86071,13.76376,1.65058,0.0245,0.06208,-0.01167,-0.07712,0.02466,0.39469,0.72126,-0.02911,-0.03292,-0.05494,-0.08013,-0.01477,-0.00671
1504405998727255296,4107.57057,1.43419,4.7306,0.0051,-0.51227,0.00174,0.28609,154.49,backup,214.40682,43.50749,66.10729,10.09808,12.56055,1.60759,0.02147,0.06017,,,0.02108,0.35681,0.51536,,,,,-0.01395,-0.01061
1675379197851821568,4107.86518,1.41814,4.97488,0.00442,-0.24406,0.00148,0.06019,179.09,backup,198.01613,60.96971,55.97912,9.1343,12.73443,1.6591,0.02128,0.06729,0.03508,-0.01896,0.04423,0.31629,0.51612,-0.01019,-0.00318,-0.02728,-0.03107,-0.00729,0.00154
1450217289706071808,4108.85244,2.63912,4.90235,0.00801,-0.26838,0.00258,0.06831,109.13,backup,208.25017,25.30164,76.08113,7.82658,13.08642,1.65869,0.02764,0.06428,,,0.03826,0.4299,0.62922,,,,,-0.01119,-0.00356
4418992555506645888,4108.85551,2.34921,4.68582,0.00825,-0.34241,0.00254,0.11379,133.98,backup,228.7379,0.26307,46.32014,4.13869,13.87172,1.69624,0.13397,0.16602,0.10585,0.18848,0.14341,0.80694,0.7529,-0.04855,-0.05427,0.01813,0.00794,-0.01824,-0.02599
3961802632696061056,4109.4306,2.01845,4.97223,0.00596,-0.28592,0.00201,0.09717,134.65,backup,192.35073,27.16605,89.54572,11.19279,12.39578,1.68209,0.01485,0.06443,0.11832,0.11759,0.03671,0.23042,0.51067,0.01242,0.04558,0.01225,0.0452,-0.00639,0.0039
1444458180942767744,4109.59142,2.38901,4.91902,0.0072,-0.43647,0.00241,0.1137,117.29,backup,207.01862,25.50853,77.21266,8.44865,12.98903,1.62242,0.025,0.06192,0.08641,0.08079,0.03033,0.40369,0.60284,0.00988,0.02709,0.00761,0.0237,-0.01276,-0.00672
1273992857407006720,4111.61995,1.90909,4.89679,0.00625,-0.37003,0.00209,0.13605,137.65,backup,233.77234,30.46042,54.18387,6.02579,12.93493,1.65228,0.05201,0.08802,0.09681,0.07145,0.08056,0.59081,0.65924,0.00519,0.01182,-0.00979,-0.0049,-0.00441,0.0011
1049000097956115072,4112.00496,2.46867,4.76882,0.00803,-0.11389,0.00263,0.06177,109.53,backup,159.39169,61.88351,48.76852,6.68112,13.2051,1.69236,0.01659,0.05492,0.0251,0.02706,0.0216,0.30211,0.59364,-0.00901,-0.00169,-0.00842,-0.00053,-0.01007,-0.00377
2511138425873336576,4112.00834,1.99163,4.83218,0.00661,-0.04934,0.00223,0.0667,136.21,backup,27.11583,1.33049,-58.40356,5.87278,12.98812,1.72241,0.02841,0.0948,0.08308,0.0506,0.06511,0.29973,0.6866,-0.00351,0.02863,-0.01325,0.00633,-0.0089,0.01629
3584901282329914624,4113.14399,2.41183,4.6372,0.00929,-0.25654,0.00296,0.14639,109.86,backup,174.79554,-14.08686,45.21001,5.2718,13.89426,1.70102,0.05219,0.09312,,,,0.56043,0.65937,,,,,,
3653498438396090496,4113.21938,2.45891,4.84722,0.00869,-0.30713,0.00283,0.13418,112.22,backup,217.30619,0.62295,54.59798,4.66654,14.3181,1.68805,0.0655,0.09847,0.10774,0.12098,0.10893,0.6652,0.75275,0.00617,0.0156,0.01497,0.02556,0.00696,0.0165
2501325014012816896,4114.29269,2.27209,4.774,0.00843,-0.33544,0.00272,0.17654,110.76,backup,36.45244,1.08998,-53.78194,6.06273,13.7263,1.67488,0.03493,0.09908,0.07659,0.06094,0.09385,0.35254,0.65512,-0.00793,0.01524,-0.01345,0.005,-0.00184,0.02655
1583093716599308928,4114.43971,2.44125,4.87855,0.00701,0.01119,0.00251,0.01177,136.26,backup,187.49222,61.10653,55.82891,6.77282,13.31443,1.69731,0.02316,0.05943,,,0.04526,0.3898,0.62367,,,,,-0.00552,0.00506
1153625058905648000,4114.45906,1.82617,4.78669,0.00635,-0.21095,0.00216,0.13258,153.2,backup,226.40115,2.36299,49.46072,8.98249,12.79089,1.71342,0.0669,0.14466,0.11982,0.13931,0.13868,0.46247,0.49178,-0.01149,-0.00798,-0.00247,0.00161,-0.00276,0.0013
858027920488080896,4116.56989,2.15028,4.845,0.00718,-0.20244,0.00235,0.08937,127.55,backup,172.06117,58.21818,55.67097,6.75496,13.42308,1.67306,0.02202,0.05537,0.00592,-0.00691,0.0469,0.39765,0.62395,-0.01967,-0.01833,-0.02477,-0.02633,-0.00337,0.00724
1291135171396344448,4116.68712,2.47522,4.68759,0.00856,-0.12862,0.00284,0.08721,118.93,backup,228.73209,35.21859,58.44473,5.16405,13.91228,1.69345,0.03646,0.06889,0.05557,0.02051,0.04735,0.52929,0.73289,-0.00705,0.00427,-0.0256,-0.02143,-0.0114,-0.00176
1049047106373916544,4117.93827,2.37414,4.7056,0.00881,-0.6163,0.00281,0.28345,120.99,backup,160.02653,62.41005,48.63161,6.0244,13.88527,1.61416,0.01674,0.05744,0.03188,-0.00344,0.03211,0.29152,0.63086,-0.00745,0.00337,-0.01775,-0.01891,-0.00738,0.00351
3654401446680087040,4119.28783,1.63299,4.73202,0.00563,-0.53468,0.00178,0.22144,153.74,backup,216.14596,0.89035,55.53542,7.56683,13.1968,1.6126,0.05202,0.0949,0.05568,0.1261,0.07736,0.54816,0.58175,-0.0215,-0.01963,0.0171,0.02134,-0.00961,-0.00702
4034289998341182464,4120.48176,2.82284,4.74636,0.0095,-0.18841,0.00302,0.04603,112.77,backup,179.69393,38.68591,74.04207,4.50803,14.13448,1.64333,0.0227,0.07137,,,0.04429,0.31799,0.81845,,,,,-0.00861,0.01356
3954074509061762560,4120.48931,2.29061,4.82224,0.00789,-0.27378,0.00251,0.10125,112.28,backup,185.77008,23.92557,82.84769,6.94707,13.35824,1.65784,0.01942,0.07157,0.09481,0.04568,0.07191,0.27128,0.68101,0.0063,0.04515,-0.00702,0.01169,9e-05,0.02956
1580566523482400768,4120.64642,2.15371,4.80758,0.00836,-0.23678,0.00255,0.13776,123.64,backup,190.26196,61.95406,55.13108,5.19678,13.90328,1.68053,0.02154,0.05699,0.05545,-0.02653,0.02919,0.37803,0.7172,-0.00058,0.01822,-0.03157,-0.04057,-0.01051,-0.00061
853625338491472000,4121.11328,2.10895,4.88662,0.00682,-0.26276,0.00218,0.11802,132.76,backup,160.34501,56.02903,52.89287,7.65106,13.19096,1.66144,0.01472,0.04767,,,0.01878,0.30873,0.56564,,,,,-0.00892,-0.0041
1268366209729981440,4121.27027,1.82871,4.87138,0.00559,-0.22758,0.0018,0.11335,143.28,backup,226.65583,26.41497,59.9094,9.11152,12.82052,1.70966,0.08002,0.14884,0.15947,0.17046,0.13394,0.53764,0.53219,0.00572,0.00485,0.01163,0.0107,-0.00801,-0.00874
2498334995220368640,4121.29303,2.08372,4.86859,0.00689,-0.24539,0.00226,0.1134,129.21,backup,43.23244,0.80314,-49.58534,6.19652,13.62028,1.67148,0.02676,0.22499,0.24809,0.28029,0.22373,0.11895,0.6258,0.00275,0.12849,0.00658,0.14865,-0.00015,0.11325
1053471158911093760,4121.40564,1.20699,4.76971,0.00416,-0.40735,0.0014,0.26169,183.52,backup,158.52713,65.01668,46.36251,10.28586,12.38543,1.60805,0.01286,0.05916,0.07706,0.02059,0.0366,0.21732,0.43044,0.00389,0.02031,-0.00838,-0.00399,-0.0049,0.0029
1290822222899347072,4121.54413,2.47281,4.78175,0.00867,-0.4299,0.00266,0.13262,129.54,backup,228.0676,35.39948,58.96861,5.72039,13.83386,1.62908,0.03446,0.0669,,,0.04067,0.515,0.69831,,,,,-0.01351,-0.00605
1058990127462705280,4121.71279,1.54498,4.61066,0.00564,-0.15265,0.00202,0.14965,159.76,backup,164.66304,65.67962,47.60842,6.55033,13.36769,1.66984,0.0158,0.16587,0.24106,0.17665,0.12339,0.09524,0.59424,0.00716,0.12745,0.00103,0.08918,-0.00405,0.05753
845306983271385088,4121.87829,1.88407,4.93735,0.00583,-0.28335,0.00193,0.09806,133.93,backup,177.31717,57.17671,57.99064,9.83936,12.62608,1.66933,0.02018,0.06107,,,0.02946,0.33039,0.49815,,,,,-0.01044,-0.0055
1532606887135029760,4121.8793,1.6802,4.88477,0.00515,-0.16754,0.00172,0.03452,158.07,backup,185.0827,39.0327,76.44237,8.31335,12.79163,1.65622,0.01983,0.07159,0.11663,0.09984,0.07383,0.27702,0.60761,0.01247,0.05103,0.00783,0.04083,0.00062,0.02503
1285262198755377792,4122.68055,1.85047,4.85451,0.00608,-0.49419,0.00214,0.25672,117.55,backup,217.16659,30.6906,68.46956,9.03418,12.69059,1.59401,0.02962,0.07028,0.05349,0.06699,0.05514,0.42144,0.56121,-0.00707,0.0004,-0.00139,0.00798,-0.00638,0.00133
1675467296221426304,4122.82454,2.55427,4.83991,0.00903,-0.3553,0.00287,0.11743,111.0,backup,196.62125,61.55821,55.4776,4.35671,14.39061,1.63818,0.02359,0.06631,,,0.04383,0.35572,0.77973,,,,,-0.008,0.01059
1278037651447817216,4124.31508,2.34245,4.76156,0.00838,-0.17448,0.00262,0.08293,117.07,backup,229.91534,32.16847,57.56393,5.52541,13.77915,1.68231,0.04796,0.07981,0.10856,0.11617,0.05731,0.60089,0.70535,0.01727,0.02861,0.02184,0.03398,-0.01352,-0.00753
1689864919950991616,4124.86728,1.85595,4.78736,0.00679,-0.27234,0.00214,0.12712,135.21,backup,190.31209,72.93957,44.16807,7.0883,13.08217,1.66161,0.0222,0.07,0.08357,-0.0029,0.06141,0.31713,0.54451,0.0043,0.02331,-0.02312,-0.02378,-0.00272,0.01124
3703348818131866752,4125.02985,2.44931,4.8594,0.00819,-0.46604,0.00261,0.16777,119.46,backup,190.39268,2.56683,65.32526,7.27321,13.40303,1.63642,0.03159,0.06878,0.05331,0.02583,0.07303,0.45936,0.63193,-0.00711,0.00209,-0.01973,-0.01527,0.00195,0.01456
1502738520624249856,4125.22241,2.23141,4.72002,0.00812,-0.34734,0.00261,0.17726,123.99,backup,209.04103,45.00012,67.94349,6.2426,13.56238,1.65567,0.02285,0.06216,0.02862,0.03143,0.02137,0.36758,0.69509,-0.01233,-0.00295,-0.01129,-0.001,-0.01499,-0.00799
2511112729084311424,4125.97479,2.3917,4.79491,0.00864,-0.22062,0.00275,0.1494,115.87,backup,27.17515,1.09052,-58.59637,6.11564,13.68006,1.69564,0.02829,0.09675,0.07429,0.05639,0.07174,0.29244,0.67258,-0.00657,0.02167,-0.0118,0.00963,-0.00731,0.01996
1569421457011113984,4126.80358,2.19289,4.88505,0.00693,-0.29069,0.00218,0.09239,122.71,backup,188.46002,53.54248,63.38577,8.16271,12.9613,1.66528,0.02272,0.06397,0.08822,-0.0159,0.05366,0.35517,0.58365,0.00861,0.02877,-0.02837,-0.032,-0.00366,0.0086
1550869264174019840,4126.82832,2.0439,4.93879,0.00628,-0.26626,0.00203,0.11252,132.13,backup,198.92421,45.78453,70.73124,9.51707,12.71847,1.67841,0.02175,0.07047,0.07555,0.03103,0.03978,0.30867,0.54774,0.00157,0.01963,-0.01217,-0.00475,-0.00947,4e-05
1209878410246972928,4126.97064,2.16113,4.92064,0.00699,-0.32801,0.0023,0.07567,124.4,backup,234.57761,18.92214,50.92124,7.3253,13.2731,1.65268,0.07508,0.12114,0.13283,0.17786,0.1142,0.6198,0.57164,0.00725,0.00085,0.03515,0.02659,-0.0043,-0.0098
1519424021891614080,4127.18359,2.21616,4.97714,0.00652,-0.28751,0.00213,0.08468,128.29,backup,188.18354,35.99654,80.28143,10.45865,12.46094,1.6562,0.02052,0.06531,,,0.03379,0.31416,0.52949,,,,,-0.0099,-0.00263
3647167862760101632,4128.02741,2.56479,4.67407,0.00975,-0.36425,0.0029,0.13436,118.39,backup,211.08852,-2.26817,55.75249,5.52467,13.89722,1.66775,0.1225,0.15806,0.18984,0.17874,0.20736,0.77505,0.69789,0.02463,0.00999,0.01603,0.00224,0.03821,0.02222
1223796543826584576,4129.34602,2.0604,4.78868,0.00725,-0.22318,0.00227,0.08372,128.2,backup,237.39337,27.93898,50.72485,6.2011,13.60999,1.67884,0.05807,0.1033,0.08349,0.11946,0.08044,0.56217,0.63163,-0.01113,-0.00533,0.00909,0.01738,-0.01285,-0.00726
1283117601331057792,4129.52718,2.33092,4.76471,0.00857,-0.5106,0.00267,0.22614,113.5,backup,223.05219,31.03218,63.40878,5.52687,13.75504,1.57952,0.03645,0.06492,0.07737,-0.00361,0.05017,0.56137,0.72593,0.00698,0.01972,-0.03847,-0.03907,-0.00828,-3e-05
2561447478050777216,4129.65811,1.62543,4.90884,0.00556,0.137,0.00213,-0.07429,138.6,backup,23.78931,3.97425,-57.15481,8.48971,12.68685,1.66714,0.02423,0.11636,0.0809,0.07041,0.08398,0.20827,0.54692,-0.00739,0.02001,-0.00957,0.01427,-0.00674,0.02169
4033612561739474816,4131.27897,2.33117,4.80147,0.00809,-0.27803,0.0026,0.13194,126.01,backup,180.90482,37.7228,75.39454,5.58881,13.77866,1.65475,0.02361,0.07546,,,0.04615,0.31289,0.74972,,,,,-0.00917,0.01099
859572528166917632,4131.45678,2.82808,4.89787,0.00894,-0.52703,0.00282,0.16642,109.55,backup,173.38042,61.10352,53.57774,6.6677,13.58291,1.61528,0.01993,0.06469,,,0.03033,0.308,0.61919,,,,,-0.01058,-0.00115
3690285005085155072,4131.64776,2.28231,4.93045,0.00825,-0.1291,0.00269,0.06553,115.4,backup,194.84422,0.82054,63.62336,4.2099,13.3531,1.64683,0.03586,0.06462,0.04283,0.03517,0.05656,0.5549,0.81776,-0.01209,-0.00083,-0.01634,-0.00709,-0.00447,0.0104
1713006581699015168,4132.14447,2.54755,4.69302,0.00988,-0.53195,0.00317,0.28537,109.27,backup,199.89979,76.05277,40.95267,5.08989,13.976,1.58095,0.01914,0.07256,0.22734,0.14471,0.06564,0.26377,0.64306,0.04083,0.12705,0.01903,0.07392,-0.00183,0.02307
3799225338719852288,4132.45483,2.18195,4.7811,0.00784,-0.30615,0.00246,0.15334,111.95,backup,174.47928,1.57005,58.95493,4.74215,13.34954,1.65151,0.04105,0.08353,0.045,0.10207,0.06191,0.49141,0.76434,-0.01893,-0.00665,0.00911,0.03697,-0.01062,0.00627
1073180321451681920,4133.2516,2.14494,4.78927,0.00785,-0.19941,0.00241,0.1212,127.02,backup,159.70491,69.47482,43.49427,5.89746,13.71662,1.68439,0.01477,0.14004,0.20435,0.05271,0.08718,0.10544,0.60689,0.00678,0.10925,-0.00921,0.01722,-0.00557,0.03814
1680370018569911680,4137.28471,2.44821,4.76584,0.00911,-0.34329,0.00277,0.11802,117.67,backup,185.68481,66.00484,50.86544,5.37019,13.87019,1.62635,0.02278,0.06559,0.09664,0.16793,0.04832,0.34732,0.6851,0.01078,0.04343,0.03554,0.09227,-0.006,0.01033
1509061640196588288,4138.29443,2.80561,4.75637,0.01025,-0.17629,0.00314,0.07569,110.35,backup,208.47415,46.39398,67.12345,4.5488,14.1876,1.65884,0.02447,0.06496,0.05813,0.01634,0.04218,0.37673,0.80218,-0.00257,0.02216,-0.01831,-0.01136,-0.00858,0.00937
1158605846579256960,4139.002,2.38308,4.77645,0.00885,-0.21397,0.00268,0.10922,114.53,backup,220.96399,4.15437,54.68834,6.86248,13.38686,1.6818,0.05963,0.1054,0.07879,0.06969,0.0862,0.56569,0.61375,-0.01505,-0.01127,-0.0202,-0.01686,-0.01086,-0.00672
3644955194393149184,4139.80347,2.56599,4.85394,0.00912,-0.21869,0.00282,0.10816,112.9,backup,208.85558,-4.31701,54.96253,5.93647,13.71739,1.68347,0.05438,0.08718,0.08125,0.05508,0.07928,0.62375,0.66825,-0.0037,-8e-05,-0.02003,-0.01757,-0.00493,-0.0014
4419099070695538304,4140.89207,2.62083,4.68816,0.00838,-0.0241,0.00282,0.00738,122.92,backup,229.09545,0.60132,46.26964,4.8221,14.03269,1.70226,0.12372,0.15934,0.14771,0.19221,0.13972,0.77643,0.69845,-0.00903,-0.02055,0.02552,0.01053,-0.01523,-0.02613
1277999340339242752,4142.57082,1.94248,4.85443,0.00651,-0.3468,0.00196,0.12165,138.35,backup,228.7948,32.29757,58.51274,8.59391,12.88482,1.635,0.03885,0.07901,0.09427,0.06565,0.0527,0.4917,0.54789,0.0075,0.0128,-0.00657,-0.00288,-0.01293,-0.00997
1568944307620790528,4143.54154,1.85095,4.97636,0.00558,-0.29925,0.00179,0.06248,136.39,backup,190.40508,51.43528,65.62222,10.76408,12.38903,1.62867,0.0218,0.06437,0.07774,0.08435,0.03969,0.3386,0.49184,0.00453,0.01644,0.00676,0.01969,-0.00836,-0.00227
3705734724003864192,4143.80537,2.14866,4.93585,0.00661,0.02975,0.0024,-0.06618,112.41,backup,192.22362,5.03209,67.89552,8.16098,12.76175,1.64401,0.03499,0.07548,0.1419,0.02043,0.07414,0.46356,0.59676,0.03079,0.04969,-0.02552,-0.0228,-0.00062,0.00926
1312124912793587712,4144.83891,1.93447,5.02889,0.00596,-0.12678,0.00209,0.04843,114.77,backup,249.06784,30.51866,41.14538,10.18532,12.35404,1.66036,0.01348,0.07305,0.07215,0.10877,0.07157,0.18455,0.40357,-0.00017,0.01564,0.00659,0.03042,-0.00027,0.0154
857566194323764736,4145.16778,2.60887,4.77665,0.00938,-0.5007,0.00282,0.2036,110.09,backup,171.36369,59.08638,54.74909,5.73419,13.83064,1.61209,0.02142,0.0546,0.02246,-0.01372,0.04033,0.3923,0.67996,-0.01261,-0.00615,-0.0268,-0.03075,-0.0056,0.006
2509870624542286336,4146.20208,2.54508,4.84187,0.00894,-0.38181,0.00267,0.11895,129.83,backup,24.35406,0.08639,-60.62752,5.68188,13.80161,1.61998,0.02547,0.08607,0.05686,0.09534,0.10998,0.2959,0.70683,-0.00864,0.01472,0.00274,0.04192,0.00707,0.05226
1563636415237276032,4146.68889,2.2902,4.87303,0.00749,-0.17372,0.00234,0.07815,115.03,backup,200.18949,54.22615,62.37207,7.61428,12.99443,1.64601,0.02303,0.07177,0.08138,,0.05718,0.32087,0.60578,0.00309,0.02627,,,-0.00468,0.01161
1074084223088695296,4147.21235,2.09618,4.82013,0.00762,-0.44417,0.00238,0.20637,126.59,backup,164.81849,71.99142,42.57029,5.91293,13.72949,1.62104,0.01476,0.13804,0.16644,0.1466,0.13066,0.10694,0.59959,0.00304,0.08504,0.00092,0.07314,-0.00079,0.06358
1470363332025244032,4147.70058,1.85044,4.70557,0.00692,-0.46525,0.00222,0.26765,124.21,backup,202.17955,34.91035,78.85931,7.49031,13.02956,1.57353,0.02629,0.06351,0.00411,0.0287,0.03674,0.41396,0.64933,-0.02459,-0.02362,-0.01441,-0.00765,-0.01108,-0.00243
1273198391536532352,4147.90978,1.50441,4.8699,0.0054,-0.13365,0.00166,0.08016,163.15,backup,233.93887,30.0878,54.00565,9.48175,12.56986,1.67472,0.02613,0.08917,0.10528,0.1008,0.07749,0.29299,0.49472,0.00472,0.02596,0.00341,0.02374,-0.00342,0.01221
3667081319713616000,4148.44507,2.44104,4.79419,0.00779,-0.34443,0.00228,0.07005,148.77,backup,212.12901,1.54914,58.44608,6.7207,13.27072,1.61312,0.05015,0.09077,0.09889,0.0219,0.09842,0.55246,0.63736,0.00449,0.01288,-0.03805,-0.03619,0.00423,0.01258
1290981823884169856,4149.00777,1.93782,4.62835,0.00719,-0.25693,0.00237,0.16408,138.16,backup,229.10383,35.4848,58.12014,5.60595,13.58054,1.6317,0.03612,0.06949,0.13293,0.11149,0.05868,0.51983,0.70234,0.03298,0.05724,0.02183,0.04218,-0.00561,0.0051
1274412836488765824,4150.37958,2.10863,4.67922,0.00752,-0.00581,0.00265,0.0889,116.49,backup,233.46593,32.05471,54.55458,6.10005,13.47506,1.70701,0.04866,0.08298,0.10849,0.08503,0.07246,0.58635,0.65645,0.01496,0.02256,0.0012,0.00716,-0.00617,-0.00109
1680694030902368000,4150.52586,2.16882,4.72758,0.00823,-0.13956,0.00263,0.08155,126.8,backup,187.7593,65.92961,51.06742,5.69902,13.67202,1.66224,0.02193,0.06181,0.05802,0.01896,0.04077,0.35473,0.66444,-0.00135,0.01662,-0.0152,-0.00933,-0.00746,0.00516
2564649285975362944,4152.66877,1.70637,4.89515,0.006,0.1848,0.00232,-0.06574,139.49,backup,18.8356,6.37578,-56.00026,10.07558,12.35118,1.67903,0.02513,0.15384,0.18954,0.16316,0.14341,0.16337,0.48225,0.00583,0.06627,0.00152,0.05355,-0.0017,0.04403
1504301510762717440,4153.02874,1.64335,5.00789,0.00516,-0.1905,0.00168,0.03369,162.42,backup,213.24793,42.74119,67.24293,8.66757,12.70661,1.63772,0.02298,0.06116,0.06373,0.02666,0.02348,0.37572,0.57307,0.00097,0.01355,-0.01296,-0.0077,-0.01416,-0.00952
3833154755724179456,4153.09307,2.43967,4.80621,0.00819,-0.52888,0.00245,0.20335,123.63,backup,150.45165,-0.76168,40.61815,6.91877,13.38166,1.60731,0.05451,0.15777,0.17952,0.09809,0.12544,0.34549,0.52893,0.00751,0.04044,-0.02062,-0.00263,-0.01117,0.01184
1556239107164589056,4153.23809,2.28698,4.82118,0.00774,-0.35391,0.00225,0.13792,116.33,backup,198.53873,50.00544,66.71248,6.72722,13.39741,1.62327,0.02177,0.06222,0.04808,0.04819,0.02595,0.34982,0.66456,-0.00495,0.01019,-0.00491,0.01026,-0.01269,-0.00452
4419492970735883904,4153.79126,2.00898,4.80837,0.00696,-0.06619,0.00233,0.09376,136.0,backup,225.81781,-0.05336,48.27382,7.98685,12.9162,1.7049,0.10092,0.15969,0.14558,0.17016,0.16461,0.632,0.52648,-0.00891,-0.02428,0.00662,-0.01133,0.00311,-0.01426
1216978059905687168,4154.77859,2.31025,4.82163,0.00795,-0.20411,0.00238,0.11723,111.72,backup,237.52611,22.3329,49.35481,6.12934,13.61829,1.69281,0.11724,0.18871,0.21085,0.20404,0.17776,0.62127,0.62855,0.01376,0.01529,0.00953,0.01101,-0.0068,-0.00551
1578611450074709888,4154.79091,2.20115,5.06187,0.00711,-0.31152,0.00247,0.15402,121.87,backup,195.18447,58.33982,58.74594,7.49704,13.17389,1.61115,0.02014,0.05928,0.0443,,0.03352,0.33973,0.59837,-0.00509,0.00637,,,-0.00875,-8e-05
3899064464855774592,4156.37393,1.70905,4.9207,0.00556,-0.28253,0.00168,0.11049,153.76,backup,178.32967,6.41232,65.10211,8.09247,12.99291,1.63882,0.01823,0.0742,0.06937,0.07117,0.03472,0.24571,0.59208,-0.00119,0.02284,-0.00075,0.02391,-0.0097,0.00232
1223133813193186432,4157.08278,2.03243,4.68291,0.00793,-0.44348,0.00247,0.25323,117.67,backup,235.39798,26.24376,52.16685,4.82541,14.01112,1.60064,0.12684,0.16958,,,0.1212,0.74799,0.73002,,,,,-0.03619,-0.03837
1526851222938158848,4157.78017,2.04075,4.9564,0.00682,-0.28094,0.0022,0.12817,129.37,backup,193.84466,39.9151,77.18706,8.10329,13.02259,1.6524,0.0207,0.05506,,,0.03759,0.37604,0.61813,,,,,-0.00657,0.00253
3896312730849191040,4158.66285,2.17754,4.61783,0.00825,-0.22734,0.00271,0.15904,111.45,backup,178.67614,4.67217,63.78373,4.5967,14.04351,1.62384,0.04455,0.08387,0.09924,0.05957,0.0542,0.53113,0.79015,0.00816,0.03387,-0.01291,0.00252,-0.01576,-0.00172
3647799566550043392,4158.84614,2.77817,4.65517,0.00982,-0.19081,0.00308,0.10689,111.11,backup,213.56995,-0.84742,55.65359,4.21455,14.2726,1.66095,0.07558,0.11047,0.0732,0.14761,0.1187,0.68417,0.79138,-0.0255,-0.01765,0.02541,0.04123,0.00563,0.01836
850928648785709696,4159.54366,2.43383,4.849,0.00888,-0.26413,0.00265,0.11867,113.61,backup,161.31967,55.66491,53.54824,6.01231,13.64719,1.64234,0.01539,0.04831,0.06651,0.05088,0.01808,0.31867,0.65709,0.0058,0.02831,0.00082,0.01804,-0.00963,-0.00351
1224739340687683584,4160.38337,2.40802,4.8962,0.00836,-0.26532,0.00251,0.08267,114.87,backup,235.7924,28.523,52.20938,5.7963,13.67883,1.63866,0.0582,0.09696,0.13184,0.13303,0.07317,0.60029,0.66402,0.02094,0.02934,0.02165,0.03013,-0.01428,-0.00961
1712903429468577920,4160.40901,1.59798,4.85404,0.0055,0.02048,0.00181,0.04673,167.75,backup,198.89484,75.70185,41.33337,10.14452,12.37447,1.68928,0.0176,0.06918,0.13048,0.07451,0.06754,0.25445,0.40597,0.0156,0.03537,0.00136,0.01265,-0.00042,0.00981
1583079182429922048,4161.4434,2.32334,4.94303,0.00816,-0.19626,0.00231,0.04633,131.17,backup,188.67265,61.32175,55.69047,4.91556,13.84504,1.6259,0.02285,0.05783,0.11193,0.05753,0.03755,0.39518,0.73928,0.02138,0.05989,-0.00012,0.01968,-0.00802,0.0049
3571183530446985728,4161.87422,1.76937,4.9237,0.00606,-0.15216,0.00193,0.06026,154.36,backup,182.06408,-13.12338,48.40661,10.72877,12.22165,1.63352,0.01419,0.26608,,,,0.05333,0.42745,,,,,,
1320278345566039936,4162.12399,1.98027,4.74969,0.00745,-0.20034,0.00221,0.09111,132.13,backup,241.11355,29.61672,47.77442,5.67635,13.70683,1.66135,0.06945,0.12876,0.10938,0.09507,0.10395,0.53941,0.64783,-0.01045,0.00141,-0.01817,-0.00786,-0.01338,-0.00211
1560445976091083392,4163.90907,2.33001,4.82819,0.00775,0.05756,0.00269,0.02363,111.37,backup,202.2443,53.4817,62.74585,7.34592,12.96038,1.66614,0.02148,0.06458,0.0764,0.12905,0.0319,0.3326,0.62021,0.00393,0.0259,0.02144,0.05856,-0.01087,-0.00169
5187271838648582912,4164.50248,2.12799,4.63449,0.00852,-0.39361,0.00272,0.26614,114.16,backup,44.19529,-2.28671,-51.05571,4.33342,14.28441,1.62836,0.08558,0.16969,0.26604,0.27374,0.16877,0.50433,0.76208,0.04859,0.11716,0.05248,0.12303,-0.00047,0.04303
1579282671858309248,4165.74323,2.30133,4.86561,0.00831,-0.33282,0.00227,0.0865,126.54,backup,197.06603,60.63632,56.37011,4.74014,13.9104,1.56828,0.02294,0.06647,0.16166,0.08548,0.06017,0.3451,0.75469,0.03285,0.09907,0.00656,0.04157,-0.00217,0.02247
1057650235105344000,4165.98729,2.00839,4.69415,0.00709,-0.08843,0.00256,0.13105,109.46,backup,171.90119,66.72905,48.35201,7.05702,13.10463,1.66064,0.01708,0.05712,0.06761,0.01848,0.02551,0.29895,0.57134,0.00314,0.02155,-0.01155,-0.00652,-0.00945,-0.0025
1296467527913008128,4166.42978,2.76743,4.90946,0.00857,-0.52223,0.0025,0.15761,115.65,backup,223.66206,39.9905,61.48858,7.48396,13.24641,1.60137,0.03037,0.06796,0.0547,0.05676,0.04057,0.44687,0.6091,-0.00593,0.00295,-0.005,0.00421,-0.01224,-0.00566
1222360925238543616,4167.24914,1.87835,4.85624,0.00624,-0.1932,0.00185,0.07385,149.03,backup,234.44477,25.94332,52.94761,6.94222,13.30777,1.67117,0.11462,0.15808,0.1388,0.12314,0.11363,0.72505,0.60136,-0.01398,-0.03115,-0.02534,-0.04057,-0.03223,-0.04629
1222487884472033664,4168.46712,2.2103,4.96556,0.00707,-0.34115,0.00208,0.07685,143.41,backup,233.06101,25.80541,54.14134,6.55189,13.56887,1.6671,0.14761,0.18721,0.18828,0.17971,0.14619,0.78847,0.62827,0.00084,-0.02932,-0.00592,-0.03471,-0.03235,-0.05577
1272985017561323392,4168.94863,2.47075,4.74489,0.00811,0.01315,0.00276,-0.0048,116.4,backup,235.61478,29.6455,52.51262,5.23704,13.74726,1.65813,0.05205,0.09041,0.0952,0.0667,0.0734,0.57571,0.70243,0.00276,0.01483,-0.01365,-0.0052,-0.00979,-0.00049
1505940023606445952,4169.05107,2.31314,4.81879,0.00819,-0.30175,0.00242,0.11119,138.54,backup,213.28026,45.77377,65.29934,5.70823,13.67432,1.60924,0.02352,0.06158,0.05207,-0.00049,0.01785,0.38186,0.72008,-0.00363,0.01398,-0.0237,-0.02387,-0.0167,-0.01067
3651191250684304000,4169.76084,1.73023,4.85671,0.00632,-0.05823,0.00198,0.05951,143.41,backup,223.99245,0.44003,49.93211,9.98582,12.42813,1.67776,0.0418,0.13978,0.13263,0.14935,0.1219,0.29904,0.45833,-0.00214,0.01899,0.00286,0.02665,-0.00535,0.01407
1682246197723216256,4169.98412,2.29887,4.92448,0.00764,-0.1234,0.00239,0.01639,121.48,backup,191.74245,67.48019,49.64233,5.88017,13.538,1.6401,0.0202,0.05698,0.06526,0.04099,0.04856,0.35458,0.64539,0.00294,0.02191,-0.00567,0.00625,-0.00299,0.01113
1508375128328518784,4171.10603,1.92619,4.72376,0.00663,-0.58034,0.00218,0.31909,148.88,backup,215.26987,49.70714,61.62842,8.50833,12.73491,1.53669,0.02255,0.07526,0.1486,0.11817,0.08226,0.29964,0.56278,0.02197,0.06108,0.01286,0.04395,0.0021,0.02374
1550455332405145600,4171.11364,2.23361,4.8616,0.00742,-0.29975,0.00207,0.07415,133.11,backup,199.50108,44.2273,72.08576,7.3438,13.1574,1.61391,0.02444,0.06938,0.03456,0.01407,0.05219,0.35235,0.64532,-0.01227,-0.00214,-0.01949,-0.01537,-0.00606,0.00923
1290547757309036544,4171.12668,2.72194,4.83975,0.00885,-0.29473,0.00243,0.07359,139.13,backup,228.3956,34.55596,58.76997,5.4654,13.75343,1.60943,0.03882,0.07143,0.09623,0.00238,0.05176,0.54351,0.71397,0.01348,0.02988,-0.03753,-0.03712,-0.01069,-0.00187
1580278623234613248,4173.49053,2.05474,4.95104,0.0066,-0.40938,0.00188,0.11921,152.57,backup,192.18795,61.07078,56.05444,7.98774,13.07299,1.60932,0.0207,0.0592,0.06894,,0.02558,0.34974,0.56432,0.00341,0.0182,,,-0.01176,-0.00627
1508248139031122944,4174.08861,2.29955,4.837,0.00728,-0.0546,0.00243,-0.02432,138.09,backup,214.70351,49.26408,62.20149,6.7295,13.08433,1.61469,0.02428,0.07709,0.08172,0.07005,0.04373,0.31501,0.65062,0.00146,0.02888,-0.00222,0.02129,-0.01051,0.00417
763772866017074688,4174.3819,1.90868,5.02543,0.0055,-0.12446,0.00177,-0.03915,140.28,backup,167.82444,37.65884,66.48598,9.22356,12.47338,1.61138,0.01393,0.05505,0.11908,0.12255,0.03821,0.25301,0.54856,0.0162,0.05139,0.01708,0.0533,-0.00426,0.00703
1281536228726977024,4175.81122,1.97846,4.90835,0.00699,-0.20309,0.00207,0.09199,140.83,backup,223.07856,29.02622,63.34182,7.3596,13.1578,1.65481,0.04434,0.07609,0.11418,0.09339,0.05285,0.58275,0.62147,0.0222,0.02662,0.01008,0.0137,-0.01354,-0.0115
3704114486244958208,4178.75508,2.18793,4.96141,0.0065,-0.34384,0.0018,0.06456,134.51,backup,191.81673,4.07916,66.9294,10.61668,12.33735,1.5978,0.02794,0.07409,0.06899,0.05468,0.08026,0.37715,0.50006,-0.00192,0.00655,-0.00732,-0.0006,0.00232,0.01219
1604517735027088512,4179.48145,1.66441,4.89638,0.00623,-0.10217,0.00192,0.06841,139.05,backup,216.37384,50.63244,60.47652,8.17699,12.69653,1.63442,0.02039,0.06793,0.0706,-0.07665,0.03811,0.3001,0.57315,0.0008,0.02008,-0.04339,-0.06432,-0.00895,0.00146
4033492886770734464,4180.47407,2.83835,4.72606,0.01012,-0.21679,0.00293,0.06421,112.27,backup,179.65602,37.98828,74.48236,4.30505,14.16132,1.60904,0.02443,0.0753,0.00382,0.08894,0.03914,0.3245,0.83313,-0.02319,-0.02125,0.00443,0.04967,-0.01173,0.00818
1506740983467674624,4181.06328,2.25376,4.65766,0.00844,-0.51795,0.00257,0.31873,119.1,backup,214.97882,46.00727,64.25136,5.16114,13.80736,1.54174,0.02611,0.06507,0.05937,,0.02331,0.40129,0.75245,-0.00229,0.01856,,,-0.01676,-0.00857
1683136454248652416,4181.10982,2.39552,4.76271,0.00898,-0.23467,0.00266,0.13109,119.55,backup,188.90018,70.2095,46.85845,6.0602,13.50349,1.62176,0.02369,0.06501,0.05213,-0.0209,0.05003,0.36435,0.61834,-0.00469,0.00855,-0.0313,-0.03661,-0.00546,0.00725
1275620959250300160,4182.97491,2.46331,4.90007,0.00826,-0.38676,0.00229,0.12874,128.75,backup,229.52868,31.01288,57.85978,6.68125,13.41933,1.61477,0.04561,0.07633,0.0685,0.07001,0.059,0.59757,0.63719,-0.00468,-0.00197,-0.00378,-0.00101,-0.01036,-0.00802
1503968015142515584,4183.30952,2.24821,4.87698,0.00777,-0.13222,0.00231,0.05239,142.18,backup,206.31104,46.60044,67.82392,5.90363,13.51142,1.63629,0.0242,0.07682,0.05079,0.01209,0.04542,0.31498,0.71488,-0.0082,0.01211,-0.02039,-0.01556,-0.00989,0.00827
3659239710159181696,4184.22559,2.30961,4.73737,0.00897,-0.24639,0.00255,0.11343,133.69,backup,211.35349,-1.64429,56.15986,5.79274,13.63309,1.63559,0.09902,0.13702,0.11978,0.11449,0.14732,0.72264,0.68244,-0.01246,-0.01728,-0.01628,-0.02088,0.00744,0.00152
1681630058894842496,4184.37953,2.37515,4.87644,0.00824,0.02487,0.00274,-0.05796,122.62,backup,183.42772,67.31814,49.39993,5.35609,13.61764,1.61533,0.0238,0.06519,0.10504,0.22271,0.04929,0.36513,0.67828,0.01455,0.04744,0.05752,0.12726,-0.0058,0.00963
851042924979294080,4184.76139,1.62785,4.91391,0.0058,0.11533,0.00199,-0.07648,148.18,backup,162.60382,56.04699,53.86195,8.054,12.69111,1.63603,0.01555,0.04781,0.04902,-0.01556,0.02363,0.32517,0.55165,0.00039,0.0115,-0.0206,-0.02413,-0.00786,-0.00251
1072969009060654208,4185.2982,2.66478,4.78169,0.00928,-0.48309,0.00254,0.18433,120.66,backup,165.47528,70.56984,43.86009,6.17974,13.60854,1.58017,0.01512,0.08845,,,0.06445,0.17098,0.59221,,,,,-0.0041,0.02305
1058482393608829056,4185.341,2.02771,4.58797,0.00776,-0.34394,0.00252,0.23367,118.89,backup,161.09059,64.70314,47.35625,4.87302,13.83413,1.55579,0.01513,0.0645,,,0.026,0.23461,0.70108,,,,,-0.00903,0.0031
5097443044330774656,4185.67359,1.89709,4.62245,0.00702,-0.15967,0.00222,0.10136,126.88,backup,60.06654,-16.54473,-45.18852,6.87693,13.00797,1.6292,0.00979,0.08587,0.03829,0.098,0.10537,0.11396,0.56189,-0.00542,0.01173,0.00138,0.04528,0.00222,0.04942
1223638214152261248,4186.0788,2.77138,4.79442,0.00945,-0.41881,0.0025,0.12056,117.77,backup,237.21211,27.43111,50.79582,5.96514,13.70203,1.6056,0.06771,0.112,0.10825,0.12761,0.08498,0.60456,0.64628,-0.00227,0.00225,0.00944,0.01476,-0.01634,-0.01279
1322316457870152832,4186.2098,2.11559,5.11902,0.00614,-0.18646,0.00193,0.02971,129.86,backup,241.66032,32.21802,47.65123,10.97244,12.18633,1.63845,0.01417,0.10101,0.13364,0.13389,0.09164,0.14031,0.41658,0.00458,0.0415,0.00461,0.0416,-0.00132,0.024
1682392565913425792,4186.22723,2.45372,4.96333,0.00807,-0.344,0.00229,0.09903,138.67,backup,188.29334,67.64477,49.38882,7.4966,13.1351,1.60454,0.02034,0.05858,0.14132,0.09429,0.03122,0.34723,0.5552,0.02873,0.05812,0.0124,0.03201,-0.0095,-0.00301
2511243605327950592,4186.44305,2.6701,4.90956,0.00885,-0.30879,0.00248,0.0898,113.56,backup,28.58841,1.93573,-57.22165,8.37913,12.8311,1.60193,0.02712,0.10477,0.09233,0.09867,0.06383,0.25881,0.5519,-0.00322,0.02384,-0.00158,0.02734,-0.0106,0.00811
1072418875289545344,4186.45015,2.08656,4.64737,0.00792,-0.20193,0.00233,0.09754,127.57,backup,160.46949,69.32112,43.78806,4.63799,13.74487,1.62188,0.01503,0.1109,0.15526,0.11023,0.05668,0.13549,0.69687,0.00601,0.09317,-9e-05,0.06179,-0.00735,0.02447
1494236684401155200,4186.86586,1.72836,4.82858,0.00636,-0.16283,0.00184,0.07101,151.62,backup,218.26984,44.66188,63.16377,7.36871,12.99558,1.62026,0.02812,0.06893,0.10196,0.04427,0.04029,0.40796,0.62044,0.01348,0.03514,-0.01006,-0.00065,-0.01168,-0.00312
1184171892811158016,4187.08471,2.32355,4.84196,0.00823,-0.31321,0.00238,0.14354,110.87,backup,227.10184,15.26622,56.08054,6.64639,13.23256,1.60012,0.04559,0.08649,0.05857,0.07492,0.0738,0.52711,0.63169,-0.01471,-0.00859,-0.0061,0.00174,-0.00669,0.00103
3896296959729274752,4187.16425,2.24744,4.75381,0.00836,-0.23401,0.00233,0.09507,123.03,backup,178.61908,4.5004,63.60625,5.61753,13.6621,1.62117,0.04351,0.08548,0.04993,0.05963,0.05743,0.50905,0.72075,-0.0181,-0.00752,-0.01316,-0.00054,-0.01428,-0.00212
3652545471052416000,4188.63755,2.20373,4.8636,0.00797,-0.30795,0.00218,0.13198,134.15,backup,216.50287,-1.50145,53.42275,6.94983,13.35811,1.64464,0.07668,0.11567,0.11623,0.10197,0.12188,0.66293,0.60323,0.00037,-0.00657,-0.00908,-0.01517,0.00412,-0.00316
2562653436148026880,4189.98464,2.41783,4.74441,0.00803,-0.48054,0.00217,0.17545,146.23,backup,19.35807,3.25951,-58.97167,8.43413,12.74674,1.553,0.03011,0.11335,0.13896,0.21717,0.11526,0.26559,0.55639,0.0068,0.04721,0.02757,0.09073,0.0005,0.03402
1567226836097359744,4190.85976,2.57208,4.96815,0.00775,-0.38311,0.00215,0.11799,116.2,backup,198.80507,59.92234,56.95296,9.18704,12.66652,1.59218,0.02019,0.06318,0.08545,0.07398,0.02894,0.31955,0.51805,0.00711,0.02407,0.00345,0.01814,-0.01094,-0.0052
5185512276446881408,4191.70277,2.78736,4.79292,0.01041,-0.34635,0.00273,0.1263,111.44,backup,43.31499,-3.67645,-52.64109,4.55088,14.22498,1.6073,0.04838,0.12458,0.10221,0.08101,0.09941,0.38833,0.75273,-0.00869,0.02856,-0.01692,0.0126,-0.00977,0.02645
4009594417426114432,4191.92385,1.93156,4.93448,0.00615,-0.31558,0.0017,0.08916,144.42,backup,184.78725,27.53574,82.81865,9.97236,12.48671,1.60314,0.01732,0.07388,,,0.06246,0.23445,0.54884,,,,,-0.00268,0.01696
1072019408971108992,4192.98298,2.48447,4.89113,0.00828,-0.39691,0.00226,0.15358,131.51,backup,159.97573,67.63895,44.91314,6.27435,13.53241,1.60026,0.01408,0.07211,0.08451,0.03464,0.03244,0.19525,0.59352,0.00242,0.03608,-0.00732,0.00648,-0.00774,0.00518
1503942279698447616,4193.00397,2.48912,4.62593,0.00966,-0.36324,0.00291,0.20305,117.07,backup,205.66335,46.20317,68.39989,4.35198,14.07633,1.56626,0.0263,0.08089,0.15205,0.05796,0.06498,0.32519,0.81898,0.02314,0.09822,-0.00746,0.02116,-0.00517,0.02692
850995375397612160,4193.48666,1.93423,4.88009,0.00696,0.12237,0.00243,-0.06782,126.12,backup,160.78092,56.0191,53.0914,5.95026,13.37737,1.62055,0.01525,0.04779,0.00663,,0.01416,0.31909,0.65872,-0.01313,-0.01088,,,-0.01073,-0.00592
3659719887502887424,4193.97254,2.29485,4.73951,0.00786,-0.03595,0.00254,0.02424,129.83,backup,211.09839,-0.17766,57.54967,5.03397,13.74336,1.64018,0.06738,0.10534,0.09982,0.17701,0.13062,0.63967,0.73843,-0.00353,0.00633,0.04584,0.06333,0.01617,0.02907
1531732092491740928,4195.16727,2.35575,4.78632,0.0092,-0.16514,0.00271,0.0965,111.25,backup,185.48072,37.97925,77.50388,5.1903,13.68981,1.61515,0.02349,0.06911,,,0.04762,0.33985,0.77794,,,,,-0.0073,0.01356
3588441881569927680,4195.249,2.28993,4.7725,0.00708,-0.58425,0.00203,0.26636,165.39,backup,176.60994,-9.58078,50.0517,8.40637,12.68272,1.51406,0.01318,0.07998,,,,0.16481,0.51788,,,,,,
1505862714195191168,4195.64766,2.59223,4.73544,0.00984,-0.25865,0.00263,0.08015,128.0,backup,211.23265,46.02603,66.1486,4.60779,14.01836,1.59283,0.02388,0.06177,0.03618,-0.00911,0.01408,0.38652,0.79565,-0.00989,0.00491,-0.0274,-0.03113,-0.01843,-0.01267
4030573133643368320,4195.96206,3.21159,4.98402,0.00988,-0.45817,0.00258,0.11447,119.39,backup,182.16148,37.66254,76.14392,6.13725,13.61962,1.58962,0.02329,0.07433,0.10055,0.06108,0.05474,0.31329,0.71793,0.00821,0.0489,-0.00415,0.02056,-0.00614,0.01601
1321712280527395712,4197.0078,2.10692,4.98548,0.00663,-0.24212,0.00184,0.06089,149.36,backup,239.64328,32.04237,49.33221,7.08074,13.1645,1.63051,0.05712,0.09666,0.12042,0.08134,0.07379,0.59093,0.57556,0.01404,0.01219,-0.00905,-0.0103,-0.01351,-0.01465
1583275857572201984,4198.63137,1.82716,4.84466,0.00649,-0.08146,0.00195,0.05595,142.9,backup,187.92503,62.28254,54.69333,6.23146,13.33695,1.62725,0.02197,0.05816,0.09449,-0.00593,0.03267,0.37771,0.64925,0.01372,0.03938,-0.02421,-0.02582,-0.00963,-0.00076
1321335491636477056,4198.83935,2.96476,4.66352,0.01041,-0.58168,0.00296,0.31227,109.56,backup,238.64712,30.71728,50.03631,4.07306,14.3479,1.53758,0.05456,0.09676,0.10006,0.07976,0.08825,0.5639,0.77807,0.00186,0.02329,-0.00958,0.0075,-0.00479,0.01411
1277217106535861888,4199.28747,2.27599,4.88709,0.00797,0.03027,0.00261,-0.04787,117.26,backup,230.46829,31.78414,57.08644,5.70904,13.53749,1.63296,0.04699,0.07867,0.09092,0.11902,0.06392,0.59729,0.6916,0.00732,0.01589,0.0241,0.03533,-0.00881,-0.00278
1324425389891741696,4200.39041,2.72434,5.36087,0.00701,-0.53697,0.00225,-0.25525,129.5,backup,246.53536,31.44848,43.44431,7.72986,12.36026,1.58229,0.02418,0.07076,0.05097,0.07646,0.05984,0.34168,0.50918,-0.00676,0.00178,0.00195,0.01476,-0.00373,0.0063
1575477227754970624,4200.42368,2.63583,4.89399,0.00837,0.01013,0.0027,-0.02288,111.2,backup,181.49277,57.44691,58.63163,5.42612,13.53453,1.61546,0.02132,0.06235,0.08149,0.0296,0.04412,0.342,0.71602,0.00655,0.03702,-0.0112,-0.00013,-0.00623,0.01027
1518982396174329472,4200.83529,2.82106,5.00373,0.00875,-0.29181,0.0025,0.09811,110.45,backup,187.8086,35.10852,80.9272,8.12105,12.92799,1.61414,0.02237,0.06585,0.0728,0.04918,0.04156,0.33978,0.62197,0.00236,0.0229,-0.00566,0.00821,-0.00825,0.00348
1047664985898060160,4200.87117,2.29705,4.73556,0.00858,-0.40057,0.00244,0.21562,114.15,backup,158.97499,59.32879,50.27166,6.14522,13.32962,1.54286,0.01835,0.05367,,,0.02372,0.34189,0.63257,,,,,-0.01024,-0.00335
3584155504208815232,4200.87406,2.55174,4.92107,0.00777,-0.40968,0.00214,0.14888,123.17,backup,183.58722,-6.74827,54.95413,7.13307,13.15816,1.58644,0.03137,0.11494,0.07863,0.13623,0.13032,0.2729,0.60076,-0.00991,0.01587,0.00581,0.05048,0.0042,0.04692
2510753394940525184,4201.71094,1.73152,4.89992,0.00579,-0.0611,0.00169,0.02634,155.95,backup,25.28537,2.25864,-58.26549,8.14842,12.72368,1.62189,0.02459,0.11873,0.06188,0.1725,0.08594,0.2071,0.56613,-0.01177,0.01044,0.01113,0.07307,-0.00679,0.02406
1491288481410767232,4206.90644,2.70977,4.91472,0.0089,-0.18874,0.00249,0.04504,110.51,backup,218.00874,40.95709,65.13481,6.54495,13.27355,1.605,0.03032,0.06868,,,0.03265,0.44153,0.67011,,,,,-0.01591,-0.00845
1320290611992661888,4209.73545,2.75606,4.81445,0.00987,-0.31619,0.00252,0.1094,121.32,backup,241.0046,29.83375,47.90087,4.88984,14.06982,1.61714,0.06699,0.12382,0.13413,0.11354,0.11139,0.54103,0.70297,0.00558,0.0273,-0.00556,0.01282,-0.00672,0.01132
3692978499337010688,4210.39691,3.3047,4.72979,0.01087,-0.5582,0.00303,0.27543,112.41,backup,185.62531,-4.43864,57.66833,5.39421,13.706,1.53271,0.04244,0.09276,0.11616,0.12068,0.18942,0.45751,0.7144,0.01071,0.04055,0.01277,0.04377,0.04423,0.09289
1077346474088547712,4210.67042,1.79558,4.86778,0.0063,0.14795,0.00218,-0.08023,137.14,backup,161.55597,72.50599,41.5661,5.19101,13.5711,1.60618,0.01573,0.28901,0.38942,0.28628,0.27618,0.05443,0.64031,0.00547,0.23362,-0.00015,0.16758,-0.0007,0.16111
741757967464442368,4212.03712,2.76518,5.06894,0.00808,-0.09827,0.00243,-0.02482,113.57,backup,155.07328,29.76639,56.818,7.23833,12.94204,1.60447,0.01903,0.08119,0.08977,0.03741,0.07618,0.23437,0.60347,0.00201,0.03514,-0.01026,0.00354,-0.00118,0.02694
1504085731605715328,4213.95091,2.58272,4.5759,0.00927,-0.39602,0.00277,0.22366,118.21,backup,206.02652,46.9782,67.61133,4.26577,14.02999,1.5318,0.02613,0.07874,0.08382,0.12593,0.05697,0.3318,0.82343,0.00168,0.04289,0.01565,0.07756,-0.00722,0.02079
1565353440083087360,4214.00996,2.27588,4.98169,0.00662,-0.4246,0.00187,0.16598,134.14,backup,200.37244,55.58732,61.02603,10.61175,12.19202,1.54761,0.0212,0.06798,0.09339,0.08616,0.04228,0.3119,0.4829,0.00793,0.0239,0.00567,0.02041,-0.00802,-0.00079
3689364851291592576,4216.45147,2.04974,4.69835,0.00779,-0.28206,0.00229,0.16263,130.85,backup,194.40086,-0.19286,62.63871,7.02523,13.1285,1.59678,0.03034,0.06625,0.08629,0.06439,0.06697,0.45791,0.63627,0.00917,0.02456,-0.00085,0.01063,0.00033,0.01227
1467417396776366848,4217.18375,3.78996,4.90813,0.01034,-0.51565,0.00259,0.12875,109.5,backup,194.21578,32.68347,84.32192,6.88202,13.34605,1.55639,0.02534,0.06694,,,0.05205,0.37862,0.68549,,,,,-0.00564,0.01034
1510050169869950592,4217.77267,2.5251,5.06411,0.00739,-0.27984,0.00182,0.04313,167.04,backup,207.83563,48.03628,66.05578,8.72392,12.71174,1.60194,0.02174,0.06647,0.0868,0.07698,0.04927,0.32709,0.56747,0.00665,0.02751,0.00344,0.02194,-0.00563,0.00622
1715959423254522112,4218.12501,2.66999,4.59184,0.01,-0.43006,0.00278,0.22167,118.01,backup,195.18234,75.90516,41.20952,5.08136,13.61484,1.51139,0.01802,0.07379,0.15164,,0.0643,0.24424,0.64556,0.01901,0.07987,,,-0.00232,0.02349
4414601380943005568,4218.47483,2.09929,4.81601,0.00725,0.06815,0.00239,0.00126,129.94,backup,231.54035,-1.88425,42.79607,6.5602,13.55387,1.81682,0.47164,0.5319,0.52377,0.56571,0.46748,0.88671,0.5633,-0.00721,-0.17661,0.02998,-0.15298,-0.05712,-0.20831
767184139497103232,4218.47667,2.75284,5.01526,0.00824,-0.32151,0.00215,0.08244,124.55,backup,172.71,39.13305,69.3706,8.33206,12.90054,1.6073,0.01699,0.06894,0.05747,0.00177,0.07711,0.24639,0.59285,-0.00282,0.01709,-0.01655,-0.01594,0.00201,0.02873
1467227524862295424,4218.7333,3.13748,4.98933,0.00971,-0.31638,0.00241,0.08715,114.44,backup,196.63803,32.66854,83.56516,6.7898,13.28397,1.59713,0.02395,0.06135,0.07082,,0.03473,0.39035,0.68989,0.0037,0.02491,,,-0.01039,1e-05
4421744044699877376,4219.18894,1.89889,4.72368,0.00719,-0.36941,0.00207,0.22919,141.43,backup,228.72556,2.32022,47.65525,8.14045,12.69458,1.5497,0.06798,0.12563,0.10846,0.10133,0.12006,0.54109,0.51633,-0.00929,-0.01198,-0.01315,-0.01566,-0.00301,-0.00599
1564729879551049728,4219.21555,2.51642,4.91941,0.00854,-0.26112,0.00224,0.10474,116.38,backup,197.25849,55.41806,61.53081,7.09212,13.05076,1.58966,0.02241,0.07202,0.09891,0.07858,0.04106,0.31117,0.62902,0.00837,0.03981,0.00204,0.02702,-0.00963,0.00342
5187866193402837504,4219.54796,2.74327,4.84629,0.0109,-0.24027,0.00281,0.11525,109.39,backup,44.31126,-1.71789,-50.58425,4.30459,14.31014,1.6476,0.10326,0.19473,,,0.20701,0.53027,0.76207,,,,,0.00651,0.05449
1048947050815828992,4219.5504,2.60695,5.03997,0.00765,-0.11665,0.00218,-0.03084,122.39,backup,159.881,61.80556,48.99202,7.75528,12.77907,1.5896,0.01689,0.05586,0.00117,0.08644,0.02843,0.30231,0.54087,-0.01654,-0.01626,0.00924,0.02987,-0.00829,-0.00151
1570214724586928128,4220.47602,4.35025,4.77815,0.0098,-0.90501,0.00282,0.38197,113.19,backup,194.36061,53.84246,63.26283,7.54305,13.33536,1.54339,0.02183,0.0659,0.10237,0.13103,0.04856,0.33135,0.61217,0.01209,0.04083,0.02158,0.05838,-0.00574,0.00789
5187099936877441792,4221.48475,2.05339,4.77028,0.00715,-0.04056,0.00218,0.03756,132.15,backup,43.25439,-3.008,-52.23574,4.66289,13.8775,1.61924,0.04553,0.13216,0.14075,0.22408,0.12391,0.34454,0.74239,0.00296,0.05896,0.03167,0.12082,-0.00284,0.04646
1503036419556093056,4221.91909,2.4772,4.85827,0.00878,-0.2144,0.00236,0.08522,139.46,backup,207.87542,46.03354,67.66199,5.64795,13.60661,1.60172,0.02378,0.06673,0.02061,-0.0169,0.04338,0.35635,0.73022,-0.01643,-0.00873,-0.0298,-0.03612,-0.00832,0.0079
1224870491808459904,4223.87295,1.88493,4.96429,0.00635,0.07077,0.00198,-0.05214,142.51,backup,236.14361,29.15044,51.99267,6.29572,13.17822,1.62855,0.05286,0.0934,0.13962,0.08045,0.07618,0.56594,0.63257,0.02616,0.03546,-0.00733,-0.00197,-0.00974,-0.00467
1153464942524100224,4224.15445,2.00343,4.59989,0.0072,-0.42748,0.00217,0.24359,162.69,backup,225.15242,2.11723,50.23406,6.5133,13.17306,1.54679,0.10613,0.15767,0.18299,0.18375,0.14381,0.67313,0.61098,0.01705,0.00567,0.01756,0.00614,-0.00933,-0.01827
1216738675608258432,4225.33968,2.77355,4.96652,0.00932,-0.09874,0.00246,0.01384,109.78,backup,238.66064,22.11105,48.28453,5.91924,13.50051,1.64376,0.13126,0.20309,,0.24937,0.17557,0.6463,0.63536,,,0.02991,0.02719,-0.01779,-0.01971
1223641031650808448,4227.97747,1.80941,4.85481,0.00659,-0.12554,0.00181,0.05027,143.44,backup,237.27375,27.50324,50.75466,7.26587,13.01907,1.62238,0.06212,0.11064,0.09998,0.11279,0.08518,0.56148,0.57373,-0.00599,-0.00477,0.00121,0.00259,-0.01429,-0.01325
1508891456412741760,4228.08058,2.17991,4.80544,0.00797,-0.20681,0.00213,0.08604,148.69,backup,210.90337,46.47457,65.97812,5.37633,13.70066,1.60333,0.02348,0.06376,0.11183,0.01378,0.02842,0.3682,0.74312,0.0177,0.05962,-0.0184,-0.01324,-0.01301,-0.00236
1072690557741003264,4228.88121,2.1158,4.91648,0.00723,-0.25192,0.00182,0.08933,147.62,backup,165.74847,69.84861,44.50613,7.74701,12.9684,1.59802,0.01522,0.07718,,,0.05227,0.19719,0.51513,,,,,-0.00491,0.01171
1504214546265023872,4229.07012,2.16891,4.71686,0.00805,-0.19798,0.00244,0.12711,124.01,backup,213.90968,42.21126,67.15515,5.15423,13.75637,1.60913,0.02661,0.06183,0.09389,0.07368,0.03207,0.43032,0.76078,0.01379,0.04482,0.0051,0.02945,-0.01281,-0.00221
1471993323653244160,4230.33023,3.45288,5.00948,0.0098,-0.4465,0.00252,0.12566,114.46,backup,203.83505,35.99743,77.12855,6.85314,13.29988,1.57152,0.02564,0.06231,0.05594,0.0363,0.03585,0.41149,0.67955,-0.00262,0.01237,-0.0107,-0.00097,-0.01089,-0.00128
851017056392427136,4230.9932,2.40013,4.66214,0.00846,-0.10557,0.00266,0.07678,113.68,backup,162.08801,56.27174,53.4975,4.81414,13.79347,1.59715,0.01631,0.0478,0.0005,0.04378,0.02542,0.34118,0.73705,-0.01614,-0.01594,-0.00137,0.01596,-0.00764,0.00243
1591196945497799296,4231.4255,2.36637,4.93474,0.00789,0.01797,0.00251,0.0169,111.11,backup,219.19962,47.66307,60.95365,5.8648,13.32814,1.61904,0.02958,0.08752,0.10862,0.0953,0.07197,0.33797,0.69654,0.00713,0.04608,0.00263,0.0368,-0.00526,0.02055
1303367547493631872,4232.1799,2.14081,5.0616,0.00632,-0.07593,0.00187,-0.05188,124.12,backup,244.5991,25.8233,44.0037,8.6999,12.53008,1.60843,0.0246,0.15949,0.14517,0.18595,0.15015,0.15422,0.47208,-0.00221,0.04394,0.00408,0.06319,-0.00144,0.04629
3653536371547263744,4232.22347,2.18004,4.79718,0.00814,-0.21747,0.00209,0.09505,131.23,backup,217.7903,1.03843,54.60595,4.97726,13.83739,1.61008,0.06533,0.09935,0.08488,0.10628,0.10443,0.65754,0.73025,-0.00952,-0.00335,0.00456,0.01229,0.00334,0.01093
770181094661165952,4233.08452,2.40144,5.05557,0.00764,-0.09918,0.00216,0.03787,122.56,backup,172.0235,39.67233,68.64308,7.5385,12.9008,1.60981,0.01652,0.06581,0.05971,-0.10604,0.05481,0.25095,0.62781,-0.00153,0.02097,-0.04313,-0.08309,-0.00276,0.0179
1273556385650134784,4233.58027,1.98964,4.79112,0.00766,-0.20294,0.00218,0.13845,130.97,backup,232.50394,29.64738,55.1999,6.17148,13.36412,1.63358,0.05288,0.08585,0.11844,0.10972,0.08354,0.61595,0.65508,0.02008,0.02471,0.0147,0.019,-0.00143,0.00184
1276450712571819904,4233.61613,2.86757,4.72009,0.00933,-0.54719,0.00242,0.30687,123.36,backup,228.07,31.56875,59.12204,5.45385,13.6302,1.51549,0.04721,0.07702,0.06948,0.04786,0.04611,0.61292,0.71605,-0.00462,0.00254,-0.01787,-0.01293,-0.01895,-0.01419
1591057719837996672,4234.35819,2.77213,4.90544,0.00717,-0.575,0.00201,0.26728,120.2,backup,220.95914,47.71663,59.94582,10.5928,12.25994,1.51834,0.02654,0.09044,0.06539,0.0539,0.04704,0.2934,0.47988,-0.00735,0.00484,-0.01072,-0.00067,-0.01273,-0.00396
1057243347083422464,4235.34459,2.35426,4.83918,0.00895,-0.28286,0.00213,0.11527,135.48,backup,169.39378,65.33063,49.03504,6.02316,13.47842,1.57613,0.01536,0.05419,,,0.0321,0.28346,0.6332,,,,,-0.00626,0.00496
4025172195088363392,4236.51745,2.24484,5.03754,0.0064,-0.34208,0.00164,0.07961,164.37,backup,172.82565,31.99637,71.93792,8.0678,12.85924,1.57435,0.02166,0.07721,0.08971,0.02094,0.07579,0.28057,0.61044,0.00351,0.0331,-0.01579,-0.00888,-0.0004,0.0246
3936947382076328064,4238.04838,4.59515,4.76207,0.01423,-1.48874,0.00446,0.54142,141.55,other,198.65908,17.03923,78.57396,4.84651,16.25863,1.66136,0.03161,0.07304,0.07995,0.08363,0.06399,0.43271,0.8017,0.00299,0.03249,0.00458,0.03544,-0.00392,0.0197
2576932759298231168,4238.5837,2.36486,4.84036,0.00841,-0.33619,0.0021,0.13238,141.15,backup,17.7242,7.03693,-55.51153,8.57124,12.60123,1.55485,0.02579,0.1358,0.11308,0.14123,0.09841,0.18991,0.53667,-0.00432,0.03489,0.00103,0.05001,-0.0071,0.02703
1059771983309130112,4239.05052,3.15632,4.80338,0.01103,-0.36327,0.00253,0.12262,120.34,backup,157.98612,65.93659,45.56769,5.28515,13.76902,1.56003,0.01327,0.06335,0.08455,0.05343,0.03439,0.20952,0.6607,0.00444,0.04259,-0.00208,0.02203,-0.00607,0.00945
1056587522757084032,4239.07338,2.4828,4.70336,0.00954,-0.36654,0.00257,0.21986,117.32,backup,172.0857,65.40454,49.54811,4.37513,13.92621,1.51426,0.01772,0.0579,0.072,0.03251,0.02709,0.30601,0.75128,0.00431,0.03637,-0.00777,0.00671,-0.00943,0.00264
1558346905314470016,4241.71921,3.52179,4.8784,0.01239,-0.29435,0.00297,0.09272,111.54,backup,204.75829,49.06759,66.213,4.3329,14.18013,1.56429,0.02309,0.06356,0.04149,-0.07728,0.01494,0.36334,0.81539,-0.00802,0.01074,-0.05117,-0.08611,-0.01767,-0.01091
1675458019091686272,4242.2389,2.96085,5.11231,0.00959,-0.14369,0.00206,-0.13296,137.13,backup,197.16465,61.51159,55.49532,4.05844,13.73729,1.56731,0.024,0.06674,0.04411,0.00799,0.03073,0.35965,0.80298,-0.00814,0.01142,-0.02113,-0.01759,-0.01295,0.00068
3587334123605267072,4244.92855,2.30016,4.82255,0.00869,-0.14475,0.00237,0.05921,134.55,backup,177.41176,-10.94839,49.07957,6.17479,13.26902,1.59198,0.04562,0.08227,,,,0.55446,0.6243,,,,,,
1154953573894521856,4245.55726,3.38749,4.95317,0.00835,-0.42391,0.00179,0.03194,179.84,backup,224.67881,3.61663,51.58157,8.56669,12.5808,1.57902,0.0662,0.13554,0.10949,0.07906,0.1322,0.48845,0.51889,-0.01272,-0.00939,-0.02759,-0.02518,-0.00163,0.00239
3945114313929291136,4245.78549,3.60744,4.99929,0.01054,-0.29569,0.00239,0.06976,111.51,backup,196.47253,24.11811,85.56503,6.21698,13.4564,1.59798,0.02559,0.0589,0.02483,0.01494,0.06034,0.43451,0.72278,-0.0148,-0.00765,-0.0191,-0.0148,0.00063,0.01802
1320277520932330752,4247.28938,3.905,4.84933,0.01028,-0.61162,0.00266,0.25275,121.02,backup,240.95743,29.59489,47.90519,4.94829,13.97062,1.52424,0.07155,0.13069,0.09635,0.06616,0.10664,0.54747,0.6987,-0.0188,-0.00423,-0.03533,-0.02533,-0.01317,0.00296
2501430051733077248,4248.41985,2.24164,4.89108,0.00807,-0.01355,0.00235,0.02084,117.63,backup,36.77928,1.35294,-53.37501,6.45613,13.11037,1.5994,0.0303,0.09441,,,0.07409,0.32096,0.63008,,,,,-0.00652,0.01638
1487302197707276928,4248.75194,3.61105,4.83703,0.00866,-0.79442,0.00247,0.33519,143.91,backup,220.47773,39.87527,63.83506,10.60877,12.33763,1.49625,0.02448,0.06636,0.07434,0.02862,0.02681,0.36887,0.49177,0.00294,0.01208,-0.01392,-0.0104,-0.01459,-0.0113
1055927953219743616,4252.95488,2.18173,4.79279,0.00859,-0.14939,0.00235,0.10048,139.53,backup,166.20121,65.24137,48.34604,4.92933,13.83905,1.59568,0.01598,0.10377,0.15511,0.05643,0.07739,0.15399,0.70258,0.00791,0.093,-0.00729,0.02367,-0.00406,0.03839
1568175542835243264,4254.7548,2.78251,4.88848,0.00956,-0.14552,0.00232,0.00949,111.43,backup,190.80176,51.17871,65.89901,5.48357,13.5482,1.56208,0.02406,0.06462,0.04396,0.07482,0.04131,0.37227,0.73598,-0.00769,0.0083,0.00379,0.03101,-0.00868,0.00635
1277743463368127232,4254.95905,2.96266,5.00393,0.00961,-0.12065,0.00238,0.01976,113.58,backup,231.12555,33.17719,56.5518,6.45209,13.22755,1.59819,0.04609,0.08005,0.06763,0.17082,0.06194,0.57578,0.64462,-0.00716,-0.0025,0.05226,0.06402,-0.01043,-0.00617
1322183867936174720,4258.36499,2.6352,4.8868,0.00935,-0.01739,0.00265,-0.0068,107.87,backup,240.6279,31.48982,48.44119,4.08823,14.06853,1.58831,0.05272,0.09357,0.08024,0.11072,0.08002,0.56346,0.76875,-0.00751,0.00896,0.00966,0.03239,-0.00764,0.00879
2507665824555214976,4259.95783,3.30443,4.99184,0.01066,-0.26156,0.0025,0.07333,108.61,backup,28.77211,-0.45249,-59.25589,7.98771,12.84006,1.57287,0.0326,0.10426,0.12404,0.06827,0.08633,0.31265,0.57717,0.00619,0.039,-0.01125,0.00681,-0.00561,0.01723
1580013984530004736,4260.80944,2.92317,5.06346,0.00923,-0.21751,0.00217,0.06296,131.45,backup,189.18779,60.49213,56.54249,5.22793,13.74858,1.59154,0.02245,0.05779,0.09377,0.06903,0.03103,0.38837,0.72104,0.01397,0.04517,0.00436,0.02732,-0.0104,-7e-05
3793713108972369536,4262.96199,2.67763,4.88575,0.00913,0.03743,0.00286,-0.02931,116.55,backup,172.97319,-1.35418,55.68064,6.92427,12.90759,1.58267,0.02591,0.09464,0.12634,0.06022,0.0732,0.2738,0.61489,0.00868,0.05177,-0.00942,0.01112,-0.00587,0.01909
3262737091125733120,4263.67291,3.10301,5.05163,0.00983,-0.13456,0.00241,0.02828,108.4,backup,50.53686,-0.94447,-45.38277,8.52929,12.60251,1.5904,0.01165,0.22527,0.18374,0.23866,0.18339,0.05172,0.48708,-0.00215,0.07785,0.00069,0.1046,-0.00217,0.07768
1526625960493736448,4264.28715,2.1119,4.78088,0.00698,-0.41779,0.00174,0.23746,146.14,backup,199.13358,44.16857,72.22734,7.80703,12.73534,1.50968,0.02441,0.06909,,,0.05628,0.35326,0.62311,,,,,-0.00453,0.01066
1216081579974078336,4264.65853,3.52833,5.03733,0.00955,-0.35196,0.00212,0.05463,117.37,backup,236.31061,20.29652,49.83159,7.00961,13.22726,1.59574,0.07562,0.1234,0.12975,0.14329,0.12191,0.6128,0.58194,0.00389,-0.00011,0.01219,0.00777,-0.00091,-0.00467
1473454402808100992,4264.983,2.9629,5.02233,0.00865,-0.26885,0.00193,0.04894,130.67,backup,201.57447,35.52871,78.7863,7.23631,13.01229,1.56823,0.02668,0.06268,0.04057,0.02998,0.02333,0.4257,0.66191,-0.00941,0.00017,-0.01392,-0.00683,-0.01675,-0.01124
1529587288904810496,4265.06399,2.85024,5.02301,0.00861,-0.16757,0.00209,0.01052,127.24,backup,197.45915,44.33275,72.40268,6.06117,13.34228,1.58513,0.02632,0.07011,0.04837,0.09198,0.06101,0.37543,0.71581,-0.00816,0.0083,0.00821,0.03951,-0.00342,0.01735
3580476297783049600,4265.12379,3.63777,5.05325,0.01091,-0.2729,0.0025,0.06861,107.39,backup,183.01562,-11.21889,50.48099,7.87663,12.90736,1.60158,0.04288,0.18359,,,,0.23354,0.54319,,,,,,
1663353151984165760,4267.44076,2.73819,5.14963,0.00801,-0.2994,0.00182,0.0772,148.28,backup,199.27708,60.82567,56.02285,6.07972,13.42603,1.5756,0.02221,0.06678,0.11155,0.02119,0.03577,0.33257,0.66418,0.01489,0.05188,-0.01516,-0.00814,-0.01031,0.00155
2497915394095356928,4267.74628,2.08814,4.87424,0.00757,-0.00742,0.00211,0.00493,135.73,backup,43.59589,-0.52335,-50.27336,5.05462,13.61632,1.58431,0.04138,0.19014,0.16498,0.16974,0.18182,0.21765,0.70396,-0.00547,0.07476,-0.00444,0.07811,-0.00181,0.08661
1273016628520743808,4270.16102,2.49966,4.863,0.00948,-0.20028,0.00203,0.04048,125.39,backup,236.07351,29.97516,52.1562,6.13472,13.30563,1.56538,0.05219,0.0924,0.12093,0.13672,0.06836,0.56477,0.64292,0.01611,0.02556,0.02503,0.03571,-0.01358,-0.00824
3668168191253343744,4273.17354,2.55281,4.77025,0.00956,-0.01384,0.00286,0.05067,107.22,backup,213.66735,4.49701,59.89772,4.32998,14.01573,1.60173,0.04835,0.08336,0.03844,0.11632,0.07044,0.57993,0.79778,-0.02605,-0.01768,0.01911,0.04445,-0.00749,0.00785
864549398830051072,4273.36556,3.55838,5.13527,0.01034,-0.21728,0.00234,0.03082,111.72,backup,176.99771,65.58754,50.26817,7.06734,13.06123,1.57933,0.01884,0.06576,0.07704,0.05142,0.03167,0.28642,0.58127,0.00323,0.02595,-0.00411,0.01106,-0.00976,-0.00043
3656996122322865408,4274.26208,1.77513,5.21819,0.00535,0.02832,0.00157,-0.12652,153.62,backup,207.90507,-4.33327,55.34279,8.51001,12.48916,1.57172,0.02513,0.08538,0.06012,0.0875,0.07519,0.29438,0.5385,-0.00744,0.00724,0.00062,0.02198,-0.003,0.01536
1578561220432041472,4276.40264,3.11053,4.90267,0.01067,-0.30918,0.00231,0.11669,115.47,backup,196.27994,58.14477,58.89056,7.18702,12.97996,1.54789,0.02023,0.05965,,,0.02435,0.33918,0.61443,,,,,-0.01197,-0.00527
1499290658318125952,4278.31527,4.63642,5.01901,0.01344,-0.35737,0.00303,0.08276,107.63,backup,211.45515,43.03838,68.08406,4.93464,13.85223,1.55034,0.02586,0.06161,0.01878,-0.02651,0.02999,0.41977,0.77777,-0.01798,-0.01126,-0.03699,-0.04648,-0.01327,-0.00254
3703320982447732864,4279.51673,1.82172,4.88136,0.00691,-0.12691,0.00169,0.06591,148.17,backup,190.02875,2.45665,65.17989,8.90139,12.40331,1.56679,0.02441,0.06742,0.07359,0.02471,0.0699,0.36215,0.55768,0.00224,0.01662,-0.01546,-0.01063,0.0009,0.01457
4418697817670914560,4281.27334,3.6249,4.9619,0.01014,-0.42283,0.00238,0.12486,141.8,backup,228.84468,-0.42108,45.78927,6.05476,13.52162,1.5966,0.14,0.18051,0.16511,0.15577,0.1584,0.77556,0.61212,-0.01195,-0.03893,-0.01919,-0.04465,-0.01715,-0.04304
5107806731696850304,4281.73063,3.53922,5.01627,0.0112,-0.33276,0.00236,0.10422,124.5,backup,58.2615,-17.27605,-47.06357,6.58163,13.25904,1.56027,0.01046,0.09545,0.13317,0.07978,0.10889,0.10963,0.5893,0.00413,0.06801,-0.00172,0.03655,0.00147,0.0537
858663025892262400,4282.77584,3.07191,5.08947,0.00962,-0.17317,0.0021,0.04858,123.3,backup,177.88199,60.08476,55.48773,7.54253,12.85314,1.58659,0.02109,0.11537,0.10958,0.05205,0.06051,0.18284,0.58271,-0.00106,0.04276,-0.01158,0.00923,-0.01003,0.01417
1558862473189114880,4283.56696,2.75033,4.69424,0.01111,-0.22878,0.00262,0.10691,123.52,backup,206.55693,50.38059,64.50652,4.37672,13.81313,1.52473,0.02322,0.05981,0.0524,0.11055,0.04181,0.3882,0.80793,-0.00288,0.01911,0.0197,0.0661,-0.00699,0.01056
1566846984894574592,4284.81968,2.30592,5.09247,0.00801,0.0633,0.0022,-0.08405,114.92,backup,200.8177,58.61117,58.03067,6.87741,12.88881,1.57109,0.01982,0.05879,0.05948,0.01498,0.01887,0.33722,0.62723,0.00023,0.01749,-0.01477,-0.01043,-0.01346,-0.00799
1221597275756319232,4285.27066,2.49203,5.18301,0.00668,-0.18252,0.00143,-0.04788,169.47,backup,234.73488,25.72754,52.64862,8.14165,12.6861,1.59582,0.0733,0.16963,0.20274,0.21639,0.12839,0.43214,0.5421,0.01431,0.0366,0.02021,0.044,-0.01782,-0.0037
2563739032081827200,4286.17686,4.86414,4.83853,0.01193,-0.75376,0.00331,0.35009,116.74,backup,18.66054,4.308,-58.06796,6.42013,13.42388,1.50047,0.02728,0.09612,,,0.07424,0.28382,0.65268,,,,,-0.00621,0.02117
1572377223440733952,4287.70321,3.32496,5.12461,0.00885,-0.36036,0.00196,0.07453,126.31,backup,186.58395,53.55817,63.16517,8.82949,12.64889,1.58559,0.02325,0.06591,0.11005,0.14253,0.05455,0.35271,0.55447,0.01557,0.03777,0.02702,0.05578,-0.00401,0.007
3572891660417084928,4288.14547,3.12284,5.00314,0.00951,-0.33156,0.00204,0.08949,143.34,backup,174.91359,-14.15518,45.1918,7.1313,13.13956,1.56571,0.02855,0.09399,,,,0.30374,0.54882,,,,,,
1472795928485662336,4288.31582,3.32811,5.17497,0.00903,-0.19522,0.00205,-0.00616,116.99,backup,199.77916,33.8081,81.05024,7.05634,12.97886,1.55982,0.02547,0.06239,,,0.03503,0.4082,0.6737,,,,,-0.01117,-0.00187
1529664254718669440,4289.59422,2.38097,5.06496,0.0076,-0.20441,0.00172,0.06364,144.04,backup,196.45957,44.61426,72.27715,7.45501,12.86378,1.56492,0.02537,0.07254,0.07102,0.02195,0.04904,0.34975,0.64019,-0.00053,0.02009,-0.0177,-0.01132,-0.00822,0.00602
2510462058718845824,4290.28269,2.58376,4.89327,0.0107,-0.17472,0.00239,0.08935,119.27,backup,25.91531,1.55048,-58.68546,5.23703,13.69601,1.58456,0.02999,0.09857,0.01849,0.04346,0.08073,0.30423,0.72884,-0.02436,-0.01651,-0.01676,0.00169,-0.00543,0.02885
1569474821981168768,4290.8891,4.10641,4.90367,0.0104,-0.61172,0.00272,0.21265,111.0,backup,187.94191,53.74393,63.13761,5.68009,13.64648,1.50358,0.02362,0.06382,0.106,0.07039,0.05095,0.37017,0.71534,0.01562,0.0522,0.00243,0.02673,-0.00476,0.01283
3668278520373231360,4292.35341,3.36502,5.01882,0.01202,-0.1634,0.00242,0.02966,120.14,backup,216.03319,3.11242,57.32338,5.17006,13.62841,1.5709,0.05751,0.09177,0.08741,0.07179,0.09306,0.62675,0.72814,-0.00273,0.00613,-0.01252,-0.00525,0.00081,0.01025
1445367240836609920,4292.40913,4.06476,5.12205,0.00962,-0.49096,0.00216,0.09683,118.25,backup,205.99435,26.41525,78.25678,7.79572,13.0267,1.54051,0.02627,0.06203,0.09954,0.07672,0.04015,0.42349,0.63385,0.01589,0.03683,0.00622,0.02236,-0.00927,-0.00082
1211047362906888832,4294.84797,3.50756,4.99923,0.0112,-0.24375,0.00228,0.04687,107.29,backup,234.12161,20.18424,51.74399,5.31998,13.6729,1.59735,0.10095,0.16984,0.23346,0.18914,0.15709,0.59439,0.69298,0.03782,0.06084,0.01147,0.03012,-0.00758,0.00791
1072530338280686592,4294.88612,2.3002,4.94904,0.00928,-0.12167,0.00201,0.06317,139.09,backup,163.13036,68.86121,44.74971,5.25545,13.6063,1.57383,0.01498,0.07807,0.11942,0.08108,0.05301,0.19185,0.65756,0.00793,0.06355,0.00058,0.03834,-0.00481,0.01988
3798890326974823552,4295.20362,2.65398,5.09911,0.00753,-0.278,0.00167,0.07057,139.62,backup,174.08607,0.81713,58.10922,8.85993,12.60788,1.56911,0.01545,0.08534,0.07878,0.04619,0.06297,0.18099,0.53543,-0.00119,0.02674,-0.00709,0.00929,-0.00405,0.01827
1207736492874663168,4296.33051,2.97898,5.08305,0.00778,-0.38738,0.00183,0.08874,133.05,backup,232.97938,17.17281,51.70794,8.80641,12.67628,1.58274,0.07216,0.15128,0.09982,0.05073,0.10049,0.47695,0.50982,-0.02454,-0.02126,-0.04796,-0.04629,-0.02423,-0.02092
841597059240962816,4297.20041,2.95957,5.07708,0.00998,-0.05454,0.00238,-0.00184,107.67,backup,175.18763,55.42066,58.94854,5.38456,13.42027,1.5678,0.02068,0.05297,0.05411,0.05211,0.03957,0.39037,0.71996,0.00045,0.01828,-0.00034,0.01684,-0.00523,0.00781
1573470069278683008,4297.26396,3.45896,5.16021,0.00976,-0.2374,0.00218,0.04385,109.47,backup,183.03587,54.82793,61.3876,6.95872,13.13311,1.58114,0.02205,0.0622,0.04208,0.03156,0.04218,0.3545,0.6355,-0.00713,0.00469,-0.01086,-0.00199,-0.0071,0.00475
1675437231450000256,4297.60651,2.43462,5.0932,0.00771,-0.12701,0.00176,0.01228,154.38,backup,196.54295,61.2872,55.75102,5.50631,13.50304,1.57708,0.02267,0.06685,,,0.04823,0.33919,0.69909,,,,,-0.00632,0.01104
1154440656015226112,4297.70823,3.66999,4.9997,0.01157,-0.33638,0.00247,0.10208,118.25,backup,222.83166,2.569,52.24459,6.89018,13.2221,1.58222,0.07436,0.12224,0.11782,0.11245,0.10793,0.60828,0.60068,-0.00269,-0.00359,-0.00596,-0.00681,-0.00871,-0.00953
1298825808556696704,4297.82496,3.8765,5.15159,0.01027,-0.36597,0.00239,0.05454,114.17,backup,247.20012,22.83241,40.92851,6.39713,13.43541,1.59105,0.12518,0.17588,0.19068,,0.15411,0.7117,0.55924,0.01053,-0.01854,,,-0.01549,-0.03899
5109440056219889280,4298.58297,3.71623,5.21051,0.01134,-0.18518,0.0025,0.07296,105.34,backup,59.14669,-16.25774,-45.89651,6.68031,13.333,1.65337,0.01021,0.09003,0.06362,0.04619,0.09508,0.11346,0.57681,-0.003,0.02648,-0.00497,0.01643,0.00057,0.04463
1272940178102251136,4298.76233,3.91784,5.00369,0.0111,-0.41989,0.00249,0.11618,117.5,backup,234.73337,29.46188,53.25194,5.50421,13.66892,1.54769,0.05407,0.09078,0.08796,0.09471,0.0657,0.59553,0.68795,-0.00168,0.00645,0.00234,0.01109,-0.01494,-0.00886
1270825061328811904,4299.3639,2.1649,5.12411,0.00595,-0.27018,0.00133,0.03048,172.16,backup,232.81201,27.36454,54.63624,8.04028,12.74982,1.56202,0.07427,0.12924,0.13471,0.16645,0.12703,0.57463,0.55577,0.00314,0.0006,0.02138,0.01824,-0.00127,-0.00367
3633487258051161984,4303.69554,3.15748,5.17204,0.00851,-0.25413,0.00186,0.00069,156.44,backup,204.84723,-4.61117,56.21225,8.15754,12.66588,1.55559,0.02409,0.08045,0.0913,0.07377,0.07781,0.29946,0.55738,0.00325,0.0268,-0.002,0.01703,-0.00079,0.01928
3681712177347614336,4303.84961,3.88299,5.2205,0.01118,-0.19663,0.00242,0.04375,105.06,backup,191.09178,-4.50816,58.3175,7.35676,12.98696,1.59026,0.03103,0.07384,0.01779,-0.01299,0.07507,0.42022,0.60362,-0.02356,-0.02029,-0.03649,-0.03887,0.00051,0.01428
863919000710563456,4304.25559,1.83352,5.2026,0.00539,-0.0206,0.00144,-0.07087,179.13,backup,170.27391,63.19994,51.03278,9.15927,12.33413,1.56468,0.01694,0.05587,0.13537,0.07069,0.03537,0.30331,0.49293,0.02411,0.04978,0.0045,0.0179,-0.00622,0.00049
3586140672453089408,4304.29486,2.341,4.69909,0.01002,-0.14983,0.00247,0.07657,132.64,backup,173.65615,-12.34987,46.34354,6.16154,13.18813,1.55857,0.04297,0.09319,,,,0.46112,0.60912,,,,,,
1282318222015556352,4305.18323,2.94536,4.85131,0.01081,-0.31311,0.0022,0.12411,121.44,backup,223.69905,30.72228,62.85508,6.01475,13.30106,1.53618,0.03929,0.0681,0.07327,0.06395,0.05708,0.57693,0.69381,0.00298,0.01154,-0.0024,0.00508,-0.00636,0.00031
1716208698860264192,4306.18814,4.39219,5.10696,0.01307,-0.38729,0.00296,0.12891,107.04,backup,193.6588,76.82559,40.30118,5.255,13.83529,1.55781,0.01883,0.10296,0.13934,0.08311,0.08743,0.18284,0.62644,0.00665,0.06846,-0.00363,0.03324,-0.00284,0.03594
856662705003548544,4306.53364,2.9858,4.97909,0.01131,-0.21941,0.00212,0.08172,130.32,backup,169.4275,57.92082,55.0895,4.93011,13.79526,1.57459,0.02112,0.05255,,,0.03184,0.40191,0.7357,,,,,-0.00833,0.0023
3684204808862706048,4309.06776,4.03381,5.03237,0.01047,-0.46591,0.00259,0.12219,129.18,backup,197.68394,-3.28843,59.22893,8.28297,12.72534,1.53694,0.02117,0.0692,0.06605,0.0702,0.07299,0.30589,0.56389,-0.00096,0.01608,0.0003,0.01842,0.00116,0.01999
1295122172357567616,4310.68453,3.09855,5.03361,0.0112,-0.16321,0.00227,0.04968,116.75,backup,224.58498,37.15069,61.49126,5.85116,13.32053,1.56449,0.0292,0.06193,0.03057,-0.04245,0.0543,0.47145,0.69925,-0.01479,-0.00782,-0.04921,-0.05888,-0.0036,0.00877
1526566518146420352,4312.84352,4.01897,4.93756,0.01196,-0.45547,0.00273,0.20068,106.65,backup,197.70937,43.7516,72.9217,5.14169,13.63345,1.49379,0.02782,0.07065,,,0.05705,0.39382,0.77402,,,,,-0.00536,0.01633
1679663307470945920,4314.50047,3.64458,4.75749,0.01345,-0.35516,0.00261,0.15594,109.94,backup,192.3495,68.14202,48.98509,4.25485,14.00792,1.5331,0.02142,0.05745,0.14695,0.12122,0.04547,0.37289,0.75797,0.03337,0.08996,0.02378,0.07046,-0.00447,0.01304
1311982599054385792,4316.58903,3.17027,5.08288,0.00981,-0.0688,0.0024,-0.03632,107.23,backup,248.18156,29.74701,41.75056,5.79653,13.2778,1.55157,0.02938,0.07329,0.06109,0.03394,0.06473,0.40089,0.60109,-0.00489,0.00734,-0.01578,-0.00898,-0.00343,0.00953
1218589565994628352,4319.02064,2.86994,5.1255,0.00728,-0.40726,0.00179,0.07408,135.23,backup,238.11812,23.3065,49.09185,8.71372,12.71268,1.56151,0.0418,0.17301,0.22739,0.16397,0.16081,0.24162,0.50036,0.01314,0.07197,-0.00219,0.04024,-0.00295,0.03866
714401877648383872,4319.68358,2.15585,4.87489,0.00857,-0.16615,0.00182,0.08118,150.66,backup,139.11377,34.51484,43.7918,8.46406,12.43465,1.54854,0.02691,0.0783,0.05512,-0.01781,0.04333,0.3437,0.48009,-0.00796,-0.00045,-0.03303,-0.03546,-0.01202,-0.00611
4415427354693742592,4319.71565,4.32887,5.15544,0.01177,-0.40231,0.00267,0.10111,113.34,backup,231.66486,-0.93159,43.31775,6.65152,13.60479,1.72246,0.46023,0.51538,0.42756,0.482,0.37963,0.89298,0.56182,-0.07843,-0.22002,-0.02981,-0.18943,-0.12122,-0.24694
841307715884073600,4321.81704,4.03339,5.16276,0.01164,-0.292,0.00252,0.07852,109.63,backup,175.96334,54.75519,59.74775,5.66464,13.53113,1.5522,0.01975,0.05325,0.06366,0.02324,0.02594,0.3709,0.70475,0.00386,0.02511,-0.01113,-0.00337,-0.01013,-0.00147
1505857285356543616,4321.87693,3.17557,5.12817,0.00944,-0.25787,0.00198,0.04836,154.43,backup,211.21342,45.8934,66.25327,5.54203,13.47695,1.55329,0.02284,0.0618,0.02829,0.0763,0.01216,0.36957,0.73321,-0.01238,-0.0021,0.00536,0.03311,-0.01834,-0.01392
1685505974822090752,4322.29389,2.33673,5.10691,0.00777,-0.02109,0.00195,-0.05967,131.01,backup,197.27275,68.57364,48.47123,6.29138,13.02057,1.54373,0.02144,0.06036,0.0737,0.03888,0.05373,0.35524,0.61401,0.00474,0.02381,-0.00763,0.00243,-0.00236,0.01154
3899308315918738304,4323.44589,2.32917,5.08309,0.00747,-0.17876,0.00156,0.01304,151.3,backup,178.21326,6.90671,65.45749,7.10379,12.97187,1.55209,0.0238,0.07326,0.06268,0.01193,0.03159,0.32482,0.64099,-0.00344,0.01638,-0.01992,-0.01615,-0.01354,-0.00355
856776706320181760,4324.69617,1.89731,5.1133,0.00577,-0.1176,0.00133,-0.01602,171.33,backup,170.75132,58.31176,55.19906,8.16516,12.53263,1.53279,0.02092,0.05336,0.01359,,0.02532,0.39208,0.5527,-0.01559,-0.01341,,,-0.01099,-0.00693
3953862818713843968,4325.71123,4.08339,5.14816,0.01126,-0.32379,0.00252,0.05518,106.08,backup,186.1038,23.56342,82.93207,5.97383,13.45973,1.54546,0.02406,0.07135,0.1012,0.02266,0.06815,0.33729,0.73526,0.01007,0.05034,-0.01642,-0.0074,-0.00108,0.02605
3654902995780443008,4326.12574,3.13999,5.17801,0.00882,-0.1167,0.00214,-0.02554,120.22,backup,219.68764,1.21401,53.48259,6.77894,12.96967,1.57138,0.07071,0.11244,0.11924,0.12585,0.11285,0.62881,0.61265,0.00428,0.00235,0.00843,0.0064,0.00025,-0.00157
3573302946485503232,4326.25964,4.08059,5.10729,0.0121,-0.3265,0.00266,0.08645,110.44,backup,177.97072,-12.99031,47.35772,6.04208,13.45216,1.57015,0.06971,0.10729,,,,0.64973,0.62242,,,,,,
3883256098987730688,4327.53446,3.63069,5.25115,0.01029,-0.22797,0.00227,0.02942,117.18,backup,156.11838,11.19391,52.01215,6.67641,13.13085,1.56847,0.04489,0.10007,0.07365,0.05214,0.07904,0.44861,0.61108,-0.01185,0.00012,-0.0215,-0.01303,-0.00943,0.00341
1305800904164822144,4327.67273,5.01296,5.29799,0.01355,-0.24345,0.0025,-0.05609,106.75,backup,247.20117,28.42754,42.32454,5.88635,13.41702,1.56947,0.04692,0.12235,0.07474,0.0702,0.09455,0.38345,0.59953,-0.01826,-0.00211,-0.02,-0.00483,-0.01066,0.00977
2497973423397937280,4328.03088,3.16259,5.08666,0.00881,-0.37753,0.00202,0.07794,135.64,backup,44.0369,-0.27504,-49.78489,5.83543,13.507,1.53033,0.03083,0.1917,0.1498,0.19388,0.17878,0.16081,0.64897,-0.00674,0.06639,0.00035,0.095,-0.00208,0.0852
1253578121933548416,4328.4904,3.72856,5.12474,0.01034,-0.34899,0.00232,0.06694,109.8,backup,212.50923,22.51353,71.60079,6.34384,13.35616,1.55635,0.03926,0.09029,,,0.06452,0.43476,0.69778,,,,,-0.01121,0.00577
3601387978150316544,4331.93463,2.91368,4.79816,0.01072,-0.37989,0.00208,0.16153,134.92,backup,182.31812,-2.39229,58.77874,8.51551,12.53472,1.49929,0.02302,0.083,0.03749,0.06279,0.07832,0.2774,0.5522,-0.01262,-0.00232,-0.00561,0.01165,-0.0013,0.02023
3569076458147980672,4333.52968,3.303,5.13246,0.00979,-0.07976,0.00246,-0.06,130.76,backup,180.19653,-14.91382,46.19791,6.57833,12.99954,1.55383,0.09361,0.13949,,,,0.67106,0.58427,,,,,,
1492695134739964288,4333.82532,2.76802,4.84457,0.01546,-0.04715,0.00293,0.0252,112.44,backup,215.56487,43.25351,65.56376,4.1525,13.94276,1.55148,0.02861,0.06235,0.09559,0.007,0.04676,0.45888,0.82692,0.01525,0.05043,-0.0254,-0.02282,-0.00716,0.01005
3561128913225052544,4336.9196,3.75725,5.1301,0.01348,-0.12227,0.00268,0.02118,106.48,backup,173.58392,-13.80738,44.99109,4.6882,13.835,1.56811,0.04837,0.08936,,,,0.54125,0.70074,,,,,,
1056131500309800960,4336.97193,2.23639,4.84384,0.01039,-0.17834,0.002,0.09025,139.9,backup,171.4205,63.91981,50.69157,5.2751,13.50637,1.53517,0.01752,0.06157,,,0.02442,0.28455,0.6907,,,,,-0.01057,-0.00065
1524815374081470464,4337.22939,3.36265,5.0531,0.013,-0.03261,0.00275,-0.04221,111.01,backup,199.4237,40.43102,75.63309,5.17405,13.44418,1.54581,0.02793,0.06087,0.12856,0.1364,0.02962,0.45879,0.77638,0.03105,0.07188,0.03465,0.07797,-0.01434,-0.00493
1494923913528250880,4337.52075,2.87917,5.00618,0.01028,-0.29221,0.00184,0.11197,145.06,backup,218.24001,46.09049,62.39448,5.84755,13.25446,1.54418,0.02954,0.07341,0.07495,0.04301,0.02963,0.40235,0.7025,0.00062,0.02312,-0.01223,0.00068,-0.01762,-0.00872
1570660301674557056,4339.20855,3.1022,5.23434,0.00834,-0.22018,0.00188,-0.01388,125.91,backup,190.34975,53.39457,63.66785,6.59245,13.10251,1.54367,0.02291,0.06307,0.05102,0.0523,0.03844,0.36318,0.66297,-0.00438,0.01092,-0.00391,0.01177,-0.00895,0.00258
2509832450872997248,4342.61443,2.06322,4.29647,0.00598,0.00629,0.00435,0.23573,125.37,backup,24.70953,0.0671,-60.51522,5.14953,13.64034,1.56615,0.0292,0.09191,,,0.09292,0.31774,0.74136,,,,,0.00032,0.03968
4413626320287941376,4342.68674,4.29166,5.05425,0.0129,-0.41617,0.00293,0.10298,107.67,backup,230.24954,-4.0859,42.28558,4.58832,14.23608,1.61512,0.25358,0.30069,,,,0.84334,0.6906,,,,,,
3645622185634455552,4344.90566,1.59359,4.41266,0.0047,0.1915,0.00328,0.1684,149.12,backup,210.65624,-2.89363,55.4165,7.40022,12.97698,1.65522,0.10264,0.16914,0.15728,0.21895,0.19236,0.6068,0.58936,-0.0072,-0.00995,0.03022,0.0264,0.01409,0.01073
1469791689057418624,4347.00807,2.56226,5.24121,0.00688,-0.15364,0.00173,-0.02969,140.6,backup,201.42085,33.8051,80.05606,9.20352,12.29402,1.54525,0.02436,0.06578,,,0.03537,0.37024,0.57522,,,,,-0.01126,-0.00401
1680670734999663872,4350.49395,2.28975,4.43938,0.00679,0.26909,0.00459,0.10794,109.01,backup,189.04565,66.70623,50.35198,4.02996,14.08764,1.59821,0.02196,0.05831,0.0791,-0.00743,0.04931,0.37664,0.78314,0.00783,0.03998,-0.02476,-0.02778,-0.00339,0.01666
4418641227181862912,4350.93216,2.78294,4.16961,0.00832,-0.22404,0.00585,0.30914,121.23,backup,229.872,-0.6003,44.89766,4.16283,14.12998,1.53911,0.16548,0.19682,0.13473,0.15905,0.16363,0.84078,0.74243,-0.0522,-0.06546,-0.03175,-0.04739,-0.0279,-0.044
1273323529703309056,4352.34711,2.69531,5.04306,0.01084,-0.11775,0.00196,0.01807,130.66,backup,234.44969,30.4019,53.59694,5.58654,13.34303,1.55248,0.05101,0.08775,0.07826,0.10073,0.07576,0.58132,0.68418,-0.00552,0.00253,0.00754,0.01791,-0.00697,0.00082
3575401020829697920,4352.89593,2.23171,4.34474,0.00668,0.17556,0.00443,0.17324,111.7,backup,179.99208,-11.38327,49.51476,5.03688,13.7302,1.62945,0.09437,0.13682,,,,0.68976,0.70121,,,,,,
4413973456724444544,4354.16213,3.31012,5.21561,0.00948,-0.31563,0.00208,0.06874,133.34,backup,230.31378,-3.26201,42.79801,6.1955,13.58029,1.65331,0.31197,0.36959,,,,0.84409,0.5841,,,,,,
843814774194227200,4354.62213,2.65351,5.21906,0.00852,0.00289,0.00206,-0.09128,121.37,backup,166.60878,55.08436,56.17801,6.20717,13.12208,1.5402,0.01743,0.04847,,,0.03328,0.3596,0.65724,,,,,-0.00546,0.00444
1315721763223046400,4354.93345,2.90793,5.05574,0.00971,-0.25053,0.00192,0.0549,119.13,backup,243.28157,26.77527,45.36974,6.77846,12.96672,1.53842,0.07667,0.15111,0.16517,0.11352,0.12333,0.50737,0.56825,0.00713,0.01719,-0.01907,-0.01216,-0.01409,-0.00658
3574947953319694208,4355.91224,3.2265,5.20257,0.00893,-0.36829,0.00221,0.06765,141.13,backup,178.87801,-12.19809,48.39821,7.9451,12.8024,1.53562,0.02162,0.14948,,,,0.14463,0.52902,,,,,,
855532578848754304,4355.9614,3.62993,5.15207,0.01014,-0.54057,0.00247,0.09984,113.76,backup,159.67152,59.35106,50.53148,7.06223,13.2451,1.51289,0.01854,0.0547,0.0635,0.07353,0.02586,0.33888,0.58292,0.00298,0.01848,0.00638,0.02433,-0.00977,-0.00346
1580598374959847040,4358.12477,3.06739,5.22589,0.00874,-0.24783,0.00194,0.01314,134.87,backup,190.5129,62.2885,54.80523,5.06056,13.5522,1.52706,0.02152,0.05703,0.06267,0.10639,0.03634,0.37734,0.72524,0.00212,0.02393,0.01862,0.05564,-0.00781,0.00484
2559665062327397120,4360.45865,3.1985,5.19941,0.00893,-0.4257,0.00221,0.10017,138.98,backup,20.70829,2.78985,-59.1387,8.96317,12.63261,1.53009,0.02209,0.08206,0.01345,0.01141,0.07521,0.26924,0.53521,-0.01847,-0.0149,-0.01902,-0.01599,-0.00185,0.01816
1271645228286890240,4361.55153,4.09729,4.95542,0.01123,-0.69706,0.00329,0.25299,114.21,backup,229.17499,27.94011,57.90679,4.12691,14.22213,1.48235,0.08521,0.11435,0.16072,0.12145,0.09362,0.74519,0.80646,0.03456,0.0444,0.00529,0.01273,-0.01545,-0.00971
4033206532711402112,4362.1265,2.73422,4.33353,0.0075,-0.06986,0.0053,0.1515,117.02,backup,180.26699,37.25296,75.32695,4.00933,14.13024,1.55862,0.02601,0.07584,,,0.05112,0.34294,0.85489,,,,,-0.00848,0.0177
760073975757044736,4363.17535,3.09577,5.23138,0.00839,-0.27812,0.00201,0.03018,118.63,backup,169.65447,34.94845,68.69893,6.64782,13.12074,1.55105,0.02203,0.06937,0.10128,-0.01232,0.05332,0.31753,0.67411,0.01013,0.04625,-0.02594,-0.03034,-0.0051,0.01391
1282210637375618688,4363.90223,2.5748,5.1894,0.00698,-0.45538,0.00166,0.04622,152.05,backup,222.43475,30.04177,63.939,7.55261,12.89723,1.50644,0.03515,0.06612,0.06394,0.05241,0.04714,0.5316,0.61385,-0.00116,0.0041,-0.00729,-0.00298,-0.01009,-0.00621
1680733647680693888,4364.39934,4.26318,4.89041,0.01414,-0.48772,0.00323,0.12284,112.77,backup,188.26214,66.41145,50.61322,4.01126,14.1735,1.51014,0.02265,0.06014,0.10523,0.04826,0.04061,0.3767,0.78592,0.01698,0.06004,-0.00448,0.01527,-0.00736,0.00926
1178316138695301632,4365.27534,3.70231,4.8001,0.01554,-0.48158,0.00269,0.20363,117.14,backup,221.11829,11.4531,59.18777,5.39552,13.53171,1.48862,0.04028,0.0798,,-0.01649,0.07752,0.50483,0.72013,,,-0.04861,-0.05216,-0.00115,0.01554
1530211502272947456,4366.58384,3.03648,5.19629,0.00845,-0.34541,0.00185,0.07337,139.98,backup,193.75818,44.48312,72.63014,6.78889,13.21049,1.54901,0.02584,0.08739,0.11159,0.06971,0.06348,0.29569,0.67524,0.00716,0.04951,-0.00523,0.02123,-0.00707,0.01703
1494316811310995200,4366.84488,3.96459,5.04949,0.01577,-0.22448,0.00265,0.06783,107.32,backup,218.20979,45.11058,62.95756,4.12424,14.07948,1.53145,0.03159,0.06908,0.08267,0.03346,0.04301,0.45726,0.8223,0.00622,0.0364,-0.01629,-0.00408,-0.01192,0.00378
1677323890324248576,4366.87799,3.79296,5.33463,0.01057,-0.36042,0.00231,0.01666,117.47,backup,192.48457,64.56992,52.55756,4.45859,13.9747,1.51691,0.02202,0.05775,,,0.05073,0.38136,0.7594,,,,,-0.00268,0.0165
3574487567185399936,4367.11255,3.07746,5.20739,0.00922,-0.87154,0.0025,0.15357,163.9,backup,181.05883,-12.24947,48.99032,8.47496,12.4859,1.47226,0.01939,0.15487,,,,0.12521,0.50949,,,,,,
1498853705524870912,4369.75454,4.23354,5.00127,0.01319,-0.43371,0.00325,0.11258,107.09,backup,210.03197,42.51746,69.21227,4.36805,14.02955,1.51433,0.02669,0.06155,,,0.03185,0.43361,0.81954,,,,,-0.01288,-0.00059
4421030534668396416,4369.79965,3.11087,5.1463,0.00886,-0.55885,0.0023,0.12072,128.83,backup,233.0601,2.35669,44.26184,7.18009,13.29355,1.54802,0.08049,0.12957,0.12038,0.16123,0.12729,0.62123,0.54051,-0.00571,-0.01543,0.01967,0.00665,-0.00142,-0.01169
3573109088841907968,4370.09547,3.88793,5.16559,0.01383,-0.17806,0.00244,0.04141,117.39,backup,177.6156,-13.66737,46.6036,5.80222,13.39033,1.55852,0.05836,0.0966,,,,0.60415,0.6328,,,,,,
2512320336449083264,4370.35718,3.34854,5.13995,0.00975,-0.36041,0.00221,0.07659,121.47,backup,26.90138,2.70648,-57.23523,6.27411,13.31916,1.5231,0.02586,0.09787,,,0.0622,0.26419,0.65775,,,,,-0.00942,0.01506
742257489340895744,4370.53292,3.32042,5.18372,0.00926,-0.28531,0.00219,0.02253,112.18,backup,152.51366,29.55721,54.58403,9.4457,12.33494,1.51037,0.01343,0.0629,,0.061,0.06188,0.21347,0.49854,,,-0.00041,0.01698,-0.00022,0.01742
2508469674929892608,4370.98472,3.48615,5.2347,0.00999,-0.27429,0.00229,0.06316,111.93,backup,30.58016,2.05736,-56.18547,9.8432,12.29343,1.54081,0.0259,0.10147,0.09532,0.08272,0.07451,0.25521,0.49098,-0.00157,0.0209,-0.00478,0.01472,-0.00688,0.01069
1469620130883924352,4371.18657,3.86532,5.21874,0.01084,-0.52321,0.0026,0.09449,104.77,backup,200.85863,32.67319,81.12657,5.45678,13.72326,1.50599,0.02929,0.06711,0.04584,0.06243,0.04378,0.43647,0.76508,-0.00928,0.00579,-0.00204,0.01848,-0.01018,0.0042
1047348704506186752,4372.19498,3.75924,5.21291,0.01103,-0.32129,0.00252,0.07888,110.16,backup,158.07213,59.33002,49.91054,6.07318,13.37818,1.53492,0.01765,0.05261,0.04844,,0.02063,0.33545,0.63497,-0.0014,0.01311,,,-0.01073,-0.00455
1682986856243884032,4373.04596,3.25573,5.06193,0.01501,0.00105,0.00285,-0.0919,110.15,backup,189.43231,69.45843,47.62232,4.48509,13.74253,1.51516,0.02307,0.0617,0.09025,0.00272,0.0553,0.37387,0.73223,0.01067,0.04302,-0.02205,-0.02108,-0.00239,0.01743
858505039815235840,4373.16788,3.13617,5.2266,0.00916,-0.22087,0.00196,0.01376,122.54,backup,175.86562,59.15211,55.88375,6.70019,13.04387,1.53755,0.02137,0.06968,0.10144,,0.03365,0.30671,0.62787,0.00974,0.04232,,,-0.01105,-0.00024
1526920595250199680,4374.22687,2.83652,5.17449,0.00798,-0.35434,0.00192,0.06467,135.48,backup,194.95209,40.26834,76.74625,8.46121,12.66588,1.5305,0.01997,0.0538,,,0.0474,0.37118,0.6016,,,,,-0.00238,0.00855
1680672693504724096,4374.3418,2.89652,5.07522,0.01069,-0.22996,0.00206,0.0494,143.06,backup,189.16998,66.84401,50.21924,5.86444,13.3045,1.51557,0.02054,0.05806,,0.00765,0.05186,0.35374,0.64948,,,-0.01783,-0.01557,-0.00219,0.01315
3681039727204239872,4374.34326,2.61004,5.14722,0.00737,-0.49647,0.00201,0.08616,153.55,backup,187.58341,-4.14725,58.31188,10.12875,12.35984,1.50648,0.02106,0.10539,0.08528,0.05647,0.11653,0.19978,0.48936,-0.00402,0.02068,-0.00977,0.00658,0.00223,0.03597
1528662084229813376,4374.37803,2.58231,5.30418,0.00735,-0.22825,0.00166,0.03897,145.37,backup,193.63961,43.63349,73.48272,7.49807,12.85173,1.54702,0.02297,0.07237,0.0978,0.13894,0.04218,0.3174,0.64045,0.00807,0.03967,0.02113,0.06601,-0.00958,0.00404
2559835765803051008,4374.51449,3.75552,4.92794,0.01469,-0.34932,0.00252,0.10661,114.31,backup,21.99902,3.11526,-58.49673,4.66767,13.82535,1.53073,0.03005,0.08036,0.04339,0.03227,0.05174,0.374,0.76807,-0.01383,0.00327,-0.01798,-0.00527,-0.0107,0.00968
1518988340409068800,4375.24567,3.5175,5.16949,0.01047,-0.24602,0.00232,0.02363,106.49,backup,187.71492,35.28767,80.73368,6.42813,13.14376,1.52808,0.02424,0.06558,0.11769,0.03218,0.03595,0.36963,0.70721,0.01926,0.05899,-0.01235,-0.00148,-0.01095,0.00119
3570252866869270656,4375.69422,2.67384,4.88709,0.00791,-0.85122,0.00245,0.31536,160.54,backup,181.21495,-15.38005,46.01472,11.07651,12.23451,1.45786,0.01332,0.14892,,,,0.08942,0.40528,,,,,,
1586732309813597056,4377.33365,3.51319,5.27748,0.00995,-0.07428,0.00236,-0.07589,108.5,backup,222.90884,44.98303,60.13809,5.76558,13.23062,1.53677,0.03525,0.08471,0.0309,0.01967,0.05817,0.41605,0.6998,-0.02239,-0.01362,-0.02706,-0.02148,-0.01104,0.00546
1509272162313949696,4377.37881,3.59261,5.04251,0.01245,-0.32319,0.00251,0.06152,126.05,backup,211.03252,46.74712,65.71732,4.21219,14.09148,1.51806,0.02529,0.06531,0.16414,0.10014,0.033,0.38717,0.82293,0.03826,0.10979,0.01348,0.05712,-0.01251,0.00187
1688965313280675072,4377.59823,4.2629,5.05752,0.01474,-0.31489,0.00297,0.07283,108.67,backup,191.55432,70.40699,46.71478,4.45944,13.93505,1.51493,0.02362,0.0645,0.06073,0.01236,0.03973,0.3661,0.72907,-0.00138,0.02066,-0.01909,-0.0146,-0.00907,0.00535
1679875203977293952,4378.40677,2.13525,5.10323,0.00607,-0.40982,0.00148,0.16168,175.35,backup,189.04343,64.04261,53.00332,8.08771,12.64414,1.49872,0.02084,0.05869,0.10181,0.05395,0.041,0.35511,0.54616,0.01531,0.03476,-0.00169,0.00862,-0.00628,0.00155
3646941810041373184,4378.92738,2.46675,4.26767,0.00725,-0.10705,0.00477,0.24542,122.92,backup,213.29357,-2.73295,54.22263,4.08562,14.18679,1.56023,0.12224,0.15552,0.14474,0.14941,0.16913,0.78604,0.79579,-0.00847,-0.00706,-0.0048,-0.00335,0.0107,0.01235
1278531366528244864,4379.97232,2.39456,4.47115,0.00678,0.19636,0.00472,0.0686,118.12,backup,230.26564,33.25447,57.2707,4.09333,14.04521,1.56985,0.04636,0.07752,0.04137,0.08841,0.06211,0.59805,0.80681,-0.02162,-0.01298,0.00651,0.02497,-0.00922,0.00375
1584415157777094656,4382.89491,2.9961,4.95609,0.014,-0.16801,0.00215,0.07497,119.03,backup,182.94689,63.9273,52.64599,7.26603,12.73268,1.53839,0.02252,0.06706,0.07837,-0.00825,0.04931,0.33581,0.58322,0.0038,0.02319,-0.02529,-0.02733,-0.00596,0.00624
1078097234371894272,4383.87016,2.81195,5.05715,0.00866,-0.39303,0.00197,0.07682,138.75,backup,160.33325,73.17995,40.81462,5.31732,13.51773,1.48576,0.01621,0.46065,0.34263,0.24594,0.31439,0.03518,0.62595,-0.00415,0.19826,-0.00755,0.13774,-0.00515,0.18059
1224232740705301888,4385.56645,3.57325,5.16285,0.01065,-0.47727,0.00251,0.07704,116.03,backup,233.75412,27.35575,53.80892,4.43958,14.11768,1.52268,0.0877,0.12215,0.13794,0.10467,0.09071,0.71795,0.76643,0.01134,0.01803,-0.01255,-0.00748,-0.02257,-0.01817
742521131613087104,4386.06703,3.22731,5.21133,0.01018,-0.15832,0.00224,0.01201,108.34,backup,153.07736,31.10698,55.20224,7.45965,12.76528,1.52855,0.01785,0.06279,0.10796,0.04791,0.07529,0.28427,0.58549,0.01284,0.04536,-0.00423,0.0102,0.00355,0.02623
1281502934140396928,4388.37283,1.95726,4.33018,0.00575,0.03291,0.00385,0.26469,123.3,backup,222.37966,28.49717,63.91941,4.79725,13.68482,1.53736,0.05203,0.08285,0.06801,0.04772,0.05003,0.62796,0.77638,-0.00932,0.00078,-0.02206,-0.01498,-0.02061,-0.01318
856763653914794880,4388.60012,2.08802,4.98927,0.00583,-0.5186,0.00142,0.23761,178.51,backup,169.80318,58.16559,55.01808,8.89616,12.40027,1.46054,0.02008,0.05246,,,0.02975,0.38287,0.52136,,,,,-0.00869,-0.00457
3945068267584200320,4388.90665,2.41158,5.148,0.00693,-0.51738,0.00181,0.0772,136.49,backup,197.19181,23.97011,84.97567,8.90409,12.64671,1.50029,0.01407,0.05954,0.08548,0.03027,0.03723,0.23633,0.5914,0.00613,0.03648,-0.00692,0.00383,-0.00527,0.00794
1219149865951891712,4389.08029,3.0974,5.00399,0.00859,-0.5568,0.00215,0.23532,121.67,backup,239.65219,24.58884,48.05638,8.40042,12.59744,1.4857,0.05845,0.21032,0.2823,0.25179,0.19534,0.27789,0.50754,0.02,0.08483,0.01152,0.06935,-0.00416,0.0407
3650650630264982528,4389.97748,4.14184,5.22533,0.01228,-0.34518,0.00282,0.07122,107.12,backup,222.32859,-0.50792,50.42306,6.08467,13.44971,1.55746,0.09426,0.13368,0.15573,0.17019,0.1287,0.70514,0.63701,0.01555,0.00494,0.02574,0.01415,-0.00351,-0.01227
1075602236329993984,4392.1714,3.40306,5.11931,0.01004,-0.44892,0.00238,0.0927,126.31,backup,166.6863,72.46255,42.49076,5.38388,13.61902,1.48016,0.01452,0.12592,0.17766,0.05569,0.10666,0.1153,0.63348,0.00597,0.09802,-0.0081,0.02076,-0.00222,0.05305
4419219089261441792,4392.28099,2.17139,4.36796,0.00629,0.06983,0.00405,0.19339,125.04,backup,226.73937,-0.55213,47.2605,6.4518,13.12617,1.58537,0.12431,0.16943,0.17008,0.18599,0.16871,0.73369,0.59775,0.00047,-0.02265,0.01215,-0.01314,-0.00053,-0.02346
4413792174745110400,4392.73092,2.90617,4.45712,0.00795,-0.03332,0.00559,0.13034,105.47,backup,231.18889,-3.37051,42.07805,4.19834,14.32943,1.66305,0.38525,0.42849,,,,0.89909,0.72112,,,,,,
5187147731273499392,4393.89798,2.22577,5.28048,0.0062,-0.29437,0.00141,0.04221,166.94,backup,43.46548,-2.67213,-51.85295,7.63941,12.84132,1.53168,0.01701,0.14168,0.14678,0.1804,0.14764,0.1201,0.56113,0.00061,0.06535,0.00465,0.08421,0.00072,0.06583
3904933657924748672,4394.61933,3.41802,5.0751,0.00906,-0.60723,0.00254,0.25428,114.81,backup,182.01867,8.22635,68.4902,6.49771,13.22653,1.48257,0.02691,0.07058,0.09531,-0.05513,0.03678,0.38127,0.68192,0.00943,0.03808,-0.04793,-0.0645,-0.01289,-0.00183
3655352558598050176,4395.11131,2.95609,5.29093,0.00863,-0.23235,0.00206,-0.00204,134.05,backup,221.03056,2.12457,53.2187,7.15498,12.89192,1.54319,0.0736,0.12028,0.12382,0.12257,0.11147,0.6119,0.5916,0.00217,-0.00034,0.0014,-0.00108,-0.00539,-0.00765
6340639367019505280,4396.84062,3.3318,5.31453,0.0102,-0.18241,0.00234,0.02196,123.42,backup,225.0102,-1.35756,47.94438,6.80421,13.06688,1.58384,0.13722,0.18652,0.19088,0.25472,0.18662,0.73565,0.5823,0.00321,-0.02607,0.05017,0.01111,7e-05,-0.02855
3659221121540729600,4396.90309,3.37496,5.12681,0.01082,-0.31727,0.00233,0.04962,134.35,backup,211.58263,-1.81833,55.89357,5.32651,13.60694,1.5469,0.10631,0.14333,0.13924,0.14113,0.15744,0.74171,0.71165,-0.00303,-0.00722,-0.00163,-0.00588,0.01047,0.00573
1154234222706957312,4397.10624,3.37438,5.21473,0.00982,-0.39547,0.00253,0.03962,134.45,backup,224.83069,2.36886,50.64135,5.35541,13.61434,1.5403,0.10887,0.15621,0.09018,0.12685,0.13502,0.69692,0.68494,-0.04602,-0.0471,-0.02047,-0.02199,-0.01477,-0.01639
5187570081177675904,4397.76054,3.6983,4.94189,0.01625,-0.2962,0.0027,0.11511,116.58,backup,43.51047,-1.48687,-51.00681,4.32697,14.11069,1.54392,0.08381,0.16851,0.13645,0.11321,0.15531,0.49739,0.76236,-0.01595,0.02021,-0.0275,0.0025,-0.00657,0.03459
3659395394133714816,4397.97169,2.38151,4.49562,0.00657,0.15371,0.00455,0.08758,118.84,backup,211.52861,-1.26634,56.39535,4.41485,13.93638,1.58665,0.09323,0.13029,0.11241,0.14573,0.16584,0.71556,0.77892,-0.01279,-0.00567,0.01105,0.02028,0.02544,0.03595
1682850619881156096,4398.03484,3.70267,4.87028,0.01106,-0.75355,0.00299,0.33078,129.57,backup,192.27975,69.57418,47.55272,6.79145,13.03735,1.45576,0.022,0.06168,0.06071,,0.04138,0.35661,0.58072,-0.00035,0.01326,,,-0.00724,0.00203
2508021001171206272,4398.10227,3.31469,4.894,0.01003,-0.80655,0.00294,0.31349,122.03,backup,30.55804,0.56132,-57.49626,9.26519,12.58248,1.44951,0.02434,0.08857,0.09557,-0.01474,0.06249,0.27483,0.51722,0.00193,0.02509,-0.02839,-0.03196,-0.00717,0.00798
4417256632804664832,4398.57952,2.11714,4.47144,0.00594,0.24524,0.00412,0.13851,114.46,backup,231.67796,0.23749,44.05158,5.58775,13.50108,1.65531,0.18257,0.22437,0.23205,0.2598,0.19974,0.81369,0.63045,0.00624,-0.03628,0.02882,-0.01878,-0.02004,-0.05664
1573516794226824704,4401.4704,2.40962,5.47025,0.0066,-0.1039,0.00162,-0.13404,131.17,backup,182.6954,54.81583,61.33585,9.29978,12.17466,1.49395,0.02111,0.06202,0.00213,-0.05731,0.03903,0.34037,0.5299,-0.02039,-0.01998,-0.04062,-0.05148,-0.00782,-0.00042
1551152525856846976,4402.01312,2.96453,5.17057,0.00854,-0.46055,0.00221,0.10916,123.8,backup,200.63878,46.53229,69.64648,6.75162,13.17429,1.50275,0.02353,0.07762,0.10871,-0.03937,0.03895,0.30311,0.67074,0.00942,0.04939,-0.03546,-0.04994,-0.01172,0.0026
4034122013580281472,4402.12797,2.92809,5.00812,0.00884,-0.55747,0.00243,0.1239,134.94,backup,178.36948,37.53189,73.96855,6.18506,13.30446,1.47047,0.02233,0.07642,0.0937,0.07282,0.0572,0.29226,0.71152,0.00505,0.04433,-0.00105,0.02948,-0.00562,0.01836
3583870455818550784,4402.37446,3.54845,5.21549,0.01092,-0.24841,0.00242,0.0494,110.28,backup,184.00935,-7.41136,54.41241,4.92748,13.76343,1.53964,0.04181,0.11701,,,0.11371,0.35731,0.73295,,,,,-0.00118,0.04154
1493689161970139392,4402.87112,3.56433,4.98559,0.01188,-0.38917,0.00253,0.12713,113.35,backup,221.6351,44.85931,60.9968,6.02878,13.28874,1.50813,0.03468,0.08343,0.08286,0.06569,0.06482,0.41567,0.68669,-0.00024,0.02222,-0.00737,0.01043,-0.00774,0.00983
1557646752629666048,4403.21121,2.52219,5.49528,0.00683,-0.22293,0.0016,0.00701,143.9,backup,194.24687,52.35555,64.75129,9.54258,12.29926,1.54614,0.02089,0.06263,0.03592,0.08545,0.03224,0.33353,0.53152,-0.00891,-0.0018,0.00761,0.02453,-0.01014,-0.00375
1508452029718563200,4404.7692,3.68289,5.17198,0.01213,-0.23651,0.00252,0.04435,118.24,backup,214.23,49.39828,62.32349,5.00254,13.6104,1.52128,0.02532,0.07608,0.06246,0.05249,0.0429,0.33281,0.75737,-0.00453,0.02198,-0.00785,0.01444,-0.01104,0.00717
1498548110012054912,4404.8933,3.46788,5.22488,0.01053,-0.25099,0.00233,0.02927,115.94,backup,212.23713,42.93147,67.71208,5.10111,13.66016,1.52388,0.02571,0.06157,0.07285,0.00192,0.02323,0.41752,0.76569,0.00471,0.03007,-0.0249,-0.02424,-0.01601,-0.00792
3943993598047213056,4405.13568,3.42337,5.19904,0.01125,-0.15388,0.00236,0.00149,108.46,backup,198.23352,22.75008,83.45082,5.24513,13.48792,1.52532,0.03278,0.06405,0.06263,0.06153,0.0411,0.51174,0.78025,-0.00073,0.01609,-0.00129,0.01523,-0.01174,-0.00071
1060293495418611968,4405.51797,3.50722,5.09452,0.01634,-0.115,0.0024,0.01795,118.42,backup,167.44272,68.30295,46.12545,4.72785,13.67868,1.51764,0.01763,0.07302,,,0.04489,0.24139,0.7047,,,,,-0.00679,0.01401
4025179788590542080,4405.63719,3.16495,5.18831,0.01081,-0.18989,0.00216,0.02908,124.44,backup,172.80633,32.22617,71.87878,4.41381,13.72764,1.51351,0.02669,0.0771,0.10635,0.05036,0.07489,0.34617,0.8214,0.01013,0.06067,-0.00926,0.01467,-0.00076,0.03483
1502212404310555776,4405.90315,2.96323,4.99529,0.0088,-0.54463,0.00235,0.12493,140.62,backup,208.35598,43.8644,69.11766,5.87528,13.40875,1.47317,0.02436,0.06347,,,0.02797,0.38374,0.71978,,,,,-0.01362,-0.00422
3646990978827047424,4407.14604,1.99314,5.48461,0.00556,-0.14465,0.00134,-0.03057,193.94,backup,213.2622,-2.28286,54.62,9.44952,12.27504,1.56092,0.03273,0.1519,0.17382,0.20516,0.24136,0.21549,0.49855,0.00472,0.05393,0.01148,0.06955,0.01928,0.0876
2559913865488430080,4407.1815,3.4236,5.22751,0.01106,-0.22951,0.00227,0.03882,117.2,backup,23.46229,3.38529,-57.81583,5.22291,13.60578,1.52971,0.03021,0.10157,0.06116,0.06258,0.05775,0.29741,0.72647,-0.01202,0.01422,-0.0116,0.01525,-0.01303,0.01175
3687106518832262144,4407.37066,4.29461,5.57321,0.01123,-0.87936,0.00299,-0.08814,131.45,backup,200.81231,0.19901,62.00724,4.51854,12.81805,1.39336,0.03908,0.06727,0.05661,0.06099,0.06359,0.581,0.79057,-0.00619,0.00567,-0.00365,0.00913,-0.00214,0.01119
1060141350496467072,4407.39674,3.83047,5.05755,0.01506,-0.24593,0.00271,0.03713,115.18,backup,164.24689,67.30296,46.23169,4.16175,14.04619,1.5093,0.01617,0.07465,0.05288,0.01153,0.0346,0.21666,0.75046,-0.00472,0.02351,-0.01368,-0.00752,-0.00868,0.00979
855646103424324096,4407.59698,2.51509,5.22598,0.00717,-0.26717,0.00171,0.02183,136.79,backup,160.83863,59.90654,50.61296,8.84433,12.46982,1.51825,0.01945,0.05771,,,0.03327,0.33708,0.50296,,,,,-0.00824,-0.00272
1291140875112927616,4408.2914,2.59474,5.28134,0.0074,-0.37904,0.00183,0.04665,163.44,backup,228.59984,35.36616,58.53961,6.98509,13.04547,1.51514,0.03391,0.06789,0.0617,0.07511,0.04444,0.49953,0.62354,-0.0031,0.00456,0.0036,0.01292,-0.01172,-0.00621
3647718546286946944,4408.79363,2.33811,4.40517,0.00655,0.07694,0.00422,0.1138,126.9,backup,212.83903,-1.18905,55.76952,4.19928,13.98759,1.55714,0.08958,0.12541,0.14585,0.19021,0.15033,0.71428,0.79301,0.0146,0.02609,0.04629,0.06126,0.0178,0.02964
3574157713696627584,4410.1666,3.96518,5.17751,0.0124,-0.33544,0.00295,0.07699,109.42,backup,179.73568,-12.32154,48.54468,5.61995,13.62221,1.57109,0.11439,0.15402,,,,0.7427,0.65592,,,,,,
4033557620517836032,4410.23994,3.18033,5.26561,0.00915,-0.44932,0.00231,0.12636,140.57,backup,181.26025,37.54399,75.72208,5.88148,13.5716,1.52291,0.02337,0.07554,,,0.05342,0.30936,0.73238,,,,,-0.00684,0.01576
1055518522577294208,4410.49792,2.463,4.46268,0.00662,0.06563,0.00442,0.09879,122.91,backup,163.24571,64.53153,48.10666,4.16482,13.96214,1.52199,0.01716,0.11032,0.1806,0.08093,0.11785,0.15553,0.76066,0.01093,0.12022,-0.00457,0.0444,0.00117,0.07249
1501558504129402240,4410.87128,3.33363,5.12428,0.01007,-0.55446,0.00257,0.0956,112.66,backup,205.56228,43.22254,70.89724,5.82393,13.53573,1.4808,0.02452,0.06177,0.02901,0.07787,0.03485,0.39701,0.72692,-0.013,-0.00343,0.00639,0.03209,-0.01069,0.00081
1552539869012312960,4410.91571,3.93362,4.93031,0.01171,-0.82957,0.00338,0.38083,119.39,backup,204.18807,49.11409,66.33765,4.79132,13.98835,1.46612,0.02207,0.06282,,,0.01519,0.35142,0.78331,,,,,-0.01674,-0.01018
3583934708529111936,4411.01061,2.78762,5.31472,0.00783,-0.08185,0.00195,-0.10574,121.17,backup,185.11993,-7.22712,54.83634,5.94951,13.11061,1.51142,0.0413,0.09903,0.11904,0.07115,0.07966,0.41702,0.66688,0.00834,0.03809,-0.01163,0.00615,-0.00808,0.01182
3588463837442688000,4411.66615,2.99978,5.24621,0.00885,-0.27772,0.0021,0.03252,146.24,backup,176.33137,-9.65846,49.87297,7.22133,12.85576,1.51712,0.02387,0.07709,,,,0.30965,0.57133,,,,,,
1186882021470623360,4412.02282,3.77121,5.26063,0.0112,-0.43649,0.00279,0.08354,104.93,backup,226.11435,15.65061,57.10436,4.6889,13.94009,1.51312,0.03589,0.073,0.04722,0.07772,0.0762,0.49164,0.76131,-0.01267,6e-05,0.00232,0.02328,0.00158,0.02213
1485832047581792512,4413.10083,2.85914,5.33301,0.00808,-0.30226,0.00188,0.036,134.29,backup,214.71685,40.38471,67.61121,10.16871,12.21832,1.5277,0.02252,0.0617,0.04853,,0.02628,0.36498,0.51685,-0.0048,0.00257,,,-0.01293,-0.00893
1573085789965103360,4413.17819,2.59831,5.31137,0.0076,-0.12156,0.00175,-0.01777,128.04,backup,183.14267,54.43607,61.77882,6.62822,12.89224,1.54045,0.02244,0.06354,0.08695,0.0427,0.04404,0.35322,0.65475,0.00827,0.03449,-0.00736,0.00552,-0.00689,0.00639
3689566023264455168,4413.43693,3.07578,5.07686,0.01276,-0.20717,0.00195,0.07524,133.59,backup,195.48476,0.96381,63.71447,6.4454,12.96378,1.5104,0.0317,0.06489,0.03171,0.03623,0.06613,0.48847,0.67138,-0.01621,-0.01041,-0.014,-0.00738,0.00061,0.0127
863931988691640704,4414.65546,3.52558,5.76271,0.0103,-0.50431,0.00239,-0.08322,134.45,backup,170.80907,63.4727,50.93158,6.03773,13.34174,1.5114,0.01734,0.0576,0.07749,,0.03014,0.30103,0.64254,0.00599,0.03245,,,-0.00827,0.00203
1224877707353471872,4415.47529,3.73285,5.06177,0.01181,-0.50144,0.00275,0.08571,107.61,backup,236.68158,29.17902,51.5311,4.69598,13.99685,1.50316,0.05475,0.09751,0.12086,0.0958,0.08318,0.56151,0.73653,0.01311,0.03426,-0.00096,0.01581,-0.00805,0.00651
3596912897107611136,4417.53331,3.38448,5.28992,0.00943,-0.35266,0.00228,0.05032,109.94,backup,184.63124,-4.77323,57.12197,6.02114,13.35503,1.52523,0.03775,0.09062,0.06281,0.06222,0.07751,0.41653,0.67236,-0.01159,0.00448,-0.01183,0.00409,-0.00546,0.01436
3584593900110448896,4417.72736,2.68041,5.23235,0.00788,-0.22637,0.00179,0.01311,123.48,backup,185.09258,-6.35519,55.68298,7.76667,12.67414,1.51086,0.02737,0.09267,0.05873,0.03119,0.06488,0.29538,0.5729,-0.01003,0.00627,-0.01816,-0.0095,-0.00821,0.0098
1527868820950755072,4418.23691,4.09885,5.1126,0.01369,-0.34004,0.00264,0.12409,105.29,backup,192.43633,40.60316,76.52056,4.68159,13.64991,1.47163,0.02253,0.05596,0.02862,-0.0163,0.0415,0.40266,0.81019,-0.01101,0.00065,-0.02909,-0.03574,-0.00582,0.01109
2562904640195194368,4418.46888,3.75873,5.10704,0.01161,-0.49145,0.00293,0.09463,113.31,backup,18.55171,3.39688,-58.98425,5.34824,13.65851,1.48857,0.03589,0.10869,0.17123,0.12867,0.10377,0.33018,0.72251,0.02065,0.08782,0.0066,0.05708,-0.00162,0.03909
714318314765203328,4419.36829,3.61039,5.31066,0.01136,-0.17921,0.00247,0.02732,110.91,backup,137.44619,34.78423,42.45884,5.564,13.32336,1.52057,0.02593,0.07703,0.02841,-0.01279,0.06206,0.33661,0.62115,-0.01637,-0.00828,-0.03023,-0.03387,-0.00504,0.01262
1580452002474418944,4420.03099,3.06713,5.33113,0.00848,-0.35703,0.002,0.04107,133.22,backup,192.75658,62.13995,54.98824,5.35545,13.5313,1.51999,0.02173,0.05956,0.05748,,0.034,0.36482,0.70579,-0.00076,0.01884,,,-0.00932,0.00227
3893861541473058944,4420.29353,3.1907,5.42376,0.00915,-0.19879,0.00211,0.00174,108.67,backup,182.44951,4.07938,64.8987,10.0102,12.18409,1.5314,0.01865,0.07652,0.07346,0.04169,0.0476,0.24373,0.51505,-0.00075,0.01918,-0.00849,0.00282,-0.00705,0.00587
1564034026129687296,4421.14175,2.48654,5.34804,0.00778,0.03646,0.00205,-0.13929,110.49,backup,198.03159,53.85559,63.00164,5.41285,13.15516,1.49397,0.02498,0.07723,0.06319,-0.02435,0.05824,0.32347,0.73203,-0.00454,0.02128,-0.03286,-0.0428,-0.00614,0.01765
2501350508938795392,4422.9867,3.0084,5.12252,0.00928,-0.37675,0.00211,0.06858,130.66,backup,36.95971,0.87782,-53.64203,6.05386,13.3178,1.49415,0.03073,0.09046,-0.00749,0.08068,0.08021,0.33975,0.655,-0.03328,-0.03564,-0.00332,0.02211,-0.00348,0.0218
1502410419482909952,4423.25991,4.06655,5.22735,0.01249,-0.28074,0.00282,0.04316,107.57,backup,207.80397,43.95726,69.3096,4.2208,13.97044,1.50129,0.02661,0.0648,0.05652,-0.014,0.03072,0.4106,0.8302,-0.0034,0.02032,-0.03236,-0.03823,-0.01399,-0.0011
1571052758606270976,4424.66042,3.26681,5.30429,0.00939,-0.2612,0.00222,0.04356,108.99,backup,189.37115,54.38691,62.62147,5.92884,13.32287,1.53111,0.02318,0.06299,0.08974,0.04726,0.04534,0.36794,0.69826,0.00984,0.03949,-0.00579,0.00983,-0.00649,0.00848
1153766548013235328,4424.74032,2.89436,5.17071,0.00836,-0.32173,0.00211,0.01252,156.83,backup,225.73721,1.83911,49.61327,6.19532,13.1952,1.52519,0.10376,0.15243,0.15427,0.15476,0.15024,0.68074,0.62602,0.00125,-0.00719,0.00159,-0.00688,-0.00149,-0.00971
1507439413869368704,4425.92549,3.97117,5.25166,0.01191,-0.20867,0.00283,-0.008,106.51,backup,216.98587,48.18731,61.80914,4.69436,13.65504,1.50495,0.02864,0.08332,,,0.05538,0.3437,0.77732,,,,,-0.00961,0.01441
1055867205202331008,4427.32719,2.67018,5.24629,0.00818,-0.29182,0.00187,0.05339,161.33,backup,165.74297,64.89079,48.50759,6.51652,13.17204,1.51654,0.01567,0.09463,0.14722,0.0968,0.06892,0.1656,0.60131,0.00871,0.07286,0.00036,0.04253,-0.00426,0.02577
864355609905796608,4427.60114,2.91678,5.27519,0.00836,-0.36114,0.00201,0.06581,127.88,backup,178.57703,65.0507,51.00855,8.05913,12.72665,1.5039,0.0201,0.07129,0.07687,0.07903,0.04492,0.282,0.5377,0.00157,0.02123,0.00218,0.02239,-0.00743,0.00405
713991725451357440,4428.27237,2.73127,5.26725,0.00793,-0.34255,0.00197,0.06363,141.13,backup,138.6192,34.0907,43.33798,9.08154,12.45971,1.50848,0.02555,0.07796,0.04778,0.00146,0.0507,0.32773,0.45369,-0.00989,-0.00387,-0.02507,-0.02489,-0.00893,-0.00255
695761955805899648,4428.94334,2.93355,5.16326,0.00884,-0.33984,0.00204,0.06718,132.7,backup,140.06697,29.43559,43.8518,7.63636,12.73093,1.49326,0.03443,0.08548,0.04443,0.04414,0.05712,0.4028,0.51606,-0.01654,-0.0115,-0.01665,-0.01165,-0.01142,-0.00495
1506394259347444736,4429.23441,3.4662,5.23329,0.01059,-0.25768,0.00237,0.03236,131.68,backup,212.19453,47.28847,64.78073,4.8378,13.68214,1.51892,0.02589,0.07167,0.05618,0.04522,0.04467,0.3613,0.77598,-0.0056,0.0177,-0.00956,0.0092,-0.00976,0.00877
1172128740089342592,4431.22111,3.12395,5.27852,0.00895,-0.50905,0.00226,0.02925,109.7,backup,218.27365,6.7389,58.40984,6.33422,13.24112,1.47061,0.0478,0.08772,0.075,0.0965,0.07489,0.54491,0.65898,-0.00693,0.00162,0.00479,0.0158,-0.00699,0.00155
3694503178366722560,4433.85368,4.12095,5.60292,0.01288,-0.67528,0.00306,-0.01926,111.8,backup,184.24625,-2.259,59.46212,4.82464,12.92179,1.43313,0.04172,0.07912,0.04739,0.06525,0.07763,0.52733,0.76025,-0.01673,-0.00569,-0.00731,0.00788,-0.00078,0.0173
4421823213832618368,4435.36241,3.98093,5.15745,0.01519,-0.21046,0.00264,0.05,114.49,backup,228.55364,2.7634,48.06821,5.38406,13.56112,1.5472,0.08274,0.12675,0.0948,0.11546,0.11146,0.65276,0.66892,-0.02086,-0.01932,-0.00737,-0.0055,-0.00998,-0.00817
1473488762546516480,4436.39798,2.60654,5.27703,0.00795,-0.0904,0.0018,-0.04648,138.73,backup,201.91697,35.83477,78.37287,6.76739,12.72576,1.49392,0.0277,0.06314,0.05479,0.06326,0.02434,0.43866,0.68585,-0.00367,0.00988,5e-05,0.01569,-0.01702,-0.01101
4033508726610093184,4438.25866,3.06194,5.1517,0.00891,-0.41012,0.00225,0.09386,142.08,backup,180.01896,38.2035,74.55493,5.19781,13.60324,1.48716,0.02294,0.07428,,,0.04207,0.3089,0.77316,,,,,-0.00995,0.00959
1579935541247208960,4438.71181,3.17023,5.38397,0.00912,-0.30124,0.00206,0.03247,129.42,backup,190.71295,60.11084,56.98467,4.77184,13.68955,1.49564,0.02213,0.05765,0.08911,,0.03441,0.38386,0.75483,0.01208,0.04514,,,-0.00892,0.00384
863560181962557440,4439.57652,2.63019,5.30859,0.00741,-0.26251,0.00176,0.0274,137.27,backup,179.82551,64.79121,51.43052,9.52868,12.23959,1.52148,0.02088,0.07288,0.10987,-0.00743,0.0405,0.28651,0.4813,0.0106,0.032,-0.02301,-0.02446,-0.00928,-0.00139
2515140411975630208,4440.84452,3.71507,5.06752,0.01191,-0.45214,0.00273,0.1374,110.84,backup,33.70368,3.89397,-53.02076,5.43311,13.49754,1.4801,0.05223,0.13583,,,0.10233,0.38454,0.69157,,,,,-0.01288,0.01854
1487043679332613632,4441.17522,3.3188,5.01985,0.01131,-0.40284,0.00239,0.13945,140.26,backup,220.32084,38.26286,64.48027,6.57894,13.05069,1.48651,0.02778,0.06398,0.04326,0.01433,0.0257,0.43422,0.66625,-0.009,0.00104,-0.02156,-0.01823,-0.01662,-0.01066
1583280667935575552,4441.27957,3.63669,5.22496,0.01117,-0.29638,0.0024,0.04881,118.25,backup,187.51711,62.2416,54.70769,4.68263,13.80932,1.51247,0.02308,0.05893,0.01712,-0.04728,0.03198,0.39172,0.75203,-0.01638,-0.01021,-0.0416,-0.05864,-0.01056,0.00096
1282372269884025856,4441.54452,3.36622,5.18256,0.00981,-0.461,0.00243,0.0584,115.51,backup,223.62702,30.95439,62.91675,5.27909,13.56438,1.46395,0.03934,0.06782,0.09513,,0.05332,0.58005,0.74056,0.01584,0.03111,,,-0.00841,0.00014
3666023593822653184,4442.03908,2.30966,5.36545,0.00632,-0.20467,0.00161,-0.03985,173.95,backup,213.10756,0.58095,57.09472,8.83464,12.224,1.48419,0.03177,0.09415,0.05312,0.04068,0.0993,0.33748,0.53245,-0.01385,-0.00349,-0.01804,-0.01011,0.00174,0.0211
1676883810795227136,4442.12837,3.62404,5.12443,0.01167,-0.32887,0.00246,0.06673,113.65,backup,190.40729,64.0303,53.06391,4.05906,14.09029,1.48626,0.02258,0.05787,0.05145,0.04344,0.0464,0.39026,0.79307,-0.00251,0.01822,-0.00563,0.01187,-0.00448,0.01421
4002208516784955904,4444.72987,3.15373,5.19672,0.00956,-0.49891,0.00236,0.06876,113.73,backup,185.13909,24.64368,82.62505,5.85833,13.47415,1.59942,0.02441,0.07297,0.05938,0.02484,0.05753,0.33448,0.74187,-0.00454,0.01965,-0.0161,-0.00598,-0.00516,0.01828
3585219590946739072,4445.41723,2.31919,4.60456,0.00644,0.36013,0.00455,0.02682,112.97,backup,173.43178,-13.434,45.26847,4.51793,13.72296,1.54916,0.05019,0.09235,,,,0.54352,0.71576,,,,,,
851141679163625472,4445.81988,3.0927,5.16656,0.01095,-0.19287,0.0021,0.01755,125.78,backup,162.57864,56.84472,53.32918,5.52679,13.3307,1.49991,0.01635,0.04761,0.0814,0.05627,0.02538,0.34337,0.68683,0.0116,0.03956,0.00297,0.0223,-0.00764,0.00108
1059665193242264320,4445.93526,1.78165,4.43265,0.005,0.00253,0.00318,0.21522,157.68,backup,162.93757,66.58677,46.46436,6.1524,13.09867,1.51305,0.01441,0.06941,0.10193,0.05315,0.03122,0.20755,0.61041,0.00675,0.04781,-0.00337,0.01804,-0.00793,0.00465
1682660159555372032,4447.27554,2.11451,5.32197,0.00599,-0.38528,0.00146,0.05681,168.57,backup,192.04357,68.09697,49.02834,8.66679,12.58224,1.51242,0.01987,0.05761,0.09617,0.1451,0.04387,0.34494,0.5019,0.0133,0.0284,0.03018,0.05295,-0.00474,0.00215
1047774249866028416,4448.19093,3.16755,5.08952,0.00967,-0.48921,0.00248,0.11843,116.4,backup,159.03559,59.94556,49.90386,5.84326,13.3377,1.46052,0.01857,0.05417,0.04136,0.12331,0.01799,0.3428,0.64912,-0.00439,0.00828,0.0237,0.06147,-0.0124,-0.00689
2515121548479273472,4449.794,3.04932,5.12066,0.0097,-0.35167,0.0021,0.08813,130.61,backup,33.77195,3.71001,-53.14102,6.41985,13.06757,1.49272,0.04577,0.13531,0.07264,0.05391,0.10104,0.33825,0.63103,-0.0212,7e-05,-0.02753,-0.01175,-0.01159,0.01799
4028787973436278784,4449.85965,3.59536,5.21008,0.01093,-0.56318,0.0027,0.09044,106.83,backup,182.37869,33.95803,78.69212,5.86546,13.50256,1.45779,0.02567,0.06937,0.05829,-0.03019,0.03456,0.37013,0.73748,-0.0041,0.01731,-0.03685,-0.04794,-0.01288,-0.00019
3686042402030370944,4452.20667,3.559,5.03108,0.01068,-0.50493,0.00265,0.14972,107.36,backup,195.91465,-0.94728,61.77087,8.78979,12.4961,1.47462,0.01989,0.06445,0.01774,0.03791,0.05801,0.30871,0.55152,-0.01442,-0.01011,-0.00819,0.00101,-0.00199,0.0121
1663327966295988352,4453.0872,2.65255,5.40923,0.00747,-0.09681,0.00182,-0.12237,143.17,backup,198.35797,60.51449,56.40447,4.65405,13.55726,1.47411,0.02266,0.06627,0.05826,-0.09195,0.03561,0.34188,0.76112,-0.00274,0.02169,-0.05409,-0.09264,-0.01048,0.00445
860904380345701504,4453.10498,3.43047,5.13391,0.01039,-0.4171,0.00254,0.09788,110.02,backup,169.94737,60.13481,53.47938,5.60086,13.43004,1.48495,0.02006,0.0529,0.04687,0.03238,0.02709,0.37927,0.68269,-0.00229,0.01193,-0.00778,0.00204,-0.00979,-0.00157
2576949114533744128,4455.18435,3.66441,5.08621,0.01114,-0.40584,0.00271,0.07294,120.02,backup,18.08656,7.12281,-55.37684,5.38726,13.48069,1.47556,0.03305,0.15121,0.15403,0.11864,0.09302,0.21854,0.70536,0.00062,0.0756,-0.00712,0.05064,-0.01272,0.03257
3588471568383827968,4455.84104,3.84851,4.81682,0.0127,-0.86352,0.00305,0.36654,126.29,backup,176.30822,-9.47414,50.03341,6.15139,13.3594,1.42966,0.03333,0.08095,,,,0.41181,0.63092,,,,,,
1178317684883530880,4456.7749,3.47146,5.2001,0.01042,-0.50737,0.00268,0.10138,105.92,backup,221.14514,11.53363,59.21182,5.28293,13.65286,1.47022,0.04037,0.07972,,-0.01649,0.07752,0.50644,0.72771,,,-0.04872,-0.05237,-0.00111,0.01604
1504713140428492672,4457.22199,2.6378,4.51803,0.00689,0.00358,0.00452,0.11236,120.13,backup,212.73703,44.09725,66.69081,4.45563,13.81844,1.4944,0.02526,0.05891,0.07983,0.07655,0.01832,0.42882,0.80775,0.00897,0.03922,0.00757,0.03657,-0.01741,-0.01046
1605014336325372672,4458.18357,2.12318,4.574,0.00583,0.23632,0.00397,0.07991,117.01,backup,218.64136,51.86295,58.59937,5.46269,13.26423,1.518,0.02014,0.06496,0.00564,0.03011,0.02185,0.31007,0.7135,-0.01839,-0.01612,-0.01081,0.00134,-0.01337,-0.00455
1576363498550898432,4458.96253,2.5437,5.3123,0.00691,-0.29488,0.0018,0.03145,129.24,backup,193.64896,55.33136,61.79107,9.6784,12.16544,1.48626,0.01992,0.0628,0.06592,-0.02193,0.03504,0.31724,0.51732,0.00099,0.01418,-0.02688,-0.03127,-0.00881,-0.0018
1579873762437671808,4459.69554,3.18,5.34288,0.00928,-0.42237,0.00225,0.01084,127.34,backup,191.43344,60.52841,56.58572,4.80443,13.72582,1.45549,0.02193,0.05792,0.10628,,0.04033,0.37859,0.7509,0.01831,0.05788,,,-0.00666,0.00836
760386237059623680,4459.92523,3.54753,5.30282,0.0098,-0.28214,0.0024,0.00218,105.32,backup,169.55341,36.13424,68.28288,5.21225,13.48139,1.48563,0.02195,0.06613,0.06509,0.07086,0.04735,0.33189,0.75971,-0.00035,0.0275,0.00157,0.03188,-0.00623,0.01402
1282282041211007488,4460.29614,4.52074,5.70911,0.01355,-0.71019,0.00322,-0.03525,115.47,backup,223.39197,30.36131,63.11653,4.14311,13.8186,1.43613,0.04031,0.06734,0.08411,0.07904,0.05688,0.5986,0.82133,0.01004,0.02878,0.007,0.02461,-0.00626,0.00641
1247373062421893248,4460.8973,2.81661,5.40602,0.0082,-0.42717,0.00219,0.08403,123.29,backup,211.07847,21.14321,72.35185,6.32763,12.95998,1.46911,0.03868,0.10602,0.11722,0.03707,0.08377,0.36487,0.70025,0.00408,0.04339,-0.02516,-0.01273,-0.00812,0.01997
1304073811915616768,4460.99529,3.07404,5.40605,0.00865,-0.23848,0.00199,0.01195,119.01,backup,246.81761,25.33922,41.94509,6.69154,13.00903,1.52501,0.07988,0.1527,0.19446,0.16245,0.12536,0.52308,0.55028,0.02184,0.02713,0.0051,0.00951,-0.0143,-0.01089
1219250166325074560,4461.44295,3.69441,5.26257,0.01071,-0.28493,0.00248,0.01325,105.22,backup,240.72103,25.14211,47.24587,6.0561,13.22791,1.51423,0.13825,0.20882,0.19666,0.19473,0.15561,0.66207,0.6209,-0.00805,-0.01615,-0.00933,-0.01735,-0.03523,-0.04164
3685603318933740544,4461.87646,3.74747,5.27286,0.01105,-0.27694,0.00253,0.04576,109.05,backup,195.44127,-1.64005,61.12438,6.88863,12.91344,1.49992,0.02933,0.06516,0.07208,0.07279,0.06465,0.45002,0.6383,0.00311,0.01669,0.00343,0.01714,-0.00023,0.01194
3647285235626365312,4461.96733,3.59529,5.2346,0.01158,-0.22442,0.00243,0.03074,127.12,backup,212.11726,-1.95293,55.50352,4.91436,13.66256,1.52514,0.11386,0.15057,0.11798,0.14439,0.15456,0.75623,0.73858,-0.02464,-0.02673,-0.00467,-0.00722,0.00302,0.0003
859472541328164736,4462.47317,2.7365,5.26331,0.0077,-0.3671,0.00199,0.05211,122.22,backup,172.29202,60.87764,53.50099,7.8065,12.65473,1.4763,0.01938,0.0564,,,0.03386,0.34355,0.56124,,,,,-0.00775,-0.00037
695650084793844864,4462.83788,3.11176,5.35909,0.00878,-0.28961,0.00215,0.04064,125.39,backup,139.83202,28.90734,43.55057,7.88404,12.76205,1.5109,0.03668,0.088,0.07925,0.15095,0.05846,0.41679,0.50298,-0.00365,0.00318,0.02624,0.03924,-0.01231,-0.00727
863634398997433728,4464.20095,2.70537,5.26998,0.00809,-0.30625,0.00184,0.05277,147.49,backup,172.61569,63.00461,51.75112,6.69716,13.06812,1.49661,0.01824,0.0673,0.04015,-0.02886,0.03404,0.27098,0.60863,-0.00736,0.0062,-0.02606,-0.03581,-0.00901,0.00248
1527614455806418688,4464.61301,3.06476,5.42465,0.0085,-0.19292,0.00203,-0.0158,125.93,backup,195.14508,41.79451,75.21476,6.40465,13.03987,1.51596,0.02215,0.05827,0.07772,0.10101,0.04643,0.38018,0.70113,0.00739,0.03233,0.01625,0.04867,-0.0045,0.0104
1224434672886977920,4465.23889,2.98166,5.0971,0.00887,-0.66518,0.00233,0.117,132.45,backup,236.09418,27.53706,51.79096,6.04752,13.44882,1.44773,0.07183,0.11186,0.15109,0.08619,0.09497,0.64219,0.64635,0.02519,0.02582,-0.01648,-0.01612,-0.01084,-0.01045
1187339929408250496,4465.28271,2.06098,5.41842,0.00612,-0.5389,0.00169,0.06134,149.9,backup,226.01984,16.26787,57.45311,10.70248,12.11089,1.46008,0.01169,0.06795,0.01674,0.04931,0.07649,0.17201,0.46746,-0.00881,-0.00386,-0.00321,0.01136,0.00147,0.02407
3584156775519137920,4465.3629,2.55571,5.37876,0.00695,-0.29666,0.00178,0.02518,135.63,backup,183.6077,-6.70699,54.99919,7.50456,12.78894,1.50361,0.0278,0.11509,0.07863,0.13623,0.13032,0.24157,0.5824,-0.00881,0.01799,0.00511,0.05154,0.00368,0.04809
1445517182439016320,4466.09275,3.45952,5.37954,0.00881,-0.14,0.00224,-0.0779,113.93,backup,205.42858,26.07655,78.71721,5.87681,13.01692,1.46998,0.02987,0.06243,0.19589,0.01932,0.02783,0.47856,0.73683,0.06387,0.11447,-0.02063,-0.01564,-0.01656,-0.00937
1370479263351695232,4466.25019,3.01023,5.09379,0.00798,-0.69538,0.00232,0.24517,114.84,backup,235.83339,33.18242,52.61278,8.60439,12.50451,1.42751,0.04932,0.09815,0.11346,0.09142,0.07467,0.50252,0.52228,0.00769,0.00993,-0.00338,-0.00158,-0.0118,-0.01033
3652932396066161920,4466.54537,3.25247,5.24636,0.00962,-0.29581,0.00215,0.03692,128.92,backup,216.19539,-0.59916,54.32839,4.74585,13.76702,1.50884,0.07297,0.10561,0.14317,0.12319,0.1359,0.69094,0.74574,0.02595,0.0338,0.01214,0.01889,0.02092,0.02837
2576841362394150400,4466.83382,3.54668,4.43485,0.01041,-0.13672,0.00591,0.20728,106.09,backup,18.61932,7.12921,-55.29133,4.36201,13.87684,1.49169,0.0425,0.16628,0.26197,,0.1775,0.25558,0.77857,0.02446,0.16147,,,0.00287,0.09569
846157760457910528,4466.94907,3.13944,5.37734,0.00888,-0.28299,0.00209,0.01905,123.09,backup,177.41555,57.98768,57.2875,7.18889,12.835,1.4927,0.02163,0.07137,-0.02143,0.00374,0.03385,0.30303,0.60793,-0.02812,-0.03465,-0.02049,-0.01935,-0.01137,-0.00105
4414092169620430336,4467.28272,2.16776,5.45325,0.00607,-0.30077,0.0015,0.04022,163.25,backup,231.97519,-3.49264,41.41108,9.02379,12.63293,1.60582,0.22303,0.43756,,,,0.50972,0.44368,,,,,,
1291139981759726848,4468.20113,2.85524,4.49951,0.0077,-0.00737,0.00445,0.07776,126.63,backup,228.64748,35.36407,58.5011,4.52413,13.74273,1.48584,0.03625,0.06806,0.0617,0.07511,0.04444,0.53257,0.77859,-0.00339,0.01179,0.00375,0.02223,-0.01258,-0.00165
1206256825102116352,4468.50873,3.085,5.17096,0.00893,-0.35977,0.00209,0.10219,117.03,backup,239.68754,22.47453,47.47507,5.91598,13.15173,1.48048,0.10762,0.17364,0.15231,0.1548,0.15706,0.61978,0.63087,-0.01322,-0.01153,-0.01168,-0.00996,-0.01027,-0.00853
3891470722158442752,4468.51739,3.20748,5.15688,0.00988,-0.32981,0.0022,0.0743,133.77,backup,179.11819,1.05868,60.78477,7.47769,12.70289,1.47943,0.02924,0.08611,0.01332,0.005,0.0387,0.33951,0.60693,-0.02471,-0.02115,-0.02754,-0.0262,-0.0161,-0.00575
1682948064099243392,4468.57769,3.70921,5.0808,0.01115,-0.5732,0.00277,0.08917,118.57,backup,189.24717,68.92725,48.14637,5.85454,13.36717,1.43125,0.02153,0.05993,0.11562,0.05094,0.06717,0.35919,0.63861,0.02,0.05231,-0.00323,0.011,0.0026,0.02137
1256649195348848384,4469.13696,3.41135,5.19841,0.01013,-0.55578,0.00259,0.08598,106.57,backup,211.71465,22.87314,72.40951,5.15685,13.67726,1.45214,0.03881,0.08409,,,0.05337,0.46153,0.77209,,,,,-0.01418,0.0024
1507016136252264192,4469.19514,4.09669,5.13562,0.01168,-0.4021,0.00295,0.04413,105.25,backup,215.34463,48.03511,62.73791,4.32822,13.8278,1.45025,0.02856,0.07857,0.07062,0.09892,0.07,0.36352,0.80661,-0.00289,0.0284,0.0074,0.05123,-0.00311,0.0279
1221450529611689088,4472.573,3.59803,5.08256,0.01072,-0.59559,0.00268,0.11377,110.86,backup,233.99804,25.02679,53.15277,4.77106,13.98409,1.47182,0.1007,0.14329,0.19386,0.21514,0.16141,0.70281,0.73863,0.03554,0.04248,0.0505,0.0582,0.01273,0.01851
3567948153058522880,4473.29911,4.19533,5.28891,0.01224,-0.44168,0.00307,0.05124,109.3,backup,181.31168,-16.1159,45.32724,4.61634,13.38912,1.54802,0.12324,0.1531,,,,0.80495,0.7084,,,,,,
1677166900679628416,4474.60276,3.39499,5.37866,0.00981,-0.30789,0.00234,0.01328,117.54,backup,193.41341,64.8271,52.29949,4.17996,13.93283,1.47468,0.02225,0.0579,,,0.05226,0.38431,0.78004,,,,,-0.00217,0.01851
860479002488735744,4476.36647,3.3322,5.3329,0.0093,-0.26546,0.00226,0.02445,110.72,backup,163.68738,58.43093,52.68696,5.95752,13.17651,1.49106,0.01806,0.05109,,,0.02056,0.35349,0.65631,,,,,-0.01079,-0.00456
3708499995747363584,4476.88552,3.59965,5.34214,0.01022,-0.20781,0.00232,-0.00954,105.94,backup,187.95854,6.1169,68.47757,6.02649,13.1733,1.50318,0.03335,0.07028,0.08496,0.06321,0.05703,0.47452,0.70914,0.00696,0.0269,-0.00335,0.01148,-0.00629,0.0071
1509984886367115264,4478.2145,4.25341,4.81095,0.01615,-0.80164,0.00386,0.36825,112.88,backup,208.49406,47.7401,66.04179,4.37404,14.02639,1.41952,0.02518,0.06698,0.10669,0.03573,0.04289,0.37589,0.81202,0.01493,0.06146,-0.01175,0.00384,-0.00906,0.00965
3574948468715771264,4478.60132,2.85159,4.49268,0.00786,0.12492,0.00447,0.13527,109.41,backup,178.90453,-12.17732,48.42625,4.70841,13.63089,1.55174,0.11334,0.15052,,,,0.75297,0.71947,,,,,,
3669564261782995456,4478.86735,2.75743,5.11009,0.00838,-0.43314,0.00203,0.07935,135.64,backup,215.96771,4.99365,58.77788,6.84533,13.0121,1.46894,0.04791,0.0883,0.04366,0.06316,0.08054,0.54252,0.6319,-0.02422,-0.02032,-0.01364,-0.00799,-0.00421,0.00299
1675834223867438080,4479.75502,2.61756,5.284,0.00772,-0.45997,0.00189,0.05764,142.22,backup,195.54533,62.48011,54.60343,4.95704,13.65132,1.44981,0.02237,0.06245,0.10939,-0.07984,0.04657,0.35822,0.73168,0.01681,0.05767,-0.05097,-0.08079,-0.00569,0.0117
1054668874966630784,4480.09326,3.04983,5.16969,0.00934,-0.39298,0.00213,0.08793,132.93,backup,169.66542,63.95735,50.25037,5.3994,13.52288,1.4769,0.01645,0.0548,0.14826,0.0623,0.03206,0.30021,0.67991,0.02806,0.08435,0.00225,0.02591,-0.00683,0.00535
3587672017272763648,4481.2743,3.34019,5.22648,0.00981,-0.50207,0.0026,0.08413,126.96,backup,177.23824,-9.81899,50.06715,5.91652,13.3847,1.46634,0.03534,0.08224,,,,0.42977,0.64542,,,,,,
845879691390676352,4481.47014,2.9254,5.16166,0.00966,-0.25954,0.00183,0.07383,145.31,backup,173.66692,57.39636,56.82703,5.81473,13.16511,1.47927,0.02235,0.05515,0.04278,-0.0077,0.0381,0.40525,0.68387,-0.00501,0.00691,-0.02547,-0.02761,-0.00691,0.00371
1390133342935176448,4482.0415,2.19899,5.27355,0.0064,-0.47341,0.00162,0.0978,183.27,bright,236.02017,42.12762,51.93772,6.0806,13.321,1.48136,0.038,0.09453,0.14824,0.08982,0.06486,0.40201,0.64508,0.02159,0.05762,-0.00189,0.01994,-0.01193,0.00383
1305842372071931648,4483.30573,2.36221,5.30664,0.00667,-0.63047,0.00173,0.07893,144.15,backup,246.69018,28.56263,42.79181,10.83056,12.06592,1.42066,0.01061,0.1151,0.09334,0.10652,0.10375,0.09219,0.39456,-0.00201,0.02622,-0.00079,0.03142,-0.00105,0.03032
1209811507538431232,4484.25656,2.69882,5.31891,0.00805,-0.46578,0.00216,0.05056,125.38,backup,234.74683,18.67418,50.68539,7.16771,12.9231,1.47648,0.07164,0.11365,0.05374,0.14328,0.08658,0.63035,0.57832,-0.03776,-0.04056,0.01868,0.01123,-0.01706,-0.02156
3570372232600324224,4485.23969,3.06765,4.56778,0.00811,0.06846,0.00467,0.10028,109.87,backup,182.27138,-14.95088,46.68387,5.09799,13.57736,1.53661,0.1346,0.16425,,,,0.8195,0.68074,,,,,,
860940492430684288,4485.42586,3.55668,5.14732,0.01054,-0.57866,0.00274,0.14318,110.58,backup,170.59794,60.43857,53.41574,5.2955,13.59164,1.42909,0.02007,0.05301,0.09157,0.01252,0.03262,0.37856,0.70272,0.0146,0.04428,-0.01533,-0.01127,-0.00772,0.00285
2562700749507805440,4486.63151,3.17201,4.52681,0.00848,0.05927,0.00469,0.10841,108.68,backup,20.66934,3.27645,-58.67483,4.45907,13.7381,1.50002,0.03205,0.0841,0.07829,0.17105,0.07192,0.38107,0.78402,-0.00221,0.02933,0.03314,0.10206,-0.00464,0.02434
3647892917663564800,4487.62135,2.5566,5.54906,0.00806,-0.54131,0.00187,0.05718,167.22,backup,213.95571,-0.29539,55.89146,4.72428,13.03697,1.50086,0.06824,0.10344,0.10692,0.13598,0.11441,0.65972,0.75392,0.0023,0.01237,0.02147,0.03428,0.00723,0.01801
3667330088515113344,4488.46995,2.88213,5.01426,0.00755,-0.80097,0.00214,0.34465,170.88,backup,212.99046,2.75767,58.93559,7.59195,12.72995,1.42271,0.04372,0.08902,0.08562,-0.00133,0.09959,0.49108,0.5945,-0.00167,0.00719,-0.04437,-0.04451,0.00519,0.01549
3584759410969767040,4488.95999,2.29981,4.48934,0.00778,-0.16056,0.00585,0.30187,116.72,backup,185.63571,-5.40974,56.72035,7.40244,12.72244,1.45117,0.03298,0.09667,0.10841,0.05457,0.10105,0.3411,0.59485,0.004,0.03151,-0.01436,-0.00051,0.00149,0.02713
1563888130384212480,4489.68328,2.28654,5.35564,0.00628,-0.38288,0.00168,0.04062,137.78,backup,198.00008,53.27278,63.57848,8.26657,12.5452,1.47298,0.02353,0.075,0.07633,0.04017,0.04713,0.3137,0.57965,0.00042,0.02072,-0.01093,-0.00024,-0.00874,0.00379
1685515355030242176,4489.70361,2.95541,4.58372,0.00777,0.04842,0.00468,0.104,105.27,backup,197.85745,68.58015,48.44125,4.39673,13.80551,1.48537,0.02232,0.06068,0.01748,-0.04345,0.05318,0.36783,0.74373,-0.01589,-0.00932,-0.0383,-0.05463,-0.00276,0.01723
3944010026297661440,4489.84575,3.16676,5.0313,0.00904,-0.67457,0.00227,0.31007,123.39,backup,198.12478,22.87652,83.61032,6.51263,13.06943,1.41939,0.02864,0.06314,0.04841,,0.03814,0.45355,0.70499,-0.00668,0.00549,,,-0.01134,-0.00174
4030296846986991744,4490.70978,2.18734,5.38738,0.00591,-0.26411,0.00153,0.00613,165.69,backup,182.74846,37.02292,76.92883,7.89245,12.49063,1.4714,0.02205,0.07286,0.05251,0.04647,0.05344,0.30265,0.62744,-0.00616,0.0109,-0.00798,0.00711,-0.00588,0.01148
2500359677163469568,4491.66821,2.44271,5.3319,0.00682,-0.30529,0.00164,0.02909,155.67,backup,37.442,-0.17983,-54.16922,7.81772,12.62513,1.48123,0.02392,0.08749,0.03159,0.02495,0.06662,0.27344,0.5638,-0.01529,-0.00612,-0.0171,-0.00986,-0.00571,0.01364
1291202035447253632,4491.99882,2.64905,5.27345,0.00744,-0.37224,0.00184,0.05328,158.77,backup,228.04222,35.53034,58.97634,7.12044,12.89106,1.47566,0.0326,0.06648,0.06555,0.03148,0.04073,0.49043,0.61818,-0.00045,0.00792,-0.01717,-0.01315,-0.01263,-0.00743
2500815798395100032,4492.0641,2.61569,5.24525,0.00759,-0.57142,0.00189,0.08856,147.32,backup,36.45117,0.08068,-54.58347,7.64549,12.79454,1.42647,0.02977,0.09945,0.06339,0.06031,0.1031,0.29935,0.57376,-0.01079,0.0066,-0.01172,0.00483,0.00109,0.02938
1222246404231054208,4492.40633,2.17479,5.25875,0.00631,-0.4414,0.0017,0.08468,160.42,backup,233.4106,25.2746,53.72504,4.96872,12.8694,1.50783,0.11779,0.15765,0.17978,0.18926,0.14793,0.74713,0.72693,0.01653,0.0129,0.02361,0.01979,-0.00726,-0.01025
2512229626739852032,4495.51026,1.98782,4.60791,0.00528,0.20297,0.00333,0.07995,134.03,backup,26.47485,2.55777,-57.54004,6.13226,12.99448,1.49299,0.02518,0.09456,0.01382,-0.00453,0.05545,0.26626,0.66738,-0.0215,-0.01595,-0.02638,-0.0282,-0.01041,0.01183
715143047268012160,4495.77211,2.17975,4.51188,0.00615,-0.01976,0.00374,0.21815,139.0,backup,137.38732,35.68451,42.51019,7.45567,12.64002,1.46346,0.02358,0.07845,,,0.06109,0.30059,0.5157,,,,,-0.00522,0.00792
3589893889752804864,4495.77322,2.2982,4.49455,0.00666,-0.03633,0.0041,0.23072,130.58,backup,171.07938,-10.01898,47.26694,7.14151,12.75678,1.46026,0.02459,0.10777,,,,0.22817,0.56081,,,,,,
2512436300566014208,4496.88984,2.72909,5.32899,0.00769,-0.27798,0.00182,0.04698,143.6,backup,26.55258,3.3681,-56.7629,6.84806,12.86453,1.48648,0.02393,0.10228,,,0.08926,0.234,0.6236,,,,,-0.00305,0.03173
1569747947541194112,4497.48458,2.52315,4.5424,0.00704,0.23224,0.00421,0.11344,104.89,backup,192.67649,53.01814,64.10976,4.07518,13.81249,1.47599,0.02399,0.06194,0.04412,-0.03123,0.03405,0.3874,0.829,-0.0069,0.01258,-0.03609,-0.04988,-0.01081,0.00423
1207768722309148672,4498.10438,3.64514,5.15009,0.01129,-0.32897,0.00242,0.06532,110.01,backup,232.40393,17.1019,52.18958,5.09487,13.57736,1.49918,0.1,0.14223,0.18409,0.12126,0.11209,0.70311,0.71077,0.02944,0.03085,-0.01474,-0.01381,-0.02119,-0.02033
1324368700619726336,4498.69439,2.38654,5.39713,0.00682,-0.4153,0.00173,0.03178,135.34,backup,246.86021,31.16776,43.12535,8.36826,12.58129,1.47429,0.02038,0.07381,0.03656,0.06671,0.06201,0.27608,0.47979,-0.01028,-0.00284,-0.00196,0.01163,-0.00326,0.00937
863775239565318016,4499.04716,2.45637,4.59227,0.0065,0.15165,0.00376,0.0672,128.53,backup,174.67586,63.69764,51.57681,4.87336,13.47901,1.47427,0.01995,0.12952,0.18155,0.11492,0.10386,0.15401,0.72365,0.00801,0.11143,-0.00225,0.06321,-0.00395,0.05521
1508913584084210560,4499.36186,2.12224,4.57684,0.00565,0.12424,0.00315,0.13176,149.19,backup,210.53127,46.79644,65.91013,4.90817,13.50672,1.49959,0.02434,0.06541,0.10461,-0.03479,0.03863,0.37207,0.77417,0.01458,0.05665,-0.03728,-0.05127,-0.00996,0.00557
1224468929546287104,4502.0664,2.22667,5.41842,0.00628,-0.31948,0.00163,0.01524,157.17,backup,236.42794,27.78723,51.54132,7.8953,12.67683,1.50211,0.05076,0.10616,0.116,0.1207,0.07796,0.47815,0.54771,0.0047,0.01277,0.00695,0.01535,-0.01349,-0.00806
1502462371407201664,4502.85734,3.13745,5.43186,0.00835,-0.22564,0.00204,-0.00434,117.6,backup,206.75088,44.13228,69.65261,5.78262,13.17621,1.48275,0.02482,0.06574,0.04394,0.04725,0.03709,0.37759,0.72668,-0.00823,0.00711,-0.00698,0.00951,-0.01082,0.00213
1290751441838296960,4503.57366,3.05708,5.11863,0.0088,-0.49205,0.00215,0.07967,143.09,backup,228.41919,34.9896,58.71853,5.49302,13.42106,1.44471,0.03668,0.06925,0.06042,0.09907,0.04666,0.5296,0.71197,-0.00467,0.00634,0.01579,0.03386,-0.01196,-0.00346
4025791318918924288,4504.81577,2.76025,5.34382,0.00784,-0.39125,0.002,0.0365,129.64,backup,174.46936,34.10365,72.73912,5.32414,13.44482,1.45538,0.02366,0.07675,0.13311,0.09953,0.04795,0.30826,0.76187,0.01737,0.07776,0.00702,0.05217,-0.00888,0.01287
1055382423653267584,4504.88126,3.01981,5.25065,0.00885,-0.30501,0.00198,0.06551,136.04,backup,161.83989,63.934,48.13723,5.65846,13.36682,1.48525,0.01571,0.06818,0.05821,0.03964,0.02694,0.23045,0.65109,-0.0023,0.02219,-0.00658,0.0101,-0.0095,0.00183
1281806120176271872,4505.21756,1.89712,5.27081,0.0053,-0.38634,0.0014,0.05747,171.24,backup,222.26607,29.53705,64.07283,9.5033,12.17722,1.46363,0.02769,0.07123,0.12719,0.04461,0.04409,0.38878,0.53097,0.02176,0.03984,-0.01035,-0.00401,-0.01055,-0.00428
1055928571695036928,4505.37751,3.11818,4.57533,0.00885,-0.09379,0.00471,0.1315,136.7,backup,166.03496,65.25247,48.29526,4.29535,13.86013,1.46189,0.0165,0.11676,0.15511,0.05643,0.07739,0.14129,0.75105,0.00542,0.1,-0.00852,0.02589,-0.00556,0.04162
857502560088860928,4505.97092,2.46264,5.43224,0.00643,-0.36754,0.00178,0.09567,126.0,backup,168.64788,58.55977,54.33397,9.11773,12.15148,1.45408,0.01942,0.05191,0.11314,0.0135,0.02185,0.37423,0.50975,0.02292,0.03825,-0.01437,-0.01255,-0.01125,-0.00829
2576251886722673024,4506.84068,3.34178,5.24047,0.00979,-0.3901,0.00247,0.06032,126.41,backup,18.06016,6.07188,-56.42056,5.82288,13.28354,1.47326,0.03076,0.13493,0.06306,0.13494,0.10755,0.22797,0.68165,-0.01638,0.01223,0.0,0.06123,-0.00624,0.04255
1529304199021281408,4507.6428,1.95123,4.53737,0.00543,0.00399,0.00322,0.18176,157.52,backup,195.76328,43.43259,73.52715,7.5963,12.58001,1.4642,0.02582,0.07199,,,0.03789,0.3587,0.63575,,,,,-0.01223,-0.00173
2516405709340948352,4508.82201,3.33969,5.20574,0.00991,-0.42942,0.00239,0.06902,122.92,backup,35.00323,3.84438,-52.36496,5.24877,13.44522,1.47786,0.05353,0.13751,,-0.00527,0.11174,0.38931,0.70091,,,-0.05558,-0.05722,-0.01003,0.02478
1295946806078195840,4511.01512,2.57138,5.50438,0.00681,-0.2025,0.00168,0.00312,137.64,backup,223.96217,37.63007,61.87519,8.17488,12.4614,1.49844,0.02684,0.06311,0.07464,-0.00651,0.02774,0.42526,0.57813,0.0049,0.01631,-0.02961,-0.0306,-0.01504,-0.0108
2509691163629067520,4511.32617,3.5886,5.32334,0.00977,-1.11477,0.003,-0.00975,152.78,backup,24.09872,-0.52079,-61.28595,4.83971,13.20204,1.29747,0.02718,0.07874,,,0.08614,0.34514,0.76536,,,,,0.00255,0.03875
1322746439932761088,4511.85831,2.90174,5.31863,0.00799,-0.34576,0.00197,0.03684,117.49,backup,242.09631,32.89177,47.35583,7.17194,12.72912,1.45786,0.04684,0.08722,0.07656,0.09158,0.07055,0.53704,0.55979,-0.00572,-0.00398,0.00234,0.00443,-0.00895,-0.00735
1056477983911536000,4512.63797,2.76838,5.3114,0.00811,-0.44959,0.00196,0.06974,140.07,backup,170.11979,65.13103,49.3663,5.67443,13.28058,1.4313,0.01585,0.05424,0.06805,0.1234,0.02846,0.2922,0.65696,0.00404,0.02886,0.02021,0.06522,-0.00753,0.00285
3585402144236865280,4513.03746,2.56183,4.62446,0.00682,0.24651,0.004,0.07264,117.95,backup,174.52872,-12.45469,46.60253,4.672,13.57088,1.49751,0.04766,0.0856,,,,0.55681,0.71183,,,,,,
1056216334503787904,4514.122,3.60146,5.14475,0.01272,-0.37334,0.0024,0.10061,126.36,backup,171.97652,64.66785,50.16731,4.79925,13.69589,1.46632,0.01772,0.06173,0.06059,0.07613,0.02691,0.28702,0.72198,-0.00033,0.02603,0.00414,0.03725,-0.00999,0.00171
1529318011636086528,4514.16036,3.46073,5.11682,0.00961,-0.55887,0.00238,0.1239,119.65,backup,195.65416,43.58866,73.38527,5.20456,13.53714,1.41398,0.02731,0.07257,0.04555,,0.03678,0.37627,0.77075,-0.01017,0.0078,,,-0.01347,0.00104
1058717345499953024,4514.34541,2.98866,5.10408,0.00834,-0.57204,0.00201,0.11957,141.82,backup,159.04702,64.89918,46.6029,5.63638,13.40266,1.41183,0.01377,0.0594,0.06678,0.10856,0.03152,0.23185,0.64346,0.00171,0.0292,0.0114,0.05609,-0.00646,0.00651
2510290191307538944,4515.12173,2.60535,5.30429,0.00757,-0.44797,0.00199,0.08264,150.66,backup,24.80865,0.69305,-59.89691,7.73243,12.78032,1.46339,0.02476,0.10365,,,0.10572,0.23885,0.59142,,,,,0.00049,0.03777
1604367857848045440,4515.14655,2.11475,4.61254,0.00587,0.36636,0.00367,0.04419,124.84,backup,219.11906,52.15884,58.18294,5.66644,13.05582,1.49624,0.02014,0.06565,0.03138,0.02735,0.03067,0.30679,0.69871,-0.01051,0.00179,-0.01175,-0.00103,-0.01073,0.00129
4025453807504061056,4515.50062,2.50262,4.60268,0.00676,0.21956,0.0039,0.08004,117.95,backup,172.14508,32.73897,71.22958,4.2006,13.78087,1.4882,0.02655,0.07599,,,0.05942,0.3494,0.83523,,,,,-0.00579,0.02308
1211770085640889344,4515.8896,2.62273,5.47923,0.00706,-0.30191,0.00188,0.02466,126.46,backup,227.03087,17.88489,57.22399,6.78821,12.93174,1.48696,0.03253,0.08387,0.08057,0.06434,0.08421,0.38787,0.62875,-0.00128,0.01813,-0.00757,0.00792,0.00013,0.02042
1059137771258497280,4516.19723,2.79983,4.55679,0.00751,0.06656,0.00386,0.09,128.38,backup,166.14208,66.30874,47.47479,4.23633,13.72559,1.4483,0.01665,0.08947,,,0.04873,0.18606,0.75136,,,,,-0.00758,0.01997
1505947514029386880,4516.22202,3.83183,5.1659,0.01213,-0.38786,0.00273,0.05925,123.41,backup,213.01197,45.78451,65.43063,4.03695,14.06539,1.46194,0.02547,0.06116,0.04723,0.01594,0.0197,0.41653,0.83508,-0.0058,0.01397,-0.01884,-0.01217,-0.01727,-0.00903
1558628826968121856,4516.48604,2.6867,4.58803,0.00708,0.09097,0.00371,0.06276,134.57,backup,203.62852,49.89509,65.78184,4.36841,13.6838,1.45804,0.02239,0.0608,0.06971,0.11139,0.02009,0.36818,0.81178,0.00328,0.0342,0.01863,0.06804,-0.01499,-0.00608
845651164771005568,4516.51672,2.34626,5.24627,0.00652,-0.47398,0.00171,0.08248,157.32,backup,172.72919,56.81776,57.03118,6.93092,12.95756,1.43956,0.02191,0.05384,0.05722,0.09707,0.03949,0.40686,0.6203,0.00137,0.01359,0.01759,0.03831,-0.00584,0.00259
1571069732316531072,4518.38393,2.99091,5.64525,0.00877,-0.60232,0.00207,-0.01268,130.13,backup,189.10304,54.85288,62.14011,5.61039,12.75086,1.45064,0.02301,0.06202,0.12183,0.13352,0.04166,0.37103,0.71653,0.02219,0.06428,0.02653,0.07266,-0.00756,0.00684
1691121489942497408,4520.04494,2.72544,4.59731,0.00732,0.31132,0.00423,-0.04078,117.56,backup,194.29228,72.6853,44.43631,4.26028,13.63663,1.44387,0.02186,0.06424,0.08033,0.02762,0.04268,0.34035,0.73144,0.00548,0.0369,-0.01246,-0.00166,-0.00734,0.00935
3585704647372582272,4520.4062,3.13269,5.4115,0.00882,-0.29665,0.00217,0.04791,144.25,backup,176.52893,-11.55998,48.19183,7.15646,12.88341,1.4897,0.02828,0.07209,,,,0.39228,0.56536,,,,,,
1058540530286303744,4521.77655,2.82272,5.26524,0.00826,-0.4776,0.0021,0.0786,149.61,backup,162.89439,64.81392,47.79533,5.38218,13.41298,1.42711,0.01574,0.09311,0.17207,0.13562,0.08117,0.1691,0.66748,0.01335,0.09911,0.00719,0.07478,-0.00202,0.03843
841294796622482048,4523.74984,3.28029,5.44937,0.00917,-1.11764,0.00238,0.09422,151.91,backup,175.40469,54.43652,59.85036,6.60962,12.22633,1.31899,0.01924,0.0527,0.07411,0.08136,0.02599,0.36506,0.64888,0.00781,0.02885,0.01046,0.03356,-0.00975,-0.00238
854143208468767488,4523.85519,2.68604,5.48489,0.00765,-0.34227,0.00193,0.03673,136.4,backup,162.32835,56.93266,53.16836,6.94156,12.91416,1.47514,0.01592,0.04754,0.06773,,0.02057,0.33494,0.60245,0.00676,0.02488,,,-0.00903,-0.00353
1327265226564308608,4524.21801,3.11704,5.27373,0.00777,-0.75402,0.00231,0.13914,120.16,bright,250.98448,35.87207,40.39316,4.71782,13.24266,1.43036,0.03148,0.08135,0.02511,0.07163,0.06928,0.38694,0.66675,-0.02176,-0.01473,-0.00376,0.01628,-0.00467,0.01472
1073791718635973248,4524.77473,1.7842,4.55188,0.00495,0.09178,0.00278,0.18984,161.73,backup,164.05155,71.23647,43.04691,6.3785,12.86151,1.46145,0.01524,0.1491,0.14512,0.0696,0.10449,0.10219,0.57519,-0.00041,0.06823,-0.00812,0.02479,-0.00456,0.04487
1271229200571635712,4525.5818,2.49469,5.3235,0.00718,-0.43685,0.00184,0.06473,131.17,backup,228.71455,26.49478,58.10305,7.31712,12.84875,1.48204,0.13768,0.17181,,,0.15119,0.8014,0.60475,,,,,-0.01652,-0.04625
1681650090622275712,4526.44343,3.0698,4.63354,0.00965,-0.50404,0.00529,0.28751,134.01,backup,184.07213,67.62671,49.15198,4.7597,13.61081,1.40974,0.0246,0.06553,,,0.0562,0.37541,0.71957,,,,,-0.0035,0.01584
3680936166952564352,4528.0616,2.23325,4.54855,0.00643,0.00025,0.00335,0.2254,145.5,backup,186.14368,-4.65344,57.56223,6.87791,12.76957,1.46101,0.03858,0.09792,0.06971,0.06422,0.13202,0.39401,0.62531,-0.01112,0.00501,-0.01328,0.00157,0.01344,0.04397
4427418044390790400,4528.97538,3.44061,5.22523,0.01032,-0.41254,0.00244,0.09566,117.03,backup,232.31364,3.65312,45.63061,4.87882,13.65541,1.47916,0.08963,0.12701,0.13669,0.13235,0.13633,0.70573,0.6903,0.00684,0.00473,0.00377,0.00173,0.00658,0.00448
1499360477306428928,4533.2814,2.05171,5.42914,0.00575,-0.38884,0.00158,0.03262,167.09,backup,210.96315,43.38194,68.12682,9.49656,12.14751,1.44884,0.02189,0.06111,0.00191,-0.01667,0.02641,0.35823,0.5424,-0.02121,-0.02086,-0.02786,-0.03093,-0.01243,-0.00757
1676322647548146944,4534.34569,2.06395,4.64414,0.00552,0.2688,0.00314,0.11054,138.21,backup,195.61853,64.07538,53.0099,4.87905,13.43046,1.49481,0.02168,0.05874,0.10531,0.0427,0.04626,0.36899,0.73009,0.01718,0.05521,-0.00592,0.0095,-0.00461,0.0121
3702354447302860032,4535.25561,2.80782,4.66255,0.00725,0.20732,0.00399,0.06904,117.18,backup,190.52807,1.43997,64.21455,4.56311,13.56885,1.48153,0.03487,0.06406,0.05202,0.0502,0.04831,0.54441,0.79374,-0.00656,0.00641,-0.00755,0.00497,-0.00857,0.00348
840871037969299200,4535.54537,2.0468,4.61007,0.00578,0.37753,0.00347,0.07253,124.89,backup,177.07217,54.6711,60.14082,6.13607,12.85481,1.46835,0.01986,0.05558,-0.1001,-0.06734,0.0424,0.35726,0.67719,-0.05562,-0.08764,-0.04391,-0.06546,-0.00471,0.00886
1446026123179436928,4537.74537,3.10472,5.46521,0.00861,-0.32377,0.0022,0.00593,117.2,backup,198.41222,23.228,83.6404,5.86953,13.25109,1.47186,0.02835,0.06044,0.02486,0.02045,0.03125,0.46909,0.74195,-0.01669,-0.00991,-0.01876,-0.01318,-0.0137,-0.00517
844315567381031936,4539.11455,2.85516,4.62651,0.00751,0.02348,0.00399,0.11629,124.88,backup,170.73788,56.42992,56.70217,4.68475,13.65227,1.47642,0.02137,0.05124,0.0459,0.02873,0.03146,0.41702,0.76005,-0.00223,0.01352,-0.00939,0.00046,-0.00825,0.00255
1564879619290777728,4539.31879,3.21114,5.20999,0.00962,-0.36836,0.00217,0.06826,118.8,backup,197.11715,56.21476,60.75292,5.84304,13.18012,1.44941,0.02174,0.06775,0.07202,0.10682,0.04935,0.3209,0.69718,0.00137,0.02847,0.01254,0.05273,-0.00591,0.01266
1072812603531573120,4539.32597,2.74675,4.74154,0.00924,-0.48118,0.00454,0.19684,136.1,backup,162.29075,69.62983,43.96382,5.15934,13.57974,1.43472,0.01465,0.09572,0.10219,0.11461,0.06124,0.15303,0.65919,0.00099,0.05271,0.00289,0.0609,-0.00528,0.02572
1056490937532815744,4539.48718,3.02327,4.65759,0.00824,-0.02774,0.00437,0.09775,128.36,backup,171.61683,65.25281,49.58392,4.70758,13.62737,1.45453,0.01722,0.05718,0.06316,0.07398,0.02418,0.30113,0.72578,0.0018,0.02862,0.00506,0.03647,-0.00994,0.00033
2558681205578934400,4544.80491,2.9252,5.73189,0.00815,-0.93635,0.00213,-0.11178,168.09,backup,23.59817,1.60804,-59.45855,6.68799,12.40613,1.32032,0.02337,0.088,0.06041,0.06048,0.06975,0.26554,0.64307,-0.00733,0.01548,-0.00731,0.01553,-0.00485,0.02149
2497485759926870144,4547.48318,2.88057,4.67385,0.00909,-0.30699,0.00598,0.24203,130.35,backup,42.61929,-1.10096,-51.37331,4.4574,13.73248,1.42806,0.07373,0.17889,0.16758,0.1335,0.18638,0.41217,0.75393,-0.00466,0.05261,-0.01871,0.02692,0.00309,0.06678
1296286933128668032,4548.38806,2.58135,5.45802,0.00697,-0.26096,0.0017,-0.01473,134.49,backup,222.36145,38.72298,62.81843,7.39243,12.66603,1.46844,0.02717,0.06334,0.05892,0.01055,0.02926,0.429,0.61813,-0.00189,0.00925,-0.02265,-0.02065,-0.01462,-0.00908
714688983326006656,4548.60162,2.27875,4.67701,0.0063,-0.03529,0.00357,0.13363,153.23,backup,138.2346,35.3802,43.16506,8.45969,12.36664,1.45007,0.02242,0.07286,0.0666,,0.05194,0.30772,0.47635,-0.00192,0.00931,,,-0.00644,0.00232
1553155286286281344,4549.834,2.29234,4.68164,0.00602,0.19151,0.00335,0.05987,128.77,backup,200.61867,49.26839,67.06504,6.33306,12.872,1.46456,0.02065,0.06079,,,0.0249,0.33966,0.68756,,,,,-0.01219,-0.00353
1507773321807029376,4550.06034,3.39186,5.32198,0.00895,-0.49353,0.00242,0.04824,129.22,backup,215.09673,48.29549,62.68447,5.76354,13.24381,1.41412,0.02642,0.07883,0.1309,0.05697,0.07596,0.33514,0.70866,0.01745,0.06635,-0.00733,0.01395,-0.00096,0.02741
3786347922959522176,4551.33304,2.54247,4.57935,0.00692,0.13135,0.0033,0.09802,137.39,backup,172.75017,-4.09524,53.22907,8.77597,12.14775,1.458,0.01461,0.13959,0.15501,0.11062,0.15676,0.10465,0.51819,0.00161,0.06572,-0.00303,0.04272,0.0018,0.06663
3666990992257052800,4552.66194,2.86394,4.64954,0.00758,0.18842,0.00389,0.02735,123.46,backup,214.76626,2.84263,57.92152,4.62028,13.51149,1.45498,0.05904,0.09314,0.09501,0.09878,0.09606,0.63393,0.76941,0.00119,0.01406,0.00358,0.01696,0.00185,0.01487
1316936787993999616,4553.69686,2.05684,5.46989,0.00575,-0.36617,0.00152,0.0127,151.63,backup,242.80372,28.60863,46.14931,9.46198,12.18203,1.45611,0.02119,0.14414,0.12994,0.13696,0.11209,0.147,0.4565,-0.00209,0.03813,-0.00106,0.04133,-0.00471,0.02998
858271565392726656,4554.84259,2.17418,4.61636,0.00589,0.11314,0.0031,0.14861,140.96,backup,172.60691,58.85138,55.29938,6.01608,13.01394,1.46361,0.02181,0.05565,0.06622,0.0235,0.03556,0.3919,0.66488,0.00414,0.02222,-0.0126,-0.00618,-0.00787,0.00183
2562844922969947776,4555.61946,2.91824,4.69595,0.00908,-0.30502,0.00517,0.13358,130.35,backup,19.07031,3.32355,-58.9637,5.82415,13.20904,1.42945,0.03503,0.11509,,,0.10173,0.30437,0.69178,,,,,-0.00407,0.03535
1321045598524015616,4555.64845,2.81081,5.42404,0.00809,-0.33735,0.002,0.01426,129.19,backup,236.86157,30.08249,51.49115,5.35664,13.39844,1.4673,0.05522,0.09773,0.10086,0.09228,0.07952,0.56503,0.68922,0.00177,0.01429,-0.00308,0.00838,-0.01029,-0.00042
1680456639469919488,4557.21192,2.64822,4.65399,0.00687,0.14612,0.00354,0.07549,128.25,backup,190.48902,65.7668,51.33278,4.17514,13.765,1.44717,0.0218,0.05773,0.10789,-0.00111,0.05532,0.37756,0.77599,0.01894,0.06192,-0.02222,-0.02266,-0.00091,0.02113
741566102685542656,4557.81638,2.77962,5.47452,0.00783,-0.34017,0.00199,0.02575,128.37,backup,156.69615,29.6394,58.2126,7.53202,12.67648,1.45155,0.01723,0.07638,0.07301,0.07062,0.06525,0.22553,0.59458,-0.00076,0.02618,-0.0013,0.02476,-0.00251,0.02157
3810421150229264896,4558.71933,2.49434,4.66842,0.00661,0.17907,0.00345,0.08783,128.16,backup,167.41172,1.24371,54.42425,6.78836,12.66342,1.45428,0.03292,0.1141,0.11732,0.05486,0.12698,0.28851,0.61654,0.00093,0.03941,-0.01709,0.0009,0.00372,0.04537
1506768024581731712,4558.87616,2.93998,5.2646,0.00895,-0.37086,0.00203,0.07564,134.08,backup,214.86788,46.40821,64.0529,5.46876,13.39537,1.45907,0.02584,0.06702,0.07919,0.08323,0.03068,0.38559,0.73163,0.00469,0.03209,0.00625,0.03505,-0.01401,-0.0034
2497464074636370432,4558.91148,2.41806,4.77313,0.00807,-0.42478,0.00488,0.22855,145.06,backup,42.51448,-1.29395,-51.58377,5.72092,13.22648,1.40416,0.02959,0.17291,0.22833,0.18965,0.15862,0.17113,0.66568,0.00948,0.1224,0.00287,0.09666,-0.00245,0.076
4415559021211148672,4559.11992,2.63805,4.63004,0.00703,0.01425,0.00358,0.09418,146.6,backup,230.11806,-1.09931,44.38474,6.07588,13.25361,1.5693,0.28763,0.33273,0.37664,0.3939,0.25604,0.86445,0.60187,0.03795,-0.06094,0.05288,-0.05055,-0.0663,-0.13353
4034106173740908544,4559.5502,2.89871,4.60222,0.00782,0.18445,0.00376,0.05642,120.39,backup,178.609,37.40545,74.19661,4.2103,13.67806,1.44605,0.0251,0.07699,0.11438,0.06531,0.05582,0.32605,0.83931,0.01219,0.0709,-0.00381,0.02972,-0.0069,0.02175
1675460939669451904,4560.97684,1.74673,5.57494,0.00467,-0.2716,0.00118,-0.06215,191.47,backup,197.17006,61.67287,55.33486,7.57642,12.42294,1.41036,0.02189,0.06645,0.14738,,0.0334,0.32939,0.58041,0.02666,0.06365,,,-0.01089,-0.0025
1318973633284403840,4561.73133,2.76614,5.2956,0.00739,-0.38496,0.00193,0.02078,119.05,backup,243.45915,31.14985,45.99896,7.35138,12.63102,1.41547,0.04271,0.09701,0.14003,0.13643,0.07677,0.44029,0.54287,0.01894,0.03331,0.01736,0.03135,-0.00891,-0.00103
1208098644517036928,4561.74049,2.76227,5.46171,0.00778,-0.3326,0.00191,0.03586,125.14,backup,229.14251,15.93852,54.59314,5.6934,13.30654,1.48161,0.04722,0.08386,0.0423,0.08273,0.07893,0.56316,0.68186,-0.0234,-0.01838,-0.00064,0.00918,-0.00277,0.0066
1532559371912518400,4562.85219,2.43814,5.14387,0.00607,-0.7159,0.00156,0.18571,164.97,backup,185.34283,38.95415,76.61278,8.60874,12.47766,1.37958,0.01964,0.07087,0.10735,0.08228,0.07702,0.27717,0.59507,0.01011,0.04424,0.00316,0.02932,0.0017,0.02619
3696045037265608576,4562.90517,2.36883,4.65929,0.00619,0.27072,0.00345,0.0283,130.02,backup,190.42065,0.45285,63.2219,6.24815,12.89395,1.45901,0.03177,0.065,0.1111,0.20191,0.05371,0.48881,0.68116,0.02253,0.0439,0.06692,0.10576,-0.00552,0.00481
4025690782324263808,4563.84681,1.90254,4.6801,0.00504,0.28966,0.0028,0.03796,155.3,backup,174.71126,33.22358,73.19815,5.49935,13.09934,1.46332,0.02425,0.0777,0.12462,0.08757,0.06562,0.3121,0.75158,0.01464,0.06941,0.00308,0.04156,-0.00377,0.02507
1558116901225643264,4564.17751,1.90045,4.58168,0.0052,0.09692,0.0028,0.19833,152.51,backup,196.19726,53.16464,63.84571,7.59401,12.42324,1.4352,0.02282,0.07007,,,0.03276,0.32566,0.61155,,,,,-0.01215,-0.00278
3895667970357940736,4565.2781,2.93746,5.43663,0.00841,-0.40523,0.00211,0.03532,120.05,backup,177.32561,2.91842,61.59206,7.37422,12.78485,1.4529,0.03095,0.0922,0.07513,0.06924,0.06917,0.33568,0.61489,-0.00573,0.01525,-0.00771,0.01163,-0.00773,0.01158
1271961440955594496,4565.31419,3.56371,5.28046,0.01023,-0.40231,0.00248,0.06074,116.92,backup,231.60466,28.92907,55.90319,4.47205,13.79696,1.44689,0.05677,0.08686,0.11055,0.10202,0.06359,0.65357,0.77267,0.01548,0.02864,0.00991,0.02206,-0.01521,-0.00764
1521913694174108672,4565.74656,2.4234,5.56623,0.00662,-0.26428,0.00167,-0.0227,141.9,backup,192.03824,40.59716,76.51403,5.41241,12.5101,1.44858,0.02168,0.0567,0.0855,0.1045,0.04488,0.38235,0.76244,0.01101,0.04351,0.01828,0.05799,-0.00452,0.01254
1046305577209009152,4567.02987,2.71541,4.78854,0.00873,-0.46744,0.00496,0.28847,131.33,bright,148.78246,57.49968,46.72809,4.28767,13.86005,1.4023,0.01505,0.04983,0.10592,-0.00526,0.03576,0.302,0.74296,0.01694,0.06365,-0.01664,-0.01896,-0.00425,0.01152
1216665622508402944,4567.29451,3.25906,5.84987,0.00965,-0.89975,0.00311,-0.0997,117.42,backup,237.5181,21.80509,49.21245,4.37891,13.47247,1.36288,0.11483,0.18023,0.14588,0.20205,0.13996,0.63717,0.74924,-0.02188,-0.00554,0.01391,0.03655,-0.02566,-0.00997
1321705855256345856,4569.40569,3.24886,4.73018,0.0098,-0.16595,0.00587,0.14868,118.66,backup,239.32395,31.91159,49.58912,4.54855,13.81142,1.47173,0.05903,0.09608,0.13611,0.1461,0.07604,0.61443,0.73794,0.0246,0.04141,0.03073,0.04878,-0.01231,-0.00292
1504371192312301440,4569.81535,4.33801,5.5959,0.0122,-0.96824,0.00342,-0.02218,134.77,backup,214.19294,43.14608,66.44573,4.74291,13.34858,1.29284,0.02657,0.06101,-0.02246,-0.03116,0.02485,0.43555,0.78694,-0.03635,-0.04425,-0.04014,-0.05109,-0.01575,-0.00702
854135958563998208,4570.25568,3.1082,4.69371,0.00806,0.09145,0.00403,0.11666,117.75,backup,162.05535,56.67447,53.22358,4.6421,13.59986,1.46254,0.01649,0.04733,,,0.01719,0.34847,0.74851,,,,,-0.0105,-0.00362
4025393643602205824,4570.81906,1.99524,5.51047,0.00545,-0.33635,0.00147,0.02424,161.82,backup,172.19302,32.39456,71.33774,7.41783,12.60495,1.43954,0.02214,0.07605,0.12223,0.16063,0.07375,0.29118,0.64005,0.01345,0.05609,0.02463,0.08067,-0.00067,0.02506
3561408910732429568,4572.22144,2.81873,4.74205,0.00769,0.00896,0.00385,0.09712,144.27,backup,171.52459,-14.50103,43.50443,6.27999,13.04302,1.4831,0.03479,0.09288,,,,0.37457,0.58395,,,,,,
2512246016335011712,4572.74833,2.98112,4.83541,0.01135,-0.41598,0.00581,0.14567,127.02,backup,25.91868,2.37503,-57.9224,5.34364,13.48305,1.41969,0.02873,0.09824,0.07197,0.06066,0.0608,0.29242,0.71876,-0.00768,0.023,-0.01099,0.01488,-0.01095,0.01497
1506124810279083520,4573.08398,2.57198,4.68947,0.00712,-0.09279,0.00374,0.11548,158.09,backup,212.74696,46.55716,65.03392,5.05326,13.40059,1.43208,0.02461,0.06629,,,0.02178,0.37124,0.76193,,,,,-0.01653,-0.00802
1207961858398555392,4574.2943,2.98558,4.71582,0.00785,0.04577,0.00403,0.10541,119.31,backup,232.35418,17.29024,52.3051,5.06633,13.54267,1.51162,0.10067,0.14563,0.21278,0.1765,0.11806,0.69123,0.71334,0.04642,0.05112,0.02134,0.02524,-0.01906,-0.01645
1056431804423142784,4574.47647,2.4052,4.71985,0.00673,-0.05677,0.00368,0.13604,156.04,backup,171.15469,64.9367,49.75907,6.51108,12.97678,1.45748,0.01628,0.05639,0.03839,,0.02966,0.2886,0.60855,-0.0052,0.00709,,,-0.00772,0.00177
1220404172497918336,4577.12841,2.28459,5.44228,0.00574,-0.44535,0.00169,0.07805,143.71,backup,239.40042,26.85119,48.77437,8.12748,12.26209,1.40454,0.05448,0.15521,0.1717,0.10965,0.11649,0.35104,0.52304,0.00579,0.03532,-0.01599,0.00287,-0.01359,0.00644
1076936459329713408,4577.6694,3.0989,5.63148,0.00907,-0.85362,0.00242,-0.05556,146.44,backup,159.79325,71.19607,42.22592,4.08032,13.42355,1.39795,0.01625,0.16694,0.22253,0.09635,0.11526,0.09736,0.73224,0.00541,0.14669,-0.00687,0.0543,-0.00503,0.06815
1502088812330881152,4579.07577,3.32125,5.68558,0.00941,-0.8486,0.00242,-0.08803,151.7,backup,207.50547,43.2559,69.98175,4.24681,12.94973,1.33944,0.02682,0.06356,0.09743,0.05507,0.03285,0.42194,0.82966,0.01429,0.05402,-0.00358,0.01887,-0.01296,0.00044
2497690440888325376,4584.26326,2.39735,4.69215,0.00627,0.03711,0.00334,0.13667,144.28,backup,41.94865,-0.92208,-51.71753,4.93964,13.48801,1.46944,0.03713,0.13783,0.13731,0.16739,0.11917,0.26941,0.71953,-0.00014,0.06166,0.00796,0.08331,-0.00503,0.04862
1551106140210164608,4585.62678,2.42532,4.67724,0.00658,-0.00739,0.00379,0.1555,134.05,backup,201.53829,46.3734,69.56779,5.51891,13.24849,1.45558,0.02471,0.08235,,,0.08345,0.30003,0.74292,,,,,0.00033,0.03729
5097273513381974016,4587.624,2.68044,4.68091,0.00713,0.35766,0.00383,0.03744,121.63,backup,60.05114,-17.03829,-45.38589,4.93607,13.27416,1.44642,0.01889,0.08253,,,0.08447,0.22884,0.68454,,,,,0.00044,0.03894
1055648471107670016,4588.85869,3.04753,4.67723,0.00808,0.14423,0.00384,0.01486,131.21,backup,166.89021,64.57594,49.05415,4.20915,13.68458,1.41981,0.01617,0.06356,-0.00467,0.00284,0.03392,0.25447,0.76203,-0.01736,-0.01973,-0.01545,-0.01401,-0.00754,0.00967
2497393057352816512,4589.14125,3.00402,4.82664,0.01034,-0.35584,0.00635,0.1496,123.58,backup,42.7733,-1.61129,-51.6225,4.71695,13.73663,1.43963,0.05072,0.1789,0.20253,0.16489,0.19388,0.28348,0.73541,0.0067,0.09822,-0.00397,0.07055,0.00424,0.09186
3681117758169545728,4589.64424,2.81088,4.64762,0.00771,0.28923,0.00375,0.06624,116.72,backup,186.73136,-3.89448,58.41772,4.76266,13.33232,1.44844,0.04611,0.09769,,,0.1309,0.472,0.76092,,,,,0.01567,0.05349
3653981364518868992,4590.94449,2.46538,4.64034,0.00704,-0.13179,0.00457,0.24843,135.33,backup,215.29667,0.29127,55.58059,4.41837,13.66982,1.41513,0.0659,0.09831,0.1023,0.11486,0.09909,0.6703,0.77544,0.00267,0.01343,0.01109,0.02317,0.00052,0.01094
1532391112273601536,4591.57678,2.11537,4.73919,0.00556,0.08356,0.00293,0.05371,163.67,backup,184.48712,37.76688,77.24244,7.50537,12.57481,1.4525,0.02142,0.07109,0.16232,0.11244,0.05695,0.30126,0.6464,0.02748,0.08351,0.01246,0.05127,-0.00426,0.0154
1509981519112753408,4592.51473,2.61706,4.65192,0.00751,-0.13556,0.00472,0.21407,137.33,backup,208.53423,47.60715,66.13286,5.09184,13.29748,1.4045,0.02427,0.0669,0.07911,0.03092,0.04636,0.36272,0.76231,0.00443,0.03604,-0.01305,-0.0007,-0.00745,0.01107
2508862097501751040,4592.74862,2.85404,4.76874,0.00828,-0.10475,0.00445,0.11615,137.07,backup,24.20561,-1.33675,-62.00574,5.24426,13.3748,1.43553,0.02711,0.081,0.04362,0.07859,0.08695,0.33473,0.73998,-0.01251,0.00516,-0.00081,0.03104,0.00199,0.03723
3652910371473979008,4592.96625,1.89341,4.7093,0.005,0.26716,0.00262,0.05636,167.64,backup,216.97561,-0.37872,54.02539,5.8104,12.96394,1.45768,0.06898,0.10433,0.10199,0.13939,0.12037,0.66119,0.67184,-0.00155,-0.00046,0.02318,0.02467,0.0106,0.01189
1506771250101065600,4593.26233,1.87468,5.45732,0.0051,-0.37357,0.00126,0.04086,183.23,backup,215.36488,46.26577,63.88056,9.05439,12.22548,1.44019,0.024,0.06769,0.06957,0.03915,0.02757,0.3545,0.54766,0.00067,0.0141,-0.01012,-0.00256,-0.01422,-0.0089
714531482581558656,4594.67972,2.77729,4.69012,0.0072,0.34853,0.00396,-0.03892,117.85,backup,139.96783,35.20738,44.55704,5.01838,13.22947,1.42212,0.03354,0.07946,,,0.04081,0.4221,0.67322,,,,,-0.01632,-0.00607
1059356883309922304,4595.5479,3.35712,4.79451,0.01101,-0.42744,0.00544,0.15237,117.77,backup,166.13519,66.93876,46.96413,4.11003,13.98844,1.39205,0.01729,0.07984,0.07923,0.02889,0.04508,0.21652,0.75894,-0.00013,0.04285,-0.01103,0.00464,-0.00753,0.01693
1318155497850086656,4599.4377,2.77293,4.70287,0.00741,0.0323,0.004,0.11951,120.51,backup,245.32966,29.59409,44.15642,5.02697,13.39627,1.46684,0.0481,0.10095,0.14961,0.10468,0.1226,0.47647,0.66998,0.02319,0.05214,0.00178,0.02204,0.01032,0.03404
3654954878986052224,4599.4564,3.1636,5.50037,0.00785,-1.01146,0.0025,-0.08953,132.09,backup,218.76836,0.70113,53.71229,5.87903,12.688,1.24023,0.06881,0.10563,0.1086,0.10036,0.10737,0.65145,0.66608,0.00194,0.00353,-0.00343,-0.00196,0.00113,0.0027
1197910707216035072,4599.62095,2.38438,4.73747,0.00627,0.29669,0.00342,0.01691,122.7,backup,235.58713,18.85876,50.00217,6.27874,12.8883,1.46564,0.08216,0.12209,0.10098,0.0983,0.09362,0.673,0.62321,-0.0142,-0.01923,-0.016,-0.0209,-0.01916,-0.02382
3660366091102361088,4600.71962,3.09148,4.72077,0.00929,-0.49307,0.00528,0.28678,131.23,backup,209.95839,-0.42817,57.91037,4.67478,13.64972,1.37483,0.07141,0.10529,0.07739,0.10419,0.11432,0.67817,0.7654,-0.01892,-0.01217,-0.00075,0.00834,0.00612,0.01609
2508040762315791616,4601.12365,3.09944,4.74635,0.00821,0.07141,0.00418,0.09498,119.77,backup,30.57235,0.71511,-57.35612,6.98218,12.60666,1.4271,0.02744,0.08911,0.00426,-0.05334,0.06354,0.308,0.61894,-0.02613,-0.02481,-0.04387,-0.06046,-0.00787,0.01188
3634238052694312192,4604.0797,2.65087,4.75594,0.00784,-0.27159,0.00497,0.1035,142.77,backup,204.76709,-3.40904,57.3712,5.89868,13.1432,1.47126,0.06829,0.09797,0.09209,0.0984,0.10499,0.69705,0.68088,-0.0041,-0.00559,0.0003,-0.00129,0.0049,0.0032
2509609627969824896,4604.90619,1.75336,4.73608,0.00454,0.41553,0.00267,-0.11016,158.88,backup,26.88354,0.89582,-58.89551,7.07686,12.41614,1.39391,0.02555,0.09725,0.10151,0.11191,0.07503,0.26276,0.62013,0.00112,0.03739,0.00385,0.04384,-0.00584,0.02098
3575733520018724736,4605.14501,2.76202,4.75113,0.00768,-0.05125,0.0041,0.12309,137.99,backup,180.22784,-10.42877,50.49435,6.42876,12.97647,1.46824,0.06522,0.12948,,,,0.50372,0.61716,,,,,,
3667030231078337664,4606.40387,2.7917,4.64293,0.00783,-0.13759,0.00492,0.17931,133.64,backup,215.36177,3.1903,57.81477,4.70593,13.38808,1.45262,0.05596,0.08994,0.03987,0.05901,0.08114,0.62218,0.76278,-0.03116,-0.02555,-0.01924,-0.01095,-0.00548,0.00593
4423817246889568896,4608.83483,2.94517,4.75861,0.00757,0.10811,0.00379,0.08432,122.93,backup,235.69772,2.13499,42.00082,5.89922,13.1617,1.5066,0.16212,0.21944,0.20458,0.2181,0.20107,0.73878,0.59644,-0.01098,-0.0401,-0.00099,-0.03203,-0.01356,-0.04219
3812943734845800064,4609.19628,2.3302,4.75706,0.00609,0.0295,0.00325,0.11138,148.79,backup,172.7274,4.14038,60.03752,8.89434,12.18763,1.44683,0.01576,0.10319,0.0415,0.04563,0.07245,0.15276,0.54125,-0.00942,0.0067,-0.00879,0.00893,-0.0047,0.02345
1605118137095081216,4610.31699,3.6415,5.76225,0.01133,-0.71442,0.00253,-0.02361,117.47,backup,218.76739,52.30527,58.24492,5.34349,12.79618,1.40265,0.02,0.0631,-6e-05,0.0246,0.03127,0.31688,0.72002,-0.02002,-0.02004,-0.0122,-0.00229,-0.01009,0.00252
4421094924818143488,4611.66775,3.10157,4.74756,0.00817,0.037,0.00434,0.10361,117.12,backup,232.83667,2.51333,44.53443,4.60268,13.62242,1.4682,0.08874,0.12596,0.12754,0.16957,0.12874,0.7045,0.70448,0.00111,0.00111,0.03072,0.03072,0.00196,0.00196
1264173015979142784,4611.98601,2.47985,5.51847,0.00662,-0.3616,0.0017,0.04284,138.94,backup,228.95268,24.87188,57.59103,6.76705,12.78176,1.45532,0.11958,0.15286,0.22219,0.19998,0.127,0.78227,0.63141,0.05424,0.02072,0.03686,0.0067,-0.02023,-0.03939
3658803066604187264,4613.52406,2.85972,4.78924,0.00914,-0.3599,0.00537,0.12631,139.76,backup,209.35562,-1.18564,57.5369,5.0308,13.48604,1.45318,0.08601,0.1187,0.10858,0.15317,0.13463,0.72462,0.7386,-0.00734,-0.00582,0.02498,0.02712,0.01155,0.01343
2560547081106905984,4613.70431,2.55744,4.72304,0.00744,-0.38618,0.00509,0.34315,131.87,backup,25.92067,3.66745,-56.72229,5.72407,13.10331,1.37532,0.02724,0.10168,,,0.08388,0.26794,0.68915,,,,,-0.00477,0.03056
3643121483875696000,4613.72355,2.35697,5.96106,0.00755,-0.68361,0.00175,-0.11289,179.84,backup,217.10886,-3.17416,51.71772,8.46991,12.32431,1.43275,0.12074,0.18336,0.20889,0.17244,0.22226,0.65853,0.52356,0.01681,-0.01138,-0.00719,-0.03046,0.02562,-0.00438
1508868263589311232,4615.08885,1.88633,4.7318,0.00557,-0.26149,0.00388,0.13437,177.04,backup,210.29092,46.22515,66.44695,7.47767,12.58183,1.40079,0.02191,0.06274,0.04969,-0.01532,0.0228,0.34921,0.62496,-0.00456,0.00914,-0.02726,-0.03148,-0.01395,-0.00766
3563308420147745920,4616.36783,2.64808,5.95725,0.00892,-0.53148,0.00204,-0.0481,162.68,backup,166.92635,-14.21856,41.59438,6.02085,12.84276,1.44327,0.04337,0.12544,,,,0.34573,0.58608,,,,,,
861303090749552256,4617.14526,2.76675,4.75805,0.00704,0.18731,0.00351,0.0633,117.09,backup,169.93373,61.64282,52.24088,5.74437,12.99196,1.42985,0.01853,0.05354,0.0627,0.13394,0.02603,0.34609,0.66747,0.00317,0.02332,0.02783,0.07087,-0.00952,-0.00116
3636607294093557504,4618.42011,2.84074,4.74772,0.00783,-0.05431,0.00427,0.11699,137.61,backup,199.19492,-3.01141,59.24663,7.39458,12.65842,1.45873,0.02789,0.06818,0.10567,0.06894,0.09118,0.40909,0.60534,0.01534,0.03607,0.00031,0.01384,0.00941,0.0273
1273645652250447360,4618.50936,2.1495,4.76579,0.00578,-0.04682,0.0035,0.11126,153.72,backup,232.65649,30.24786,55.12441,6.54408,12.92053,1.45908,0.04865,0.08227,0.14282,0.22238,0.07836,0.5913,0.63319,0.0358,0.04179,0.08285,0.09216,-0.00232,0.00097
1272015110867670400,4619.51341,2.12849,4.72154,0.00675,-0.54383,0.00416,0.32666,168.37,backup,229.96234,28.42458,57.27664,6.57617,12.82966,1.35495,0.07592,0.10741,0.12538,0.13199,0.06678,0.70688,0.64064,0.0127,0.0044,0.01738,0.00864,-0.02872,-0.03314
2512290512196188288,4620.02778,2.54739,4.81007,0.00742,-0.13824,0.00467,0.12297,141.11,backup,25.98784,2.71026,-57.58592,5.78078,13.20388,1.4287,0.0268,0.09919,0.09318,0.05112,0.07033,0.27016,0.6891,-0.00162,0.03741,-0.01299,0.00843,-0.0078,0.02167
4424264404524540544,4620.05957,2.77524,4.75985,0.0071,0.19531,0.00355,0.05684,123.08,backup,236.48945,2.81832,41.7456,6.08504,13.02058,1.48695,0.18391,0.23978,0.21712,0.22398,0.23379,0.76698,0.58329,-0.01738,-0.05726,-0.01211,-0.05326,-0.0046,-0.04754
1488840796727316096,4620.51337,2.81216,4.97072,0.01099,-0.74375,0.00376,0.21839,127.2,backup,221.57899,40.61751,62.78634,7.73876,12.7234,1.36738,0.02958,0.0688,0.07168,0.03175,0.03722,0.42998,0.60121,0.00124,0.01351,-0.01593,-0.01049,-0.01358,-0.00721
1556329400260423040,4623.26667,2.7601,5.47939,0.00712,-0.44255,0.00183,0.03543,134.9,backup,197.68779,49.62209,67.20171,7.03535,12.66659,1.38773,0.02194,0.06221,0.05633,-0.06017,0.02938,0.35275,0.64946,-0.00207,0.01464,-0.04317,-0.06102,-0.01158,-0.00286
3729157242252802816,4624.72153,2.2408,4.79456,0.00744,-0.42169,0.0045,0.1874,146.75,backup,197.94336,5.74362,68.07448,7.70757,12.63189,1.39066,0.03831,0.08008,0.0966,0.06814,0.08541,0.47839,0.6182,0.0079,0.02141,-0.00571,0.00382,0.00255,0.01449
3646737575756643968,4627.77724,2.1372,4.72407,0.00631,-0.342,0.00385,0.17932,172.44,backup,214.67295,-1.88702,54.17422,6.88984,12.8003,1.42657,0.08874,0.13033,0.17884,0.18693,0.16375,0.6809,0.60994,0.03303,0.02034,0.03854,0.02528,0.02276,0.01114
2509839357180426112,4628.26433,2.51576,4.76459,0.00693,-0.07824,0.00388,0.1317,140.97,backup,24.88279,0.17818,-60.34751,5.98191,13.1274,1.43949,0.02756,0.09668,0.06858,0.02833,0.07325,0.28504,0.68721,-0.00801,0.01957,-0.01948,-0.00809,-0.00668,0.02278
3669737224410235008,4628.35394,1.93406,4.97936,0.00926,-0.75657,0.00392,0.33179,180.71,backup,215.18974,4.97857,59.28437,9.23164,12.2,1.35265,0.03162,0.08453,0.0644,0.06227,0.09091,0.37408,0.52527,-0.00753,0.00221,-0.00833,0.00109,0.00239,0.01613
1327277664789660416,4628.55473,2.29988,4.80363,0.0059,0.14637,0.00312,0.08142,129.04,bright,250.83562,35.87627,40.51339,5.12612,13.28588,1.43896,0.03088,0.08087,0.04167,0.04534,0.06144,0.38182,0.63717,-0.01497,-0.00433,-0.01357,-0.00199,-0.00742,0.00827
1153200780561267584,4630.97948,2.73499,4.71756,0.00735,-0.11664,0.00426,0.1116,140.12,backup,225.70225,1.64533,49.50992,4.90362,13.51877,1.44468,0.11069,0.15383,0.1553,0.14036,0.1542,0.71957,0.71083,0.00105,-0.0003,-0.0097,-0.01092,0.00027,-0.00108
1274019451844583808,4631.85556,2.51488,4.7661,0.00788,-0.47363,0.00543,0.31337,125.87,backup,233.77731,30.84568,54.21214,5.72949,13.13672,1.36992,0.0504,0.08599,0.08444,0.08235,0.07686,0.58613,0.67782,-0.00091,0.00683,-0.00213,0.00542,-0.00535,0.00169
1060087268268227200,4632.19092,2.20415,4.82597,0.00693,-0.28672,0.00434,0.1264,162.41,backup,165.23913,67.31035,46.4584,6.75593,12.87466,1.39791,0.01583,0.0778,0.09349,,0.04178,0.2035,0.57614,0.00319,0.03803,,,-0.00733,0.00824
1187186856773964928,4634.6375,2.25685,5.65924,0.00602,-0.37678,0.00165,-0.00899,143.23,backup,225.30166,16.44715,58.15298,8.68876,12.1767,1.40154,0.02456,0.07208,0.02453,0.03905,0.06821,0.34074,0.54257,-0.0162,-0.01125,-0.01125,-0.00337,-0.00132,0.01245
698623817070088320,4634.73907,2.72687,4.79439,0.00724,-0.0052,0.00407,0.07725,130.33,backup,139.3872,28.79675,43.14686,6.46517,12.83266,1.41724,0.03996,0.08932,0.0619,0.08853,0.05905,0.44731,0.57097,-0.01227,-0.00461,-0.00035,0.01059,-0.01354,-0.00624
3585021850652231936,4635.7121,2.22454,4.86441,0.00819,-0.47651,0.00428,0.16138,154.84,backup,175.25134,-13.49988,45.92302,7.61822,12.62363,1.37321,0.02128,0.09482,,,,0.2244,0.52971,,,,,,
1294432022652602112,4636.103,2.38442,4.81819,0.00824,-0.36312,0.00539,0.17251,133.43,backup,223.18336,37.42718,62.52258,6.69804,12.89164,1.40409,0.02801,0.06251,0.03729,0.03593,0.02886,0.44808,0.65342,-0.0113,-0.00364,-0.01191,-0.00453,-0.01508,-0.00915
1675722348559002368,4636.99527,2.64629,5.36026,0.00645,-0.62266,0.00162,0.08004,157.11,backup,194.55123,62.12066,54.98947,5.37628,13.26028,1.3334,0.02228,0.0626,0.0919,,0.04848,0.35599,0.7044,0.01043,0.04245,,,-0.00502,0.01187
3666216936071248768,4637.13267,4.26778,4.77238,0.01599,-1.20643,0.0055,0.4354,136.55,backup,213.00268,0.75244,57.29545,5.42036,13.50236,1.30551,0.05622,0.093,0.03057,0.08567,0.09583,0.60452,0.71118,-0.03774,-0.03448,-0.00443,0.00471,0.00171,0.01193
1507975906824391424,4637.20045,2.76091,4.80371,0.00829,-0.19194,0.00521,0.11771,126.88,backup,213.09418,48.3716,63.58074,5.46045,13.28977,1.41871,0.02655,0.07988,0.07287,0.0427,0.03287,0.33237,0.73074,-0.00233,0.0267,-0.01236,0.00465,-0.01563,-0.00253
1059620010186410496,4637.8297,3.29889,4.81213,0.01057,-0.46589,0.00555,0.20198,123.84,backup,161.28429,65.98126,46.47943,4.08643,13.96539,1.36206,0.015,0.06393,0.08311,-0.00776,0.03102,0.23465,0.75818,0.0045,0.04801,-0.01682,-0.02089,-0.00772,0.00852
1224543936855123200,4639.16554,2.67454,4.82338,0.00794,-0.18717,0.00538,0.13078,119.47,backup,236.0096,28.26461,51.98184,4.83528,13.5599,1.41922,0.06112,0.09998,0.13716,0.12601,0.08384,0.61132,0.72841,0.02272,0.03878,0.01591,0.03066,-0.00987,-5e-05
2498999375121480320,4639.5657,2.59328,4.73385,0.0072,-0.17659,0.00457,0.19045,129.97,backup,42.68646,0.7434,-50.00597,4.22017,13.78299,1.41922,0.10046,0.19088,0.1715,0.13991,0.14652,0.52631,0.76597,-0.0102,0.0309,-0.02683,0.0067,-0.02335,0.01177
1319046274067661568,4645.69127,2.51732,4.88856,0.00923,-0.33256,0.00622,0.15193,119.45,backup,244.86634,30.63987,44.72855,6.90064,12.84406,1.40311,0.03844,0.08751,0.06605,0.08144,0.07629,0.43925,0.55774,-0.00943,-0.0016,-0.00266,0.00699,-0.00493,0.00411
1271700925422839168,4645.91337,2.44847,4.82748,0.00632,0.06382,0.00339,-0.00897,149.66,backup,229.06395,28.45376,58.06479,4.82974,13.36905,1.42113,0.07758,0.10669,0.1067,,0.07393,0.72718,0.7548,1e-05,0.00295,,,-0.02382,-0.02178
3657370746550295808,4648.19126,1.91269,4.74353,0.00542,-0.20013,0.0043,0.24175,154.71,backup,207.86448,-3.21067,56.38275,7.53216,12.43013,1.37199,0.04673,0.10175,0.04725,0.11301,0.10527,0.45928,0.58707,-0.02503,-0.01899,0.00517,0.01961,0.00161,0.01507
2563007891209050624,4648.88338,2.81757,4.88406,0.0091,-0.20239,0.00578,0.13352,124.04,backup,20.12132,3.9868,-58.10415,6.09818,13.03401,1.41035,0.02619,0.09125,0.07122,0.09969,0.0908,0.28697,0.67169,-0.00575,0.02165,0.00242,0.04077,-0.00013,0.0348
1048054522251699968,4649.14812,2.32434,4.83871,0.00588,0.3364,0.00312,0.03187,133.25,backup,158.53594,60.64483,49.26652,6.32504,12.70113,1.42532,0.01741,0.05288,,,0.02199,0.32931,0.6165,,,,,-0.01017,-0.00385
1281482249577991040,4649.74315,2.9786,4.76682,0.00877,-0.41084,0.00555,0.2531,117.37,backup,223.08152,28.80653,63.32589,4.32738,13.68269,1.33798,0.04922,0.07832,0.07925,0.01765,0.04853,0.62848,0.80832,0.00058,0.01483,-0.03813,-0.03496,-0.01872,-0.01
714019900436816512,4652.84142,2.83673,4.78648,0.00747,-0.00324,0.00424,0.1337,120.96,backup,138.52245,34.22321,43.27407,5.74818,13.13306,1.43439,0.02823,0.0771,0.07156,0.03949,0.04128,0.3662,0.61481,-0.00203,0.01576,-0.01377,-0.00395,-0.01312,-0.00285
1060069950960155648,4652.93771,2.88326,4.72405,0.00813,-0.29428,0.0047,0.16353,131.48,backup,164.31534,66.83829,46.61362,4.13817,13.78476,1.35503,0.01617,0.07609,0.10318,0.08989,0.04706,0.21252,0.75462,0.00576,0.06169,0.00293,0.05166,-0.00617,0.01935
1508603006409027200,4654.03106,2.60531,4.79474,0.00696,-0.02709,0.00396,0.10041,134.63,backup,215.37247,50.26187,61.19123,5.55648,13.19416,1.43094,0.02286,0.07106,0.1065,0.16801,0.05557,0.32178,0.71679,0.01141,0.05347,0.0312,0.09756,-0.00498,0.01697
859860630277453440,4654.21264,2.04152,4.83921,0.00515,0.3626,0.00293,-0.05004,142.46,backup,178.16875,62.03864,53.74628,8.4965,12.07407,1.41068,0.02069,0.10143,0.03224,0.04855,0.07008,0.20394,0.532,-0.01411,-0.00353,-0.01078,0.00514,-0.00639,0.01659
1554564207358323072,4654.40113,2.22886,4.78898,0.00599,-0.0071,0.0037,0.12714,134.39,backup,198.50892,48.60642,68.07889,6.73916,12.80784,1.43757,0.02108,0.06008,,,0.0349,0.35079,0.66755,,,,,-0.00883,0.00222
4421150828112248576,4655.40783,2.9657,4.69742,0.00873,-0.42826,0.00547,0.31858,117.24,backup,230.99727,2.07575,45.72991,4.06115,13.8429,1.36959,0.08563,0.11983,0.13929,0.12058,0.14611,0.71463,0.75599,0.01391,0.01967,0.00054,0.00553,0.01879,0.02483
1264131337616358528,4655.55039,2.70557,4.80788,0.0072,-0.07697,0.00448,0.07562,118.52,backup,228.54047,24.37326,57.85055,4.91296,13.48679,1.42903,0.12365,0.15672,0.16251,0.14222,0.12405,0.78903,0.74808,0.00457,-0.00208,-0.01144,-0.01726,-0.02577,-0.03085
1322382325488571136,4656.56909,2.61078,5.92629,0.0085,-0.58262,0.00199,-0.08778,128.9,backup,243.57508,31.79169,45.98818,7.81586,12.18109,1.38894,0.03496,0.0868,0.10633,0.12579,0.08071,0.40271,0.52104,0.00786,0.02045,0.0157,0.03059,-0.00245,0.0071
2563107053413923840,4656.85365,2.63341,4.80691,0.00725,-0.08602,0.00415,0.11369,133.2,backup,19.58756,4.58899,-57.62307,6.33642,12.92222,1.41838,0.02556,0.09623,0.05159,0.1181,0.07195,0.26565,0.65571,-0.01186,0.00827,0.00581,0.05188,-0.00645,0.02162
1508116506873355648,4657.72507,2.54495,4.68323,0.00662,0.00645,0.00375,0.07863,134.51,backup,213.43462,49.29961,62.75275,5.25738,13.14714,1.39822,0.02551,0.07836,0.20049,0.13756,0.09434,0.32555,0.74149,0.03976,0.12315,0.01927,0.07649,0.0052,0.04444
1154204020496905088,4657.74478,2.03807,4.64998,0.00527,-0.06812,0.0032,0.093,163.38,backup,224.45552,2.14657,50.76936,7.09088,12.60099,1.42567,0.09682,0.151,0.13385,0.15354,0.14034,0.64118,0.58269,-0.011,-0.01883,0.00163,-0.00735,-0.00683,-0.01504
1487054296491764608,4659.09592,2.68183,4.75024,0.00758,-0.27491,0.00448,0.1772,139.42,backup,219.82017,38.21724,64.86843,6.07845,12.90857,1.36384,0.0281,0.06363,0.07877,0.01507,0.02459,0.44169,0.69625,0.00669,0.02674,-0.02145,-0.01761,-0.01724,-0.01098
2559326726279180672,4660.66783,2.49964,4.77692,0.00751,-0.33503,0.00474,0.1882,132.66,backup,21.97322,2.12065,-59.46035,5.31713,13.2674,1.35862,0.02637,0.07482,0.03092,0.09012,0.06965,0.35248,0.72634,-0.01547,-0.00392,0.00539,0.03908,-0.00182,0.02422
1058537953305848064,4661.2566,2.66653,4.78651,0.00751,-0.18851,0.00442,0.13665,136.19,backup,164.0388,65.04103,47.93874,4.17906,13.7582,1.37143,0.017,0.14416,-0.01778,-0.04866,0.10554,0.11789,0.75858,-0.01909,-0.03049,-0.02273,-0.05391,-0.00455,0.06306
4415205012826664832,4661.76129,3.24045,4.68776,0.00868,-0.11998,0.00469,0.08348,117.49,backup,228.94827,-1.47339,45.01092,4.29842,13.98515,1.54913,0.41158,0.44452,0.49874,0.47887,0.36605,0.92589,0.73187,0.0502,-0.04656,0.03181,-0.0611,-0.07266,-0.14368
1675725784532845824,4663.23197,2.4851,5.27176,0.00667,-0.74183,0.00166,0.1408,167.09,backup,194.47317,62.27919,54.83272,5.91463,13.09924,1.31511,0.02188,0.06193,0.08462,-0.00485,0.05001,0.35334,0.66902,0.00802,0.03473,-0.0236,-0.02513,-0.00421,0.01158
1569844051729793920,4664.19005,2.15517,4.78379,0.00561,0.03839,0.00339,0.1159,131.5,backup,191.83813,52.8047,64.31225,5.9556,12.90316,1.40057,0.02274,0.06263,0.11426,0.06916,0.04282,0.36311,0.70196,0.01875,0.05746,0.00237,0.0258,-0.00719,0.00731
1154111764599469184,4665.11875,2.2042,4.58232,0.00594,-0.28274,0.00346,0.18112,162.86,backup,224.08842,1.92552,50.88875,6.03298,12.88009,1.36554,0.09643,0.14319,0.14759,0.17533,0.13871,0.67343,0.6426,0.00296,-0.00159,0.02164,0.01624,-0.00302,-0.00729
1677102510529892992,4665.13549,2.26818,4.82769,0.00684,-0.2392,0.00465,0.13465,142.09,backup,193.79114,64.06568,53.05766,5.00042,13.39714,1.36749,0.02158,0.05785,0.03183,-0.04347,0.04496,0.37308,0.72159,-0.00971,0.00138,-0.0378,-0.05295,-0.00481,0.01086
857853682254744704,4665.3036,2.97469,4.81141,0.01024,-0.68863,0.00566,0.39438,120.38,backup,170.21755,59.69362,53.91698,5.91691,13.07759,1.30527,0.02046,0.0531,,,0.02722,0.38527,0.66468,,,,,-0.00997,-0.00237
1504547732648039808,4665.63999,2.01069,4.81457,0.00528,-0.03026,0.00325,0.1145,154.1,backup,213.09316,43.56156,66.8315,6.43981,12.92152,1.42735,0.02387,0.05966,0.09572,0.04767,0.02071,0.40005,0.68085,0.01442,0.0413,-0.00479,0.00859,-0.01558,-0.00977
1055739902371492352,4666.12695,2.52914,4.79165,0.00646,0.07832,0.00347,0.09011,136.77,backup,168.8592,65.18606,49.03388,4.66531,13.36038,1.37759,0.0157,0.05468,0.119,0.10838,0.03318,0.28723,0.72606,0.01847,0.07069,0.01543,0.06299,-0.00617,0.00839
3570489124430203904,4667.35975,2.86418,4.71876,0.00816,-0.31112,0.00471,0.19378,130.63,backup,182.23491,-14.15262,47.45021,5.66673,13.17693,1.40154,0.15302,0.18459,,,,0.82899,0.64655,,,,,,
1504692352786827648,4667.52895,2.00484,4.80279,0.00516,0.07809,0.00293,0.11694,153.65,backup,213.42631,44.46009,66.07944,6.21793,12.81956,1.4092,0.02316,0.05855,0.07273,-0.00076,0.02646,0.39564,0.69152,0.00561,0.02713,-0.02346,-0.02369,-0.0127,-0.00487
2564602526666594432,4667.64198,3.05641,4.79381,0.00845,-0.1772,0.00487,0.11791,120.81,backup,18.73589,5.96363,-56.42313,5.43229,13.22698,1.39194,0.03188,0.14218,0.1495,0.17481,0.11572,0.22422,0.70682,0.00164,0.07379,0.00732,0.09168,-0.00593,0.04991
860649637245170048,4668.13678,2.99397,4.79566,0.00976,-0.45398,0.00546,0.18426,117.69,backup,165.8999,59.43904,52.74834,5.3992,13.28108,1.3374,0.01852,0.05134,0.0947,0.04555,0.01837,0.36075,0.69254,0.01564,0.04706,-0.00209,0.01303,-0.01189,-0.0058
1569880335613594240,4668.64192,2.32762,4.86505,0.00829,-0.58874,0.00553,0.35109,136.09,backup,190.81868,52.86185,64.22146,7.14579,12.60214,1.32352,0.02244,0.06328,0.02201,0.0701,0.04041,0.35463,0.6351,-0.01463,-0.00846,0.00242,0.02208,-0.00811,0.00323
763575915996271872,4669.23612,1.8967,4.71811,0.00536,-0.19023,0.00399,0.23085,151.4,backup,168.9996,36.92011,67.61166,7.17712,12.56148,1.37023,0.01749,0.06047,0.08274,0.13302,0.04298,0.28915,0.64322,0.00644,0.03573,0.02098,0.06807,-0.00506,0.01016
3705644117373729920,4669.29214,2.73859,5.49265,0.00665,-0.57622,0.00166,0.05622,138.32,backup,191.78848,4.59842,67.44701,9.29221,12.16837,1.36791,0.02986,0.07353,0.12902,0.05743,0.07748,0.40609,0.54846,0.02253,0.0409,-0.00654,0.00164,0.0016,0.01263
2560330958352447232,4669.33707,2.58448,4.81809,0.00683,-0.06831,0.00419,0.10285,128.87,backup,25.25338,2.92804,-57.65263,5.1206,13.30232,1.39237,0.0324,0.11924,0.06969,0.07547,0.09455,0.27171,0.73283,-0.01346,0.01867,-0.01189,0.0229,-0.00671,0.03689
3659347565377901696,4669.55488,2.78305,4.74243,0.00791,-0.27769,0.00455,0.15312,141.03,backup,211.53721,-1.33667,56.33061,4.78617,13.53658,1.38322,0.09464,0.13217,0.11787,0.14735,0.1501,0.71605,0.7512,-0.01024,-0.0061,0.01087,0.01605,0.01284,0.01811
1272917603754149248,4669.92493,2.19188,4.74301,0.00569,0.14781,0.00295,0.13028,141.16,backup,234.63199,29.44224,53.33726,5.88703,12.84335,1.4028,0.05434,0.09127,0.14613,0.13554,0.0698,0.59538,0.66381,0.03266,0.04266,0.02636,0.03563,-0.01278,-0.008
4415734599474141184,4671.12953,2.94602,4.73549,0.00766,0.23622,0.00368,0.03004,130.69,backup,230.07944,-0.51427,44.79671,4.24658,13.60425,1.45522,0.1689,0.2011,0.15957,0.18996,0.16172,0.83985,0.73482,-0.03488,-0.05164,-0.00936,-0.02931,-0.03308,-0.05006
3659911649202098944,4672.22962,2.79172,4.71531,0.00804,-0.31527,0.00455,0.16533,135.72,backup,213.01736,-0.12014,56.56541,5.31825,13.26771,1.36555,0.06427,0.10108,0.11825,0.1148,0.12263,0.63579,0.71502,0.01092,0.02029,0.00873,0.01782,0.0137,0.02341
844588074465985152,4673.37999,2.5445,4.80654,0.00654,0.24109,0.00338,0.05721,122.34,backup,174.26634,55.45558,58.63964,5.56407,12.92975,1.41479,0.02038,0.05175,0.01377,0.05872,0.03062,0.39382,0.70705,-0.01496,-0.01065,0.00275,0.02114,-0.00832,0.00127
1072280714782275456,4673.72957,2.11784,4.8418,0.00642,-0.21477,0.00454,0.14691,147.2,backup,159.16362,68.06204,44.39532,7.10497,12.7464,1.40017,0.01402,0.0833,,,0.05134,0.16826,0.54513,,,,,-0.00538,0.01397
1384360254054168704,4673.85855,2.26554,4.82657,0.00582,0.17579,0.00301,0.08133,137.54,bright,239.55995,42.75981,49.26301,4.61942,13.48838,1.43266,0.02813,0.06786,0.01642,0.10369,0.04407,0.41449,0.73078,-0.02132,-0.01613,0.01485,0.04765,-0.00986,0.00408
1253451987333971200,4673.93249,3.56465,5.63301,0.00883,-0.96936,0.00266,-0.01612,120.45,backup,211.98205,22.01047,71.894,4.79106,12.87536,1.30614,0.04124,0.09698,0.07609,0.0207,0.07635,0.42526,0.79548,-0.00889,0.01928,-0.03244,-0.02478,-0.00878,0.01949
2498311390080115968,4674.2699,2.02347,4.82225,0.00548,-0.07626,0.00363,0.11601,143.19,backup,43.45962,0.54361,-49.61326,5.97255,13.01258,1.39265,0.02963,0.23392,0.21308,0.24706,0.24434,0.12665,0.6395,-0.00264,0.10664,0.00166,0.12837,0.00132,0.12663
1271909832628550656,4676.07074,1.99611,4.82297,0.00522,0.07351,0.00291,0.09391,156.53,backup,231.70251,28.79277,55.80239,6.6619,12.73336,1.43204,0.05656,0.08834,,,0.06842,0.64026,0.62962,,,,,-0.01275,-0.01348
3693431395047727232,4677.10043,2.48671,4.70874,0.00642,-0.08213,0.00376,0.12389,136.99,backup,185.70317,-3.03038,59.06092,5.62408,12.9676,1.38573,0.04263,0.08627,0.06469,0.08728,0.09085,0.49415,0.70479,-0.01066,0.00296,0.0005,0.01888,0.00226,0.02139
3647160269257911808,4677.16952,2.74655,4.81546,0.00732,-0.0682,0.00411,0.08901,132.65,backup,211.14401,-2.44586,55.57062,4.85694,13.5024,1.41842,0.13017,0.16419,0.12437,0.18162,0.1923,0.79281,0.74298,-0.03157,-0.03777,0.01382,0.00477,0.02229,0.01271
1508449727616089600,4678.34004,2.61918,4.63948,0.007,-0.06569,0.00418,0.18704,130.83,backup,214.00614,49.38644,62.43341,4.4683,13.40328,1.35794,0.02614,0.07653,0.07231,0.04395,0.04905,0.34158,0.79549,-0.00144,0.03138,-0.01113,0.00882,-0.00939,0.01288
3646146549601290112,4678.65692,2.98201,4.84154,0.01038,-0.59546,0.00528,0.28205,142.68,backup,213.97752,-2.8855,53.72725,4.7164,13.61554,1.34756,0.11047,0.14482,0.19814,0.1646,0.16846,0.76279,0.74526,0.04067,0.0372,0.01509,0.0122,0.01803,0.01508
3566807302369540352,4679.1412,2.31917,4.80917,0.00624,-0.09404,0.00405,0.10375,131.22,backup,168.37702,-10.15364,45.79895,7.30493,12.53751,1.38712,0.02136,0.13404,,,,0.15932,0.54393,,,,,,
3659681091063015296,4679.93592,2.26955,4.7642,0.006,-0.10271,0.00361,0.11672,156.5,backup,210.70584,-0.60696,57.38226,5.25976,13.24055,1.3926,0.07487,0.11165,0.09806,0.13797,0.13847,0.67063,0.72227,-0.00911,-0.00405,0.01765,0.02478,0.01799,0.02514
3561474812710513792,4681.10936,3.10065,4.75608,0.00884,-0.29068,0.00503,0.15797,128.05,backup,170.8511,-14.25819,43.42552,4.68406,13.51881,1.34866,0.04701,0.10243,,,,0.45895,0.69089,,,,,,
4025319284832999808,4681.245,1.85082,4.79062,0.00534,-0.22924,0.00361,0.17173,164.74,backup,173.53235,32.87022,72.3368,5.88133,12.98338,1.35776,0.02429,0.07793,,,0.07069,0.31174,0.72641,,,,,-0.00226,0.02706
3596283186182420352,4682.16748,2.13196,4.83651,0.00606,-0.13387,0.00444,0.13989,134.58,backup,183.39048,-6.38033,55.26056,6.28585,12.93798,1.3922,0.03666,0.11709,,,0.11495,0.31305,0.6486,,,,,-0.00067,0.0379
3636478612577719936,4683.84772,2.62286,4.88588,0.00717,-0.02814,0.00383,0.08785,135.75,backup,198.63734,-3.41665,58.95003,7.72538,12.45882,1.40162,0.02444,0.06795,0.03141,0.14072,0.08433,0.3596,0.58818,-0.01314,-0.00596,0.02617,0.05833,0.00589,0.02516
1273171934538035584,4684.86243,2.42994,4.81264,0.00658,-0.10551,0.00422,0.13207,129.53,backup,234.28748,30.07279,53.70401,4.63341,13.50341,1.38688,0.05259,0.08853,0.15389,0.09559,0.07209,0.594,0.75132,0.03882,0.06303,0.0042,0.01923,-0.00976,0.00158
1264557570171000960,4685.12684,1.67998,4.7528,0.00502,-0.41098,0.00331,0.3231,178.97,backup,227.03323,24.44161,59.20503,8.64114,12.21011,1.36337,0.10341,0.16382,,,0.12644,0.63123,0.54854,,,,,-0.02359,-0.03405
1487131949500607232,4685.64798,2.80824,4.72843,0.00762,-0.23374,0.00429,0.12311,138.02,backup,219.88726,38.85951,64.61193,5.55718,13.08848,1.3499,0.0293,0.06473,0.05642,-0.00052,0.02659,0.45269,0.72762,-0.00376,0.01175,-0.02954,-0.02968,-0.01726,-0.00995
4418810788194556800,4686.4185,2.16703,4.74857,0.00577,-0.04891,0.00325,0.11689,160.15,backup,229.43736,-0.18309,45.49931,5.10159,13.33158,1.43433,0.14755,0.18368,0.19561,0.21312,0.17601,0.80328,0.67322,0.00958,-0.01586,0.02365,-0.00407,-0.00616,-0.02906
2507879924380458240,4686.86966,2.66466,4.83972,0.0075,-0.13007,0.00483,0.1136,117.11,backup,29.17854,0.53258,-58.1961,7.22798,12.59743,1.37715,0.03164,0.10274,0.02624,0.00516,0.08227,0.30797,0.60962,-0.02356,-0.01564,-0.03005,-0.0285,-0.00631,0.01851
1053535553356676992,4687.20783,3.30173,4.79374,0.01107,-0.7358,0.00582,0.38976,123.62,backup,157.96978,65.19575,46.06884,4.40748,13.67944,1.28255,0.01381,0.06016,0.09178,,0.03963,0.2295,0.72942,0.00726,0.05314,,,-0.00471,0.0151
1502594828198283264,4687.38064,2.60033,4.75759,0.00731,-0.25057,0.00441,0.13854,140.89,backup,208.71856,44.1185,68.75429,5.18309,13.27538,1.35539,0.02468,0.06325,0.04778,-0.01596,0.02384,0.39025,0.76274,-0.00604,0.01176,-0.03091,-0.03686,-0.01538,-0.0065
1272803460703540608,4687.70772,2.48008,4.82254,0.00708,-0.21604,0.00462,0.12656,139.74,backup,233.60971,29.49765,54.22775,5.36097,13.27652,1.37844,0.05796,0.09309,0.07619,0.07561,0.06996,0.62255,0.70203,-0.01052,-0.00447,-0.01089,-0.00488,-0.0144,-0.00884
1078158429066328064,4690.39186,2.46554,4.78084,0.00681,-0.20705,0.00438,0.13905,135.63,backup,158.90201,73.32276,40.44012,4.67893,13.51582,1.35148,0.01679,0.5302,0.7259,0.69549,0.51598,0.03167,0.67013,0.0062,0.46966,0.00524,0.44928,-0.00045,0.32898
3652433320866340096,4690.63871,2.0553,4.82198,0.00518,0.33987,0.00288,-0.02509,156.63,backup,216.67152,-2.1011,52.84103,5.5914,12.90951,1.40903,0.09196,0.12518,0.07196,0.12689,0.13074,0.73459,0.68027,-0.03909,-0.043,0.00125,-0.00564,0.00408,-0.00302
1675878547929918720,4691.21175,1.54534,4.83985,0.00398,0.02677,0.00253,0.09236,179.88,backup,195.99705,63.07399,53.99533,7.71889,12.39682,1.4075,0.02107,0.06094,0.06587,0.06376,0.04854,0.34577,0.56761,0.0017,0.01632,0.00098,0.01512,-0.00429,0.00648
1074017221598861056,4691.99933,2.67968,4.91987,0.00969,-0.61319,0.00469,0.16283,146.61,backup,165.09896,71.68999,42.86816,5.76398,13.17739,1.3085,0.01499,0.12787,0.09224,0.10485,0.10936,0.11719,0.61102,-0.00418,0.04137,-0.0027,0.04908,-0.00217,0.05183
3686791066369686784,4692.18062,2.36925,4.87807,0.00669,-0.13664,0.00435,0.09318,141.21,backup,201.04678,-0.72579,61.05332,9.11371,12.16581,1.39753,0.01939,0.06517,0.05204,0.04615,0.08196,0.29761,0.53612,-0.00391,0.00851,-0.00566,0.00535,0.005,0.02455
1466740235052731136,4692.72706,2.53191,4.84439,0.00637,0.10097,0.00366,0.09811,117.3,backup,199.16132,33.05707,81.94895,5.74201,13.02825,1.42997,0.02645,0.06202,,,0.03351,0.42655,0.7483,,,,,-0.01216,-0.00138
2516759782149964416,4693.20257,1.79712,4.84124,0.00456,0.10397,0.00258,0.09305,163.07,backup,34.0221,4.81694,-52.06842,8.48323,12.07388,1.38773,0.02939,0.13652,0.17822,0.12349,0.10853,0.21526,0.5247,0.00898,0.06412,-0.00281,0.03541,-0.00603,0.02756
862414593925531136,4693.60835,2.37492,4.82134,0.00618,0.11452,0.00333,0.06592,134.43,backup,169.73961,62.99488,51.07112,4.77283,13.31804,1.38547,0.01796,0.05548,0.04964,0.01291,0.03047,0.32375,0.72854,-0.00189,0.01821,-0.01378,-0.00855,-0.0081,0.00424
2509720090233014912,4695.33592,1.85066,4.84421,0.005,-0.05687,0.00287,0.11672,176.99,backup,23.35628,-0.67433,-61.69066,7.99075,12.37442,1.40074,0.02073,0.07816,0.07058,0.15409,0.09333,0.26527,0.58581,-0.00201,0.02061,0.02014,0.06953,0.00402,0.03394
1275553476724043520,4695.54484,2.9188,5.3752,0.00735,-0.67011,0.00193,0.14987,145.68,backup,229.64376,30.67981,57.74501,5.82979,12.90078,1.30384,0.04795,0.07761,0.06996,0.06712,0.05333,0.6179,0.68667,-0.00473,9e-05,-0.00648,-0.00186,-0.015,-0.01133
5109689164323033216,4695.69223,2.81327,4.75369,0.00855,-0.53867,0.00501,0.32896,134.19,backup,58.08181,-15.86164,-46.68798,6.61584,12.67432,1.26648,0.0104,0.0919,0.06111,0.06764,0.10738,0.11317,0.58516,-0.00348,0.02536,-0.00275,0.02918,0.00175,0.05243
2498589429082979584,4696.89324,2.19065,4.83774,0.00572,0.04528,0.00319,0.09067,144.61,backup,41.02381,-0.09805,-51.75681,6.96117,12.6132,1.39586,0.01922,0.09586,,,0.08302,0.20055,0.59448,,,,,-0.00258,0.03013
1604972859824805248,4697.16536,2.12476,4.90735,0.00562,0.06653,0.00323,0.07699,136.05,backup,218.12329,51.40167,59.14725,7.96017,12.32173,1.40314,0.01903,0.06468,0.03871,0.00338,0.0205,0.29421,0.57801,-0.00764,0.00334,-0.01803,-0.01708,-0.013,-0.00718
1685478968067319936,4697.77568,2.67314,4.7475,0.00714,-0.11572,0.00482,0.22128,117.97,backup,197.72638,68.17865,48.84564,4.05941,13.66498,1.34469,0.02273,0.0598,0.05389,0.08613,0.05019,0.3801,0.77323,-0.00225,0.01893,0.01001,0.04387,-0.00366,0.01607
1153794418055913728,4700.43153,2.36163,4.68988,0.00675,-0.36938,0.00374,0.34323,159.07,backup,225.72062,2.21999,49.87866,5.79948,12.96504,1.34314,0.10489,0.15326,0.20197,0.05764,0.14547,0.68439,0.65175,0.03334,0.02674,-0.06544,-0.06733,-0.00533,-0.01008
3799316323307059584,4700.92906,2.11465,4.78931,0.00544,0.0471,0.00331,0.21132,135.14,backup,174.45467,1.88204,59.20277,6.28916,12.69618,1.39173,0.03593,0.08427,0.04805,0.07514,0.06405,0.42633,0.66467,-0.01544,-0.00399,-0.00389,0.01402,-0.00862,0.00665
2513640300158199808,4701.00719,3.37011,4.82803,0.01116,-0.49779,0.00574,0.18384,122.21,backup,35.56453,1.99107,-53.5793,4.86905,13.48552,1.31228,0.055,0.11883,0.11703,0.10221,0.09883,0.46281,0.73343,-0.00083,0.03084,-0.00769,0.01997,-0.00925,0.01749
1503545596518932224,4702.35543,2.71115,4.81012,0.00703,0.09007,0.00377,0.03768,125.3,backup,205.86158,45.77787,68.68212,4.12267,13.67515,1.38482,0.02675,0.07662,0.0605,0.0553,0.04995,0.34905,0.83597,-0.00563,0.02383,-0.00744,0.01948,-0.00931,0.01501
1298959364860092416,4702.36821,1.9872,4.84209,0.0054,-0.07656,0.00391,0.12471,128.23,backup,247.66804,23.31332,40.6542,7.51929,12.44304,1.38064,0.07331,0.14954,0.16471,0.1609,0.11944,0.49023,0.5,0.00744,0.00904,0.00557,0.00714,-0.01476,-0.01359
3564910095055784704,4702.90415,2.60577,4.77554,0.00689,-0.10144,0.00394,0.13874,140.68,backup,168.15593,-13.39094,42.91817,5.18215,13.17648,1.36616,0.05334,0.16879,,,,0.31599,0.65049,,,,,,
1579634343780584064,4703.54434,2.50528,5.18327,0.00928,-0.69471,0.00329,0.23303,148.38,backup,194.208,61.72148,55.39499,5.20897,13.20878,1.3041,0.02251,0.06326,0.0596,0.07214,0.0554,0.35584,0.71751,-0.0013,0.02025,0.00316,0.02925,-0.0028,0.01724
1492558864017117568,4704.21044,2.24366,4.77219,0.00595,-0.10187,0.00413,0.18417,127.35,backup,217.50899,43.16766,64.41184,5.624,12.99981,1.36075,0.03033,0.06866,0.05137,-0.00697,0.02743,0.44173,0.72278,-0.00764,0.0068,-0.03341,-0.03537,-0.01822,-0.01051
1493183867657509248,4704.44561,2.45389,4.88784,0.00797,-0.26239,0.00568,0.15099,117.12,backup,219.64633,43.60722,62.84436,6.44625,12.84844,1.36028,0.03227,0.07538,0.11162,0.08093,0.07158,0.42806,0.66854,0.01551,0.04235,0.00237,0.02183,-0.00163,0.01559
3560645231187226496,4704.61323,2.89965,4.80815,0.00737,0.24673,0.00385,-0.03718,126.74,backup,171.47548,-14.72128,43.28611,4.68952,13.27894,1.37475,0.04518,0.0922,,,,0.49006,0.68953,,,,,,
2559787696529125504,4706.42638,2.54049,4.78768,0.00647,0.24275,0.0036,-0.01456,133.23,backup,22.61048,2.92869,-58.50517,4.18267,13.46455,1.3683,0.03492,0.08445,0.14286,0.18493,0.05722,0.41347,0.80425,0.02415,0.07998,0.04154,0.11381,-0.01126,0.0111
3703193237236406272,4706.51085,2.09994,4.84444,0.00539,0.03943,0.00323,0.11888,140.78,backup,189.99155,1.93226,64.65449,7.14311,12.53593,1.39042,0.0292,0.06524,0.0685,0.05236,0.06553,0.44766,0.63657,0.00146,0.0144,-0.00576,0.00413,0.00013,0.01251
3679823907861406720,4706.90998,2.35692,4.80786,0.00602,0.05077,0.00374,0.09837,117.23,backup,187.27364,-5.85012,56.5817,8.25631,12.09084,1.36412,0.02752,0.0961,0.05397,0.10381,0.10758,0.28631,0.55459,-0.01206,0.00242,0.00221,0.03006,0.00329,0.03215
1290498073127251840,4708.29043,2.81797,4.78009,0.0074,-0.048,0.00414,0.08922,127.4,backup,228.06879,34.05209,59.07095,4.01544,13.77699,1.38319,0.04154,0.07269,0.07766,0.05409,0.05264,0.57147,0.81896,0.00284,0.02206,-0.01063,0.00275,-0.01146,0.00157
1504035875625738880,4709.36528,2.69512,4.83723,0.00712,-0.04871,0.00412,0.11763,130.3,backup,205.76318,46.86749,67.80045,4.59026,13.6183,1.39795,0.02584,0.08154,0.18054,0.20313,0.10291,0.31692,0.80084,0.03137,0.11874,0.03853,0.13683,0.00677,0.05658
1499480324073628160,4709.88447,3.23939,4.91091,0.01194,-0.49521,0.00569,0.15269,135.33,backup,210.04863,43.52864,68.51144,5.80984,13.06904,1.32872,0.02431,0.06176,0.08464,0.07055,0.01837,0.3936,0.72231,0.009,0.03683,0.00346,0.02665,-0.01708,-0.01104
3790029504501582848,4710.1106,2.33839,4.84314,0.00646,-0.1172,0.00428,0.10407,135.24,backup,169.51904,-3.4019,52.06045,7.66703,12.38083,1.35661,0.02067,0.12149,0.15579,,0.12903,0.17012,0.56085,0.00583,0.0667,,,0.00128,0.0517
3662307446384236160,4710.24023,2.46934,4.88505,0.00632,0.13938,0.00364,0.04157,119.75,backup,206.34435,-0.20964,59.7435,8.08753,12.22599,1.39424,0.02629,0.07947,0.03015,0.09601,0.07079,0.33081,0.57447,-0.01631,-0.00897,0.00547,0.02887,-0.00287,0.01438
3574714135299653120,4710.28357,2.74299,4.79794,0.00683,0.30552,0.00372,-0.04566,131.29,backup,181.57513,-11.01075,50.32035,5.41327,13.06951,1.44412,0.14759,0.19628,,,,0.75195,0.67935,,,,,,
1276326261600188288,4710.50066,2.85856,4.80376,0.00792,-0.19679,0.00504,0.13537,119.75,backup,228.07772,31.11606,59.10555,4.15888,13.7225,1.34298,0.05064,0.07874,0.14756,0.0892,0.05735,0.64316,0.80808,0.04426,0.0686,0.00673,0.02144,-0.01376,-0.0043
4418359339888147840,4711.54185,3.57292,4.82927,0.01116,-0.38303,0.00568,0.151,117.43,backup,227.73279,-1.21827,46.07948,6.20878,13.06838,1.39638,0.16918,0.21128,0.21886,0.23308,0.19837,0.80077,0.6047,0.00607,-0.03684,0.01746,-0.02824,-0.01033,-0.04923
1506825542783696512,4711.63243,2.7967,4.84312,0.00803,-0.20188,0.00487,0.1692,134.55,backup,214.30986,46.53076,64.26319,4.12861,13.75908,1.37027,0.02743,0.06748,0.08115,0.06905,0.02792,0.40644,0.82544,0.00555,0.03955,0.00064,0.02957,-0.01608,-0.00438
2510343448902059008,4712.25711,2.48428,4.78872,0.00647,-0.04218,0.00396,0.13774,130.22,backup,26.18012,0.76271,-59.30505,5.04542,13.16447,1.35207,0.03305,0.09956,0.03044,0.05229,0.07466,0.33201,0.74422,-0.02295,-0.0104,-0.01569,0.00586,-0.00827,0.02251
763889311169924224,4712.52833,1.8756,4.83511,0.00486,0.27749,0.00282,0.02819,143.98,backup,168.6852,38.01576,67.00078,7.23068,12.3373,1.37865,0.0149,0.05582,0.12342,-0.01038,0.04204,0.26698,0.63885,0.01805,0.06394,-0.01767,-0.02153,-0.00368,0.01196
3657672768650724480,4716.33786,2.9196,4.89674,0.00775,-0.0166,0.00412,0.09394,127.91,backup,210.8483,-2.45399,55.70855,4.38292,13.71007,1.42188,0.13468,0.16748,0.14837,0.17247,0.20124,0.80413,0.77865,-0.01537,-0.01915,0.00402,-0.00038,0.02715,0.02202
1506131510428089216,4716.76949,2.85027,4.7911,0.00937,-0.68479,0.00484,0.3779,155.4,backup,213.09166,46.75519,64.72617,4.52165,13.51347,1.26767,0.02609,0.06837,0.03589,0.05876,0.02482,0.3816,0.79808,-0.01239,0.00256,-0.00367,0.0208,-0.01662,-0.00628
1318553864657116544,4716.86259,1.94066,4.83542,0.00495,0.07398,0.00303,0.05432,143.19,backup,243.08045,29.59984,46.08373,4.43252,12.73347,1.38678,0.0691,0.13136,0.0943,,0.10347,0.52601,0.7275,-0.01949,-0.00049,,,-0.01467,0.00618
1055840542045391104,4717.19034,2.0455,4.86088,0.00539,-0.07501,0.00312,0.09294,174.57,backup,165.03312,64.67456,48.48993,6.38629,12.83909,1.3772,0.0161,0.1117,0.0951,0.11286,0.06749,0.14416,0.60861,-0.00239,0.04177,0.00017,0.05258,-0.00637,0.02497
1490779544964088832,4720.64047,2.42604,4.76677,0.00644,0.28158,0.00338,0.07658,135.04,backup,216.03799,39.28799,67.21494,6.76619,12.38104,1.36453,0.02772,0.06436,0.06356,0.03564,0.02765,0.43074,0.66381,-0.00034,0.01447,-0.01237,-0.00406,-0.01581,-0.00937
1532501780695822208,4720.84545,1.87314,4.84892,0.00478,0.08625,0.00285,0.09664,149.14,backup,185.1671,38.2417,77.15038,6.53604,12.64688,1.37954,0.02198,0.07018,,,0.04546,0.31321,0.69679,,,,,-0.00774,0.00969
1675775743592693760,4722.23267,1.79336,4.81685,0.00462,-0.02104,0.00288,0.09746,165.03,backup,196.34169,62.31794,54.73448,5.16107,13.16688,1.35124,0.02249,0.0636,0.06662,-0.04618,0.04326,0.35355,0.71793,0.00107,0.02534,-0.03881,-0.05564,-0.00719,0.00857
1491416883752633472,4722.88091,2.14289,4.90969,0.00552,0.13845,0.00331,0.05356,126.83,backup,218.55722,41.44539,64.54983,7.01188,12.53276,1.38844,0.03109,0.07073,0.05053,0.04004,0.03835,0.43948,0.64307,-0.00888,0.00141,-0.01349,-0.00534,-0.01423,-0.00642
1467227799740202752,4723.31284,2.22039,4.82546,0.00579,-0.03388,0.00367,0.11808,126.42,backup,196.622,32.68244,83.56035,6.33712,12.75843,1.36146,0.02457,0.06132,0.07082,,0.03473,0.40071,0.71476,0.00381,0.02605,,,-0.01065,0.00025
3586026563761608576,4723.70514,2.26783,4.85094,0.00584,0.00625,0.00353,0.10724,135.89,backup,173.34875,-12.9079,45.71094,6.06855,12.78536,1.35782,0.04367,0.09435,,,,0.46291,0.6108,,,,,,
2485631100434101248,4723.80776,1.99639,4.83919,0.00551,-0.12512,0.00321,0.15949,173.61,backup,23.43864,-1.08533,-62.04797,6.86201,12.65469,1.36317,0.02264,0.08004,0.06006,0.07295,0.09868,0.28285,0.64293,-0.00565,0.01597,-0.002,0.02426,0.00527,0.04081
3650310885467743744,4724.84412,3.20611,4.82657,0.00914,-0.25298,0.00521,0.13222,121.56,backup,222.98782,-1.66369,49.12951,6.62466,12.78577,1.36682,0.12714,0.17094,0.18426,0.20722,0.16524,0.74373,0.59875,0.0099,-0.01681,0.02698,-0.00306,-0.00424,-0.0282
1451352707260414464,4725.51799,2.29544,4.84633,0.0059,-0.00524,0.00376,0.07501,123.44,backup,206.97897,26.80326,77.41803,5.75129,12.88307,1.35848,0.02976,0.06201,0.07738,0.04493,0.03255,0.47986,0.74272,0.00738,0.02772,-0.0082,0.00361,-0.01414,-0.00558
1216366731443143808,4725.72891,2.09382,4.89558,0.00539,0.23756,0.0031,0.05931,126.49,backup,235.50364,20.9737,50.75914,6.23577,12.75303,1.43976,0.08968,0.15524,0.18311,0.17435,0.16818,0.57771,0.62976,0.0161,0.02564,0.01104,0.02012,0.00748,0.01623
3708558372942813568,4726.10014,2.36946,4.78259,0.00624,0.00959,0.00394,0.12282,123.66,backup,187.65641,6.24187,68.5354,5.13158,13.10656,1.35055,0.03495,0.07053,0.07141,0.03765,0.04879,0.49548,0.76563,0.00044,0.01973,-0.01629,-0.00612,-0.01077,0.00241
6341067931740565504,4726.40327,2.28249,4.87948,0.00651,-0.17139,0.00384,0.11356,157.67,backup,225.01153,-0.03356,48.87106,9.02916,12.1736,1.39627,0.07926,0.16048,0.13307,0.16648,0.16121,0.49391,0.48695,-0.01354,-0.01446,0.00297,0.00181,0.00036,-0.00076
864106123846035584,4727.00967,3.5189,4.84099,0.01154,-0.47309,0.00574,0.18782,120.19,backup,174.71451,64.65139,50.7289,4.25426,13.7119,1.30122,0.0195,0.08632,0.06437,0.05387,0.06673,0.22586,0.76678,-0.00496,0.02986,-0.00733,0.02181,-0.00442,0.03167
1679527792662663808,4727.03574,1.70348,4.86719,0.00446,-0.00763,0.00286,0.09896,158.27,backup,196.39853,68.06455,49.00828,8.95231,12.05364,1.37994,0.02039,0.05886,,,0.06965,0.34645,0.49059,,,,,0.00374,0.01378
1564656212271887872,4727.14228,2.57987,4.87897,0.00695,-0.05092,0.00437,0.11146,117.27,backup,198.26917,55.75354,61.10905,5.46078,13.18749,1.39313,0.02347,0.07141,0.11427,0.07669,0.04217,0.32862,0.7227,0.01408,0.05911,0.00174,0.03196,-0.00961,0.00701
3570284202950716672,4728.08305,2.52015,4.83652,0.00652,-0.03554,0.00361,0.08363,144.31,backup,181.70107,-15.11552,46.38978,5.97105,12.94614,1.3932,0.10916,0.1428,,,,0.76445,0.62095,,,,,,
3587480118133677824,4729.28206,1.89198,4.85683,0.00511,-0.09914,0.00299,0.12763,184.38,backup,176.43339,-10.84933,48.81404,8.6344,12.15227,1.36142,0.0115,0.06781,,,,0.16956,0.50206,,,,,,
1682538496017607296,4730.31464,2.71285,4.80586,0.007,0.17992,0.0037,0.04064,124.87,backup,188.05105,68.3618,48.66615,4.51571,13.38674,1.37278,0.02168,0.05898,0.06592,0.01493,0.03937,0.36749,0.73559,0.00255,0.02681,-0.01619,-0.01069,-0.00721,0.00729
5095611807715176448,4730.47428,2.33545,4.85041,0.00604,0.07638,0.00337,0.08382,133.8,backup,58.69496,-17.91779,-46.91017,5.68253,12.94214,1.36784,0.01329,0.09489,,,0.10846,0.14001,0.64232,,,,,0.0019,0.05638
1553595503254129280,4731.41861,2.45976,4.78275,0.00638,0.02401,0.00391,0.17099,117.5,backup,200.64903,50.29636,66.07941,4.45289,13.34589,1.33185,0.02237,0.06081,0.0464,,0.03967,0.3679,0.80646,-0.0053,0.01505,,,-0.00778,0.00962
1563121362759522048,4731.68992,2.17681,4.89749,0.00554,0.32554,0.00331,-0.02457,123.17,backup,198.39117,52.78881,64.00978,6.56193,12.61183,1.39176,0.02428,0.0731,0.02993,0.02743,0.02827,0.33215,0.66575,-0.01434,-0.00435,-0.01517,-0.00602,-0.01489,-0.00546
1049327172601091072,4732.741,2.34892,4.86473,0.00608,-0.03114,0.00353,0.08968,146.01,backup,159.21326,63.08942,47.89647,4.70084,13.44948,1.35956,0.01583,0.05642,-0.01687,,0.03263,0.28068,0.71709,-0.02057,-0.02793,,,-0.00668,0.00756
1216256299243852800,4733.11948,1.87211,4.85834,0.0048,0.13404,0.00292,0.06017,137.43,backup,235.70976,20.2567,50.35375,6.53599,12.68223,1.40417,0.08158,0.13306,0.12076,0.15811,0.12605,0.61307,0.61034,-0.00754,-0.00787,0.01536,0.01493,-0.0043,-0.00465
1573218143677021184,4733.47388,2.38331,4.77598,0.00717,-0.421,0.00419,0.31294,136.99,backup,181.23218,54.2757,61.5426,5.70089,12.92077,1.27815,0.02157,0.06227,0.0767,0.03459,0.04606,0.34636,0.7088,0.005,0.03279,-0.00959,0.00295,-0.00561,0.01108
1526535456942930432,4733.81143,2.5963,4.87828,0.00676,0.02458,0.00401,0.09069,120.04,backup,197.52058,43.57207,73.12992,4.76904,13.38908,1.38363,0.02853,0.07096,,,0.04438,0.40212,0.79917,,,,,-0.01069,0.00693
1691554555789516032,4734.69227,2.07324,4.88092,0.00531,0.11503,0.00306,0.08127,145.63,backup,191.24627,74.48597,42.63493,6.54797,12.63675,1.37201,0.01868,0.06769,0.12479,0.08305,0.05432,0.27593,0.56287,0.01576,0.05156,0.00424,0.02807,-0.00369,0.0119
2511797415590814976,4734.70208,2.85106,4.75489,0.0079,-0.25639,0.00455,0.20529,120.14,backup,29.78966,2.96605,-55.75931,7.49249,12.28154,1.30409,0.03047,0.11829,0.05835,0.086,0.07499,0.25756,0.58633,-0.01544,0.00375,-0.00832,0.01996,-0.01115,0.0135
3645935580808525184,4735.55979,3.00729,4.74278,0.00832,-0.28582,0.00433,0.16899,133.53,backup,214.22593,-3.22114,53.31072,4.30647,13.60845,1.33677,0.1054,0.13875,0.16287,0.12248,0.14308,0.75961,0.77455,0.01832,0.02075,-0.01236,-0.01053,0.00329,0.00543
1282589698305155200,4739.75186,2.86865,4.96616,0.0099,-0.28854,0.00597,0.06526,126.77,backup,221.98204,29.98075,64.33002,4.7137,13.33546,1.33601,0.03835,0.06628,0.08172,0.01345,0.04867,0.57855,0.78339,0.00893,0.02567,-0.03057,-0.02781,-0.01019,-0.00022
1303521513481362176,4740.14563,2.28185,4.85791,0.00609,-0.0737,0.00389,0.10223,127.26,backup,244.1769,25.59272,44.31833,6.44958,12.79061,1.36985,0.10208,0.19035,0.17158,0.1454,0.19222,0.53626,0.57962,-0.01006,-0.00262,-0.02411,-0.0178,0.00101,0.00934
3667009615235260928,4740.46805,1.86455,4.85295,0.00489,-0.02036,0.00298,0.09753,159.6,backup,214.51436,3.01966,58.21688,6.78454,12.68561,1.38596,0.05251,0.09137,0.09208,0.1212,0.1082,0.57471,0.63298,0.00041,0.00578,0.01714,0.0242,0.00967,0.01598
3653805713241246848,4741.64106,2.30175,4.80025,0.0071,-0.36746,0.00376,0.17159,162.16,backup,215.98768,0.31566,55.18081,4.9623,13.35939,1.311,0.06419,0.09712,0.087,0.07829,0.0866,0.66096,0.7338,-0.00669,-0.00035,-0.01245,-0.00674,-0.00695,-0.00065
4421412576304545664,4741.68276,2.29678,4.78062,0.00592,0.04044,0.00327,0.09117,151.46,backup,229.23913,1.3423,46.63701,5.024,13.2726,1.39628,0.09275,0.13003,0.10344,0.15558,0.13007,0.71331,0.68578,-0.01897,-0.02182,0.01822,0.01394,3e-05,-0.00355
1072806036525890944,4743.48886,3.14746,4.82975,0.00976,-0.41217,0.00493,0.1469,134.76,backup,161.84556,69.72381,43.79326,4.41405,13.52494,1.28022,0.01517,0.10669,0.11857,0.0667,0.06319,0.14217,0.71472,0.00169,0.06957,-0.00569,0.03251,-0.00618,0.03
3647752940385180544,4744.06738,2.54618,4.69591,0.00658,-0.12979,0.00375,0.12669,147.46,backup,213.3012,-0.83099,55.81654,4.35921,13.45224,1.3279,0.07713,0.11277,0.07317,0.13442,0.14248,0.68397,0.78088,-0.02709,-0.02,0.01481,0.02784,0.02032,0.03413
858565474299051264,4744.34445,2.00192,4.86593,0.00521,0.01061,0.00325,0.10553,141.78,backup,177.39909,59.85802,55.59445,8.71535,12.09784,1.3662,0.02124,0.11811,0.12465,0.03897,0.08345,0.17981,0.53109,0.00118,0.04496,-0.01423,-0.00054,-0.00623,0.02308
1323375223144551808,4744.4039,2.97949,4.90249,0.00959,-0.31035,0.00568,0.15354,116.93,backup,240.40979,33.14456,48.78699,6.05209,13.01563,1.34933,0.07012,0.10719,0.09529,0.12114,0.08948,0.65415,0.63005,-0.00779,-0.01008,0.00912,0.0062,-0.01159,-0.01374
3649167187216488448,4744.6787,1.98602,4.78434,0.00522,-0.07161,0.0032,0.18703,166.18,backup,217.89984,-2.71275,51.61474,6.30466,12.75374,1.37016,0.12004,0.15555,0.17384,0.1998,0.17962,0.77173,0.63014,0.01411,-0.0105,0.03415,0.00586,0.01857,-0.00686
3659265102005726464,4745.58525,3.49561,4.83381,0.01172,-0.8652,0.00521,0.36773,137.3,backup,210.52248,-1.8168,56.42361,4.82877,13.54881,1.28587,0.1093,0.14307,0.1247,0.19242,0.15846,0.76393,0.7485,-0.01404,-0.01596,0.0377,0.03473,0.01176,0.00931
1184569744222497664,4746.74215,2.00312,4.86122,0.00533,0.47663,0.00319,-0.00369,128.32,backup,222.37601,13.08328,59.04767,6.97541,12.26469,1.3862,0.03525,0.07474,0.05876,0.02209,0.06961,0.47167,0.62602,-0.00754,0.00153,-0.02484,-0.02143,-0.00242,0.00832
1507352758609014016,4747.0783,2.64568,4.67591,0.00718,-0.26201,0.00378,0.17978,149.32,backup,216.29575,48.0531,62.24805,5.10749,12.90917,1.34218,0.02756,0.07971,0.10193,0.14089,0.05727,0.3458,0.74997,0.00768,0.04888,0.02116,0.0781,-0.00776,0.01539
1273809960519828352,4747.23284,2.09158,4.84833,0.00536,0.11233,0.00313,0.05248,136.58,backup,231.38705,30.54485,56.23923,5.54092,12.90591,1.3498,0.04358,0.07383,0.04324,0.09084,0.0525,0.59018,0.6989,-0.01805,-0.01335,0.01003,0.01991,-0.01259,-0.00688
3657790996214721792,4749.10367,2.62545,4.79284,0.00699,-0.12335,0.00448,0.15156,124.95,backup,208.57558,-2.67112,56.5675,4.71536,13.3958,1.36924,0.08408,0.1148,0.09186,0.09171,0.11654,0.73241,0.75728,-0.0168,-0.01452,-0.01691,-0.01463,0.00127,0.00417
741581495848314112,4749.20819,2.33165,4.91982,0.00593,0.20014,0.00347,0.06037,123.0,backup,157.13406,29.71603,58.59775,6.42544,12.67952,1.38194,0.02013,0.07386,0.02885,0.07148,0.05671,0.2725,0.65447,-0.01227,-0.00125,-0.00065,0.02665,-0.00467,0.01699
1291571952390376448,4750.58362,2.17892,4.82887,0.00565,0.15037,0.00331,0.1424,127.0,bright,226.82284,35.36979,59.98106,4.68812,13.21982,1.3614,0.03421,0.06569,0.07282,,0.03864,0.52082,0.7718,0.00371,0.02199,,,-0.01409,-0.00439
1491055006988507776,4753.99185,2.20994,4.87277,0.0057,0.08705,0.00337,0.07224,124.37,backup,215.83686,40.20967,66.94415,8.20148,12.12016,1.34785,0.02541,0.06276,0.01892,0.00949,0.01953,0.40481,0.59242,-0.01775,-0.0142,-0.02156,-0.01978,-0.0175,-0.01383
3659998957297923072,4754.81958,2.54,4.87081,0.00668,0.01804,0.00358,0.0947,133.12,backup,213.15835,0.33486,56.86309,4.75358,13.29695,1.36208,0.06051,0.09666,0.06859,0.11147,0.11611,0.62605,0.75567,-0.01757,-0.00868,0.00927,0.02372,0.01218,0.02723
3647157756701449088,4754.89689,2.6292,4.77554,0.00696,-0.16397,0.00395,0.12738,149.73,backup,211.54579,-2.3116,55.48687,5.35356,13.13387,1.35105,0.12603,0.16172,0.16722,0.17638,0.1781,0.77929,0.70809,0.00428,-0.00762,0.01143,-0.00113,0.01276,9e-05
3659891445676487680,4755.70111,2.93351,4.82439,0.00846,-0.26217,0.00439,0.13238,134.79,backup,213.31129,-0.25557,56.28891,5.13941,13.22415,1.32457,0.06607,0.10235,0.11598,0.11261,0.1234,0.64549,0.72606,0.00879,0.01814,0.00662,0.01569,0.01359,0.02353
1568246873651363584,4755.71901,2.5849,4.87677,0.00764,-0.24379,0.00459,0.13203,127.62,backup,192.15842,51.51309,65.60941,6.15181,12.85279,1.31334,0.02328,0.06296,0.04531,0.01576,0.03759,0.36979,0.69406,-0.00653,0.00816,-0.01745,-0.01234,-0.00938,0.00281
810931576863904128,4756.93451,1.95293,4.91442,0.00507,0.25357,0.00289,0.06305,143.83,backup,139.92693,36.59257,44.63034,7.89768,12.11897,1.37112,0.02382,0.07097,,,0.03825,0.3356,0.50916,,,,,-0.01098,-0.00434
1564106800055970432,4758.13809,1.9417,4.89554,0.00505,0.11416,0.0032,0.11251,125.71,backup,197.24774,54.35352,62.58492,7.78233,12.23389,1.3624,0.02352,0.07648,0.07238,0.07066,0.05394,0.30749,0.59849,-0.00126,0.0198,-0.00179,0.01877,-0.00693,0.00877
1321409983549203072,4760.32604,1.49556,4.80044,0.00383,-0.02301,0.00252,0.10192,186.05,backup,239.55061,31.13255,49.31448,6.9508,12.43806,1.3365,0.05002,0.09265,0.08669,0.1034,0.07064,0.53989,0.5822,-0.00322,0.00045,0.0058,0.01018,-0.01188,-0.0089
3644835072747507456,4761.00042,2.55278,4.90988,0.00815,-0.29398,0.00476,0.13769,139.35,backup,209.01291,-5.04107,54.24056,7.29964,12.51449,1.32102,0.04211,0.0846,0.06162,0.06815,0.06394,0.4977,0.58907,-0.01144,-0.00581,-0.00819,-0.00196,-0.01028,-0.00444
1716002506070297216,4762.21208,1.77332,4.91163,0.00449,0.13065,0.00251,0.04461,177.55,backup,194.86478,76.537,40.58167,8.10769,12.1527,1.37266,0.01814,0.0888,0.14927,0.09316,0.08365,0.20428,0.4737,0.01235,0.05257,0.00089,0.02599,-0.00105,0.02149
1688832856489250432,4762.64287,3.31866,4.73059,0.01004,-0.4872,0.00485,0.30564,131.28,backup,198.46159,74.8618,42.18056,4.88138,13.12916,1.24,0.01843,0.06345,0.08303,0.01263,0.05245,0.29049,0.66728,0.00569,0.03697,-0.01476,-0.01,-0.00319,0.01657
3585718253829536128,4762.99579,2.11416,4.75014,0.00564,-0.1062,0.00389,0.21966,138.25,backup,175.065,-12.37704,46.8845,6.41307,12.53732,1.29344,0.03749,0.08261,,,,0.45378,0.59772,,,,,,
1563777221444871296,4763.16084,2.67079,4.96566,0.01014,-0.49105,0.00537,0.17367,141.81,backup,200.59445,54.99608,61.56803,8.51921,12.18625,1.28826,0.02183,0.06801,0.06588,0.14077,0.05577,0.32091,0.56211,-0.00068,0.01521,0.02335,0.0573,-0.00393,0.00952
1275356939020603392,4763.44538,1.95028,4.8384,0.00503,0.16315,0.00291,0.01851,153.02,backup,230.00141,30.48319,57.42633,5.36927,12.87851,1.32772,0.04829,0.07775,0.0405,0.14127,0.05461,0.621,0.71509,-0.02314,-0.01933,0.03944,0.05274,-0.01437,-0.00923
1527641050243838080,4763.48343,1.84808,4.83981,0.00478,0.08664,0.00296,0.12408,143.47,backup,194.26354,41.63688,75.44577,7.2235,12.33887,1.34635,0.01983,0.05518,0.09082,,0.04039,0.35931,0.65766,0.01281,0.0399,,,-0.00531,0.00674
864532523903030784,4763.59834,1.91445,4.8624,0.00491,0.13517,0.00301,0.06884,137.05,backup,177.14635,65.44698,50.42159,7.72574,12.17593,1.34075,0.01895,0.06753,0.11514,0.09794,0.03852,0.28061,0.54982,0.01336,0.04436,0.00853,0.0349,-0.00814,0.00223
3669828415156658944,4764.2013,2.62384,4.8292,0.00744,-0.22537,0.00428,0.14524,133.36,backup,214.80186,5.46051,59.90127,5.14325,13.15959,1.30974,0.04735,0.08361,0.04547,0.05048,0.07868,0.56631,0.73964,-0.0216,-0.01372,-0.01876,-0.01001,-0.00279,0.01085
3586629027414107264,4765.3723,2.72913,4.84455,0.00695,0.08675,0.00369,0.08153,136.98,backup,173.92812,-11.61559,47.12134,4.24394,13.55298,1.35349,0.047,0.085,,,,0.5529,0.74876,,,,,,
4416684886758786944,4765.72098,2.24857,4.87732,0.00579,0.27475,0.00343,-0.00951,130.16,backup,234.32358,0.08194,41.88076,5.37139,13.02918,1.40876,0.19739,0.24905,0.2547,0.23877,0.23561,0.79255,0.63001,0.00447,-0.03693,-0.00815,-0.04696,-0.01065,-0.04895
1222426105662400256,4768.30349,1.63629,4.80996,0.00417,0.02301,0.00264,0.10958,168.16,backup,234.30207,26.30159,53.14245,5.85886,12.8039,1.33913,0.10583,0.14521,0.14261,0.15388,0.1048,0.72879,0.66464,-0.0019,-0.01105,0.00632,-0.00355,-0.02945,-0.03617
856723624819583360,4768.564,2.96673,4.84759,0.00962,-0.55848,0.00499,0.29925,137.29,backup,170.7678,58.09335,55.38082,4.58025,13.458,1.25213,0.02204,0.0531,,,0.02849,0.41499,0.76245,,,,,-0.01021,-0.00031
1692196606156218368,4769.03718,2.35195,4.80628,0.00607,-0.02992,0.00345,0.09417,143.16,backup,191.50204,76.3118,40.81198,5.88912,12.82093,1.33475,0.01833,0.09436,0.12142,0.08337,0.07646,0.19424,0.58846,0.00526,0.05312,-0.00213,0.03073,-0.00348,0.02666
2514113296316597248,4769.89677,2.50052,4.86967,0.0073,-0.26681,0.00401,0.15015,151.81,backup,35.31584,3.29724,-52.64704,6.31566,12.76075,1.30152,0.04529,0.13423,0.1077,0.12277,0.10784,0.33743,0.63465,-0.00895,0.02306,-0.00387,0.03263,-0.0089,0.02315
1530177932808610048,4770.38509,1.96176,4.8739,0.00497,0.1066,0.00307,0.08819,145.08,backup,193.95778,44.11963,72.98562,5.24012,13.0192,1.34022,0.02631,0.0814,0.12759,,0.05532,0.32328,0.76773,0.01493,0.07164,,,-0.00843,0.01616
4032978212250022272,4770.65043,1.85237,4.94152,0.00486,0.05625,0.00263,0.07378,173.27,backup,179.8839,35.81962,75.95129,7.48099,12.32404,1.34403,0.02217,0.0753,,,0.05092,0.29442,0.64562,,,,,-0.00718,0.01071
3653134255233443328,4773.13477,2.36518,4.83506,0.00621,-0.03892,0.00392,0.09558,128.63,backup,218.91155,-0.35117,52.82099,5.71675,12.96436,1.34641,0.07333,0.10893,0.10035,0.07106,0.10514,0.67319,0.67208,-0.00577,-0.00588,-0.02549,-0.02557,-0.00255,-0.00267
3585347924569773696,4775.62742,2.59223,4.89587,0.00666,0.03285,0.00383,0.10359,126.11,backup,174.58345,-12.53787,46.54825,4.78631,13.327,1.35996,0.04792,0.08619,,,,0.55591,0.70281,,,,,,
858017853084714752,4777.77009,2.62828,4.8525,0.00733,-0.14917,0.00433,0.12509,128.87,backup,172.61486,58.15129,55.88856,4.84592,13.30429,1.31715,0.02301,0.05577,0.09329,-0.01097,0.0414,0.41253,0.74509,0.01548,0.0465,-0.02753,-0.03118,-0.00593,0.00784
1295206491155574400,4778.2461,2.83462,4.94303,0.01107,-0.38359,0.00591,0.12702,142.37,backup,224.24135,37.84574,61.61204,7.39488,12.48572,1.30246,0.02825,0.06356,0.06139,0.01927,0.03408,0.4445,0.61393,-0.00096,0.00944,-0.01969,-0.01642,-0.0131,-0.00733
1056385762373795200,4781.01363,1.90874,4.85233,0.00484,0.0772,0.00288,0.06669,157.49,backup,170.28072,64.46952,49.96366,5.06816,13.00959,1.31236,0.01646,0.05472,0.06442,-0.01091,0.03133,0.30071,0.70137,0.00291,0.02872,-0.01974,-0.02411,-0.00704,0.00552
845865221645218432,4781.31528,2.04375,4.89097,0.00542,-0.04956,0.00319,0.10212,154.42,backup,172.55184,57.27962,56.59493,6.86021,12.56912,1.34081,0.02237,0.05505,,,0.04782,0.4064,0.62224,,,,,-0.00294,0.00738
4413688408335080064,4782.0096,2.12617,4.89148,0.00548,0.00816,0.00323,0.10912,149.66,backup,231.25949,-3.90675,41.66617,5.86481,13.06817,1.43308,0.28757,0.34974,,,,0.82223,0.59619,,,,,,
3654322694159812480,4783.00393,1.68171,4.85589,0.00435,0.28085,0.00262,-0.00439,166.19,backup,216.9862,1.03221,55.11729,4.65971,13.16517,1.34068,0.06321,0.09556,0.04665,0.10872,0.08459,0.66147,0.75546,-0.03235,-0.02797,0.0087,0.01892,-0.00726,0.00069
1523974144605531776,4784.08305,2.37975,4.80329,0.00623,-0.02891,0.00376,0.13803,131.58,backup,197.23619,39.72463,76.8895,5.66904,12.83502,1.30389,0.02395,0.05569,0.07859,0.10303,0.04283,0.43011,0.74701,0.00985,0.03476,0.02036,0.05301,-0.00553,0.00804
3670010629144131072,4784.58521,2.02652,4.83975,0.00529,0.19028,0.0031,0.0483,139.53,backup,216.53662,5.91598,59.06251,5.29291,12.90305,1.3542,0.05132,0.09015,0.04488,0.06162,0.0835,0.56924,0.72649,-0.02577,-0.01871,-0.01624,-0.00655,-0.00379,0.00934
3666361350051514112,4784.79487,2.94355,4.69553,0.00771,-0.15921,0.00411,0.17048,134.59,backup,213.9429,1.38711,57.26758,4.13398,13.52958,1.30489,0.06158,0.0951,0.08527,0.10479,0.10561,0.64753,0.80366,-0.00636,0.00695,0.00627,0.02263,0.00681,0.02329
3702183090991643264,4787.34244,1.88632,4.80794,0.00474,0.0909,0.00285,0.03492,154.61,backup,191.88314,1.24903,64.10383,7.11182,12.03468,1.37016,0.03179,0.06771,0.00455,0.01672,0.05376,0.46947,0.63649,-0.02965,-0.02889,-0.02394,-0.02114,-0.00655,0.00243
1491633899860796800,4788.50156,2.43458,4.9156,0.00749,-0.20389,0.0046,0.13379,135.95,backup,216.87931,41.89859,65.44889,6.40951,12.75386,1.32398,0.02887,0.06639,0.10635,0.0108,0.02331,0.43486,0.67867,0.01738,0.04331,-0.02417,-0.02154,-0.01873,-0.01305
3943987967345611136,4788.94941,2.54656,5.04689,0.0109,-0.49205,0.00609,0.15762,142.56,backup,197.86795,22.79366,83.72404,8.61318,12.16469,1.29077,0.0149,0.06472,0.03518,0.01617,0.03842,0.23027,0.60277,-0.0068,0.0063,-0.01118,-0.00516,-0.00606,0.00826
1270550355224067456,4790.34521,2.32712,4.77666,0.00592,0.01422,0.00349,0.13393,142.32,backup,230.63495,26.864,56.46961,4.58824,13.22187,1.33001,0.09961,0.13123,0.12171,0.14355,0.10921,0.75901,0.76624,-0.00723,-0.00635,0.00935,0.01039,-0.01671,-0.01592
2509063686086879616,4790.60239,2.66273,4.86317,0.00718,-0.12265,0.00385,0.12262,146.07,backup,25.2455,-0.18997,-60.54945,4.89198,13.21259,1.3076,0.03264,0.09498,0.05657,0.08606,0.08396,0.34367,0.75925,-0.0132,0.01031,-0.00307,0.0327,-0.00379,0.0311
1187583471236312448,4791.46378,2.33235,4.86281,0.00624,-0.075,0.00392,0.09362,132.11,backup,226.01478,16.8073,57.68387,4.9838,13.15889,1.30152,0.03113,0.07248,0.17547,0.08593,0.11889,0.42957,0.74246,0.04425,0.09915,0.00578,0.03267,0.01994,0.05714
1319908531702053632,4792.8765,2.19764,5.04942,0.00714,-0.12116,0.00541,-0.00138,136.44,backup,237.98247,28.42181,50.29141,5.27199,12.98085,1.32938,0.06379,0.11755,0.09438,0.11623,0.08917,0.54266,0.68882,-0.01257,0.00122,-0.00071,0.01627,-0.0154,-0.00237
1498989495211167488,4794.11609,2.33075,4.87059,0.00681,-0.22691,0.00359,0.14252,164.1,backup,208.68779,42.38159,70.02558,6.41975,12.6724,1.29939,0.02441,0.06014,0.07226,,0.01785,0.40589,0.69,0.00492,0.02545,,,-0.01716,-0.01209
1449322768277178368,4794.6134,1.85884,4.91381,0.00492,0.28426,0.00292,0.04923,137.76,backup,200.34406,26.86681,83.3269,6.24746,12.49089,1.4056,0.0247,0.06287,0.11787,0.07957,0.05961,0.3928,0.71969,0.0216,0.06013,0.00656,0.03257,-0.00128,0.0182
3575572269765363840,4794.64674,2.65319,4.89243,0.00703,-0.07487,0.00385,0.11011,140.0,backup,180.62989,-10.40787,50.63353,6.4528,12.76781,1.35803,0.07612,0.1441,,,,0.52825,0.61652,,,,,,
1681644283826527872,4795.4112,3.07099,4.92469,0.00826,-0.09259,0.00438,0.10863,126.58,backup,183.97591,67.44271,49.3242,4.2075,13.59127,1.32516,0.02492,0.06565,0.11072,-0.01519,0.05215,0.37953,0.76355,0.0171,0.05962,-0.03068,-0.03652,-0.00513,0.0149
863416764414863104,4795.88315,1.8628,4.89372,0.00478,0.2208,0.003,0.02558,140.17,backup,177.09775,63.94777,51.79753,7.9713,12.02129,1.32568,0.01946,0.08729,0.12887,0.07827,0.06858,0.22297,0.54555,0.00927,0.05084,-0.00201,0.02324,-0.00417,0.01795
1303186506032121344,4796.37028,2.3739,4.85462,0.00666,-0.13368,0.00426,0.10383,131.72,backup,242.90841,25.37385,45.37823,5.93624,12.83765,1.32266,0.11787,0.1941,0.21087,0.15239,0.15745,0.60727,0.6168,0.01018,0.01219,-0.02533,-0.02388,-0.02226,-0.02076
3570723904522555264,4797.04609,3.23254,4.84458,0.00862,-0.16664,0.00437,0.10795,131.84,backup,181.15161,-14.02683,47.30443,5.18493,13.20978,1.34937,0.12018,0.15207,,,,0.7903,0.67826,,,,,,
4030635084251407360,4797.2726,1.99852,4.76382,0.0054,-0.14905,0.00342,0.23741,159.41,backup,182.92926,37.81308,76.44084,5.45503,12.86154,1.27327,0.02421,0.07384,,,0.05032,0.32785,0.75965,,,,,-0.00771,0.01402
856425966406107264,4799.17616,2.38403,4.77485,0.00616,-0.04213,0.00377,0.09829,141.0,backup,171.31765,57.22435,56.25643,4.16133,13.45147,1.33571,0.02323,0.05324,0.07322,,0.03685,0.43632,0.79782,0.00872,0.03519,,,-0.00715,0.00617
4413650372104881664,4800.54936,1.84951,4.82071,0.00473,0.12804,0.00276,0.05099,162.65,backup,230.82102,-3.78254,42.07309,5.39937,13.00633,1.37752,0.27957,0.33512,,,,0.83423,0.62947,,,,,,
1072577892158906880,4801.05181,2.51,4.87017,0.00635,0.06107,0.00357,0.07921,128.33,backup,165.67129,69.22217,45.00458,4.45363,13.32198,1.30809,0.01677,0.07562,0.09431,0.20567,0.04898,0.22174,0.71924,0.00414,0.05106,0.02884,0.13116,-0.00591,0.01846
3895881619211216256,4801.53688,1.96181,4.90844,0.00494,0.10879,0.0031,0.06491,134.72,backup,177.81419,3.91594,62.69959,7.49218,12.29045,1.3446,0.0285,0.08874,,,0.06144,0.32118,0.61281,,,,,-0.00877,0.00915
3666665120203292672,4801.97198,1.30181,4.87187,0.00334,0.14426,0.00208,0.06679,198.48,backup,215.82118,2.20923,56.76599,7.92071,12.08342,1.32299,0.04916,0.09532,0.08376,0.07035,0.0843,0.51571,0.57036,-0.00596,-0.00139,-0.01288,-0.00903,-0.00568,-0.00108
2500223505224706048,4804.08501,2.84286,4.87704,0.00933,-0.64147,0.00454,0.38284,153.41,backup,38.41822,-0.36083,-53.683,6.08768,12.76174,1.23454,0.02626,0.08469,,,0.06132,0.3101,0.65315,,,,,-0.00725,0.01379
1056316733659134336,4805.71384,2.59301,4.84689,0.00693,-0.10677,0.00407,0.13159,132.1,backup,173.18454,64.93528,50.18068,5.1887,13.10366,1.30118,0.01774,0.06561,0.05199,-0.02367,0.02423,0.2704,0.69401,-0.00368,0.01834,-0.02414,-0.03417,-0.01119,-0.00092
1320979765265268096,4805.8751,2.33814,4.85611,0.00593,0.03644,0.0035,0.06306,131.78,backup,236.77794,29.51283,51.49241,4.65332,13.2528,1.31014,0.05539,0.09899,0.11403,0.12785,0.08242,0.55948,0.73954,0.00841,0.02895,0.01614,0.03917,-0.00927,0.00557
1683373472019558656,4806.85611,2.81889,4.7847,0.00727,-0.00255,0.00396,0.11332,130.53,backup,185.99545,69.03429,47.89854,4.53743,13.19615,1.28495,0.02253,0.0606,-0.00087,-0.0408,0.04665,0.37187,0.72968,-0.02286,-0.02317,-0.03771,-0.0523,-0.00519,0.0115
2559264225915134848,4807.15809,2.79014,4.62194,0.00699,0.13491,0.00381,0.03935,130.59,backup,20.40762,1.78284,-60.18817,4.90684,12.83924,1.26677,0.03284,0.08574,0.06189,0.04869,0.08245,0.38299,0.75698,-0.00913,0.01401,-0.01419,0.00402,-0.00126,0.02958
1572425769454408576,4809.043,2.00791,4.85169,0.00517,0.16438,0.00311,0.10065,130.36,backup,186.38352,53.69344,63.00721,5.62947,12.68284,1.29649,0.02442,0.06597,,,0.05673,0.37022,0.71812,,,,,-0.00342,0.01631
5187364163265624576,4809.06396,1.93345,4.88475,0.00486,0.04687,0.00293,0.11438,158.08,backup,43.26239,-2.34728,-51.77948,5.13935,13.04767,1.32288,0.03592,0.15017,0.10382,0.12724,0.14199,0.23918,0.70563,-0.01109,0.03734,-0.00549,0.05387,-0.00196,0.06428
1271077536686085632,4809.68385,2.55893,4.90447,0.00877,-0.73183,0.00432,0.38332,164.05,backup,231.66323,27.82243,55.71139,5.44258,13.00794,1.24678,0.08725,0.11942,0.13367,0.15414,0.10884,0.73063,0.70312,0.01041,0.00673,0.02537,0.02112,-0.00773,-0.01073
1688867662904201088,4809.99283,2.78955,4.89499,0.00716,0.00646,0.00371,0.07164,130.81,backup,192.11375,69.65732,47.46871,6.19785,12.6788,1.3117,0.02217,0.06205,0.07761,0.09049,0.04582,0.3573,0.61371,0.00556,0.02546,0.01016,0.03337,-0.0058,0.00595
1223032314525976192,4811.30206,1.51641,4.85177,0.00385,0.14654,0.00239,0.06278,170.77,backup,235.24457,25.63257,52.17955,6.77742,12.42195,1.3415,0.13777,0.18495,0.19239,0.1897,0.12511,0.74488,0.6064,0.00554,-0.0211,0.00353,-0.02273,-0.04458,-0.0619
758471227106218112,4812.86316,2.05008,4.925,0.00595,-0.15094,0.00369,0.12532,153.65,backup,169.80376,33.98118,69.0524,8.00522,12.23425,1.3075,0.02172,0.07378,,,0.05768,0.29435,0.60675,,,,,-0.00474,0.01328
3589856540717299200,4813.39668,3.51216,4.79365,0.01105,-0.59849,0.00522,0.35175,131.28,backup,172.00501,-10.03332,47.69069,4.0461,13.63887,1.23174,0.04736,0.09301,,,,0.50919,0.76827,,,,,,
1275509049582305920,4816.78937,2.16928,4.85558,0.00697,-0.4783,0.00351,0.30165,173.93,backup,229.19637,30.17461,58.10048,7.31331,12.34689,1.25016,0.05466,0.08691,0.10567,0.10588,0.06112,0.62893,0.60493,0.0118,0.00926,0.01193,0.00939,-0.01622,-0.01769
1504393801020158464,4819.68507,1.60047,4.89489,0.00419,0.26431,0.00243,0.04153,171.87,backup,214.65731,43.45364,65.99173,6.19455,12.43924,1.31187,0.02481,0.06076,0.01553,0.05962,0.01995,0.40841,0.69264,-0.01847,-0.01406,-0.00046,0.01648,-0.01667,-0.011
1187392675901585408,4821.06607,2.18106,4.90012,0.00577,-0.05532,0.00364,0.13962,141.33,backup,226.16263,16.73913,57.5268,5.99513,12.77238,1.31706,0.03009,0.07039,0.03012,0.10895,0.07393,0.42753,0.6756,-0.01722,-0.00974,0.01649,0.04352,0.00151,0.01985
3590379457282571520,4822.28708,2.11747,4.83164,0.00534,0.05533,0.00287,0.08666,173.24,backup,172.74036,-9.2239,48.74514,5.8854,12.71047,1.30362,0.03718,0.08409,0.09396,,0.08218,0.44215,0.64009,0.00437,0.02296,,,-0.00084,0.01542
4416213363773286272,4822.59624,2.17808,4.83496,0.00556,0.40241,0.00331,-0.06361,135.85,backup,233.77674,-0.89044,41.70977,5.68806,12.80266,1.39957,0.29685,0.35052,0.36218,0.35716,0.3193,0.84689,0.60773,0.00988,-0.07674,0.00562,-0.0798,-0.02645,-0.10281
1505277602210875008,4822.72818,2.17056,4.83626,0.00532,0.3096,0.00315,-0.08262,150.4,backup,213.85951,45.69868,65.04598,4.16969,13.20899,1.28004,0.02627,0.06192,0.0436,0.02908,0.01937,0.42419,0.82439,-0.00777,0.00968,-0.01393,-0.0023,-0.01805,-0.0103
3961474703352904704,4823.26934,2.3978,4.93826,0.00631,-0.03679,0.00385,0.08118,128.91,backup,191.13606,27.05994,88.4642,7.1845,12.45111,1.31631,0.01996,0.06604,0.04824,,0.03948,0.30224,0.67146,-0.00538,0.01243,,,-0.00803,0.00655
1052426043044806144,4823.89073,1.76443,4.90966,0.00444,0.09895,0.00258,0.0816,162.14,backup,158.93345,63.99384,47.19004,6.49309,12.47347,1.29977,0.01416,0.05774,,,0.02709,0.2453,0.595,,,,,-0.00752,0.00195
1527467151311507840,4824.99823,2.97507,4.89699,0.00943,-0.58242,0.00479,0.32551,136.45,backup,196.47153,41.70794,75.12286,6.31334,12.68404,1.22307,0.02593,0.0643,0.11275,0.02772,0.05608,0.40329,0.70615,0.01954,0.05368,-0.01475,-0.00636,-0.00332,0.01367
1569036902819240832,4827.05222,2.78734,4.76057,0.00925,-0.56631,0.00463,0.3797,134.21,backup,188.98412,52.12318,64.83619,5.79487,12.91612,1.24054,0.02301,0.06342,0.11702,0.16746,0.04757,0.36285,0.71336,0.01945,0.06046,0.03775,0.09645,-0.00575,0.01092
1502715018563233792,4828.49677,2.62334,4.78371,0.00684,0.17843,0.00363,0.11912,128.6,backup,209.32917,45.10039,67.73343,4.10549,13.26225,1.28663,0.02511,0.06127,0.04032,0.02769,0.03173,0.40977,0.83525,-0.00859,0.00857,-0.01376,-0.00198,-0.01211,0.00139
1491755395895098368,4829.48211,2.15145,4.87321,0.00568,-0.06267,0.00355,0.13965,146.13,backup,217.53441,42.55188,64.70521,6.02145,12.65696,1.2927,0.03069,0.06932,0.07883,0.07221,0.03061,0.4428,0.69917,0.00421,0.02443,0.00128,0.01979,-0.01714,-0.00929
3663249349892497792,4829.89163,2.96019,4.87112,0.0095,-0.5759,0.00476,0.37961,134.21,backup,205.31048,1.009,61.27674,7.57282,12.24629,1.22138,0.02426,0.05584,0.05144,0.02618,0.0818,0.43448,0.60403,-0.00191,0.00681,-0.01289,-0.00845,0.01128,0.02515
3654547716086345728,4830.10386,2.94458,4.92378,0.00915,-0.32815,0.00455,0.18312,132.41,backup,216.72975,1.59953,55.71777,4.61148,13.40452,1.28488,0.06305,0.09586,0.08933,0.11297,0.08242,0.65769,0.76151,-0.0043,0.00497,0.01125,0.02298,-0.00884,-0.00029
1503052809151337472,4830.50547,2.54277,4.82361,0.00639,0.1267,0.00361,0.05175,134.02,backup,208.40745,46.156,67.33908,4.00504,13.35419,1.26332,0.02541,0.06468,0.13311,0.00108,0.03795,0.3929,0.8417,0.02689,0.08663,-0.02499,-0.0245,-0.0105,0.00653
1519310875273176704,4830.95438,2.32923,4.94343,0.00588,0.16981,0.00345,0.06861,124.93,backup,187.43224,36.42903,79.62286,5.8912,12.72444,1.32559,0.0239,0.06533,,,0.02986,0.36579,0.73704,,,,,-0.01298,-0.00189
4025828431731623040,4831.38191,2.76198,4.91514,0.00827,-0.29443,0.00409,0.1414,137.02,backup,175.01396,34.08018,73.17269,5.15048,13.09055,1.2562,0.02402,0.07725,0.08788,0.08403,0.0519,0.31088,0.77389,0.0033,0.04399,0.00211,0.04101,-0.00788,0.01615
859972544240530560,4834.47145,2.18367,4.84717,0.00552,0.14409,0.0033,0.06368,131.6,backup,177.1676,62.12374,53.48376,6.31119,12.43589,1.28201,0.02031,0.09664,0.11162,0.06915,0.06157,0.21017,0.63895,0.00315,0.05101,-0.00578,0.02387,-0.00737,0.01903
3896058842446189568,4834.71803,2.23158,4.85398,0.00578,-0.03005,0.00387,0.13343,127.38,backup,176.96014,3.88914,62.23893,7.78641,12.03872,1.27511,0.02362,0.08675,0.06073,0.03711,0.06084,0.27229,0.59714,-0.00709,0.01264,-0.01352,-0.00146,-0.00706,0.01271
3653993768384386432,4834.9119,2.8911,4.94339,0.00875,-0.25681,0.00438,0.1357,140.73,backup,214.97418,0.44171,55.89427,4.23829,13.61355,1.2989,0.06548,0.09772,0.06991,0.08697,0.09408,0.67012,0.79047,-0.01864,-0.01022,-0.0072,0.00327,-0.00244,0.00888
695557657097713920,4835.24145,2.82102,4.87678,0.00707,0.06746,0.00394,0.05746,127.39,backup,139.92353,28.47707,43.54454,5.48697,12.81833,1.2849,0.04337,0.08862,0.08626,0.07291,0.05701,0.48943,0.63375,-0.00115,0.0113,-0.00769,0.00284,-0.01547,-0.00724
1270478337212395136,4835.26376,3.00283,4.77663,0.00841,-0.32174,0.00393,0.27172,141.68,backup,230.81005,26.45098,56.24651,4.4171,13.30204,1.25793,0.10492,0.13676,0.15184,0.14452,0.10324,0.76721,0.77817,0.01157,0.01324,0.00595,0.00754,-0.02572,-0.02458
1222289796282596480,4836.71257,1.83384,4.91186,0.00467,0.04282,0.0028,0.12576,170.77,backup,233.34848,25.56781,53.8402,5.72203,12.93418,1.36872,0.14026,0.17976,0.13581,0.18573,0.14793,0.78028,0.67658,-0.03429,-0.04837,0.00466,-0.0146,-0.02483,-0.04018
4404477593271335552,4836.88556,2.85645,4.80854,0.00718,0.02487,0.0037,0.10179,140.63,backup,235.86489,-0.53259,40.28365,4.66916,13.23875,1.35186,0.20347,0.25571,0.26488,0.28953,0.2865,0.79568,0.66972,0.00729,-0.02607,0.02691,-0.00956,0.0245,-0.01159
1477783111366412032,4840.41365,2.50067,4.88247,0.00635,-0.00387,0.00385,0.09048,127.45,backup,215.60247,31.98036,69.6722,5.18854,12.92472,1.28318,0.03143,0.06604,0.07273,0.0578,0.03584,0.47596,0.76445,0.00319,0.02417,-0.00392,0.01275,-0.01437,-0.00403
1072790853817231744,4840.45513,3.04685,4.8299,0.00831,-0.22498,0.00404,0.20405,134.93,backup,161.05484,69.36823,43.88786,4.08667,13.46465,1.23748,0.01563,0.10475,0.13793,0.12722,0.05435,0.14919,0.74259,0.00495,0.0868,0.00335,0.07884,-0.00752,0.02473
1508896885251381888,4841.34235,1.63681,4.90993,0.00412,0.16814,0.00227,0.01792,196.98,backup,210.74254,46.6316,65.93659,4.45336,12.4581,1.2863,0.02479,0.06464,0.1069,0.05243,0.03048,0.3835,0.80607,0.0162,0.06138,-0.00468,0.01747,-0.0131,-0.00022
1552794990069680128,4841.54327,1.87736,4.91297,0.00474,0.13204,0.00294,0.10241,144.15,backup,202.30846,47.94411,67.91677,6.27283,12.53631,1.30659,0.02138,0.06821,0.07526,-0.07629,0.03246,0.31344,0.69327,0.00221,0.0308,-0.04529,-0.07427,-0.01121,0.00112
3686255599911461504,4844.61066,3.15854,4.91018,0.00897,-0.23377,0.00424,0.13183,135.57,backup,199.76367,-1.73023,60.38478,6.91498,12.437,1.27142,0.03483,0.07081,0.01018,0.08693,0.07228,0.49182,0.63424,-0.02982,-0.02837,0.00793,0.02031,0.00073,0.01102
1509853219849104640,4845.30831,2.31254,4.8493,0.00584,0.22145,0.00317,0.00826,142.3,backup,207.67089,46.98116,66.98351,4.40532,13.13204,1.27915,0.02499,0.0681,0.07506,,0.04161,0.36695,0.81202,0.00255,0.03596,,,-0.00972,0.0088
857327325422881408,4846.16877,2.14319,4.90384,0.00536,0.16593,0.00322,0.0364,128.02,backup,165.80826,58.25849,53.58825,6.58314,12.3473,1.27371,0.01836,0.05033,0.05425,-0.00235,0.01852,0.36471,0.62393,0.00143,0.01549,-0.01921,-0.01982,-0.0116,-0.0068
1303818141102136832,4846.32876,1.85667,4.92412,0.00457,0.16841,0.0029,0.12359,142.08,backup,247.33604,25.07995,41.42534,7.14411,12.35172,1.35619,0.06617,0.13124,0.11927,0.08444,0.10754,0.50422,0.52332,-0.00603,-0.00376,-0.0236,-0.02198,-0.01195,-0.00989
1682824300321584128,4846.56929,2.68145,4.85856,0.00678,0.30471,0.00369,-0.03409,128.06,backup,191.18546,69.1977,47.91901,4.34162,13.11342,1.27363,0.02262,0.06039,0.06339,0.00948,0.04806,0.3746,0.74528,0.00112,0.02462,-0.01907,-0.01555,-0.00462,0.0132
3633824258365170944,4846.85833,2.85995,4.91518,0.00835,-0.21992,0.00412,0.10957,148.4,backup,204.0926,-3.74485,57.27686,6.0818,12.72674,1.31172,0.05993,0.09052,0.09725,0.09971,0.09571,0.66211,0.66933,0.00445,0.00516,0.00609,0.00681,0.00344,0.00413
2510489202912265344,4847.48525,3.18917,4.78187,0.00892,-0.30358,0.0041,0.28094,136.97,backup,24.75642,0.88602,-59.73641,4.48959,13.22968,1.22693,0.03573,0.1048,0.05183,0.05229,0.07975,0.34089,0.78542,-0.01806,0.00498,-0.0179,0.00534,-0.00854,0.02691
767171215940330368,4847.87598,2.27772,4.83328,0.00575,0.01829,0.00377,0.17512,128.75,backup,173.26333,39.00753,69.8057,6.62476,12.35773,1.26586,0.01846,0.07079,0.09937,-0.02459,0.06182,0.26083,0.67805,0.00745,0.04891,-0.02488,-0.03514,-0.00234,0.02345
1492701491291604480,4848.36129,2.47775,4.88475,0.00662,-0.09812,0.00378,0.12281,144.91,backup,215.88441,43.1371,65.43375,5.10756,13.0338,1.27471,0.02768,0.06317,,,0.03007,0.43819,0.75938,,,,,-0.0145,-0.00484
3900691535905981824,4850.00797,2.13329,4.87625,0.00549,0.20213,0.00326,0.074,134.14,backup,187.29002,6.24115,68.4517,5.53451,12.76809,1.2961,0.03439,0.07116,,0.23004,0.04534,0.48322,0.73932,,,0.07677,0.13568,-0.01248,-0.00087
4033286934499206400,4850.092,2.95006,4.75137,0.00762,-0.12763,0.00371,0.09612,137.36,backup,179.16393,36.96213,74.81561,4.57466,13.10625,1.25106,0.02487,0.07655,0.10059,0.02979,0.05595,0.32484,0.81506,0.00781,0.05712,-0.01519,-0.00058,-0.00669,0.02074
1682487815403354496,4850.35594,2.69781,4.91624,0.00731,-0.1595,0.00351,0.12479,161.5,backup,186.87729,68.16437,48.80681,5.67808,12.82783,1.26803,0.02146,0.06007,0.11679,0.07684,0.04467,0.35719,0.65362,0.02026,0.05488,0.00599,0.02876,-0.0055,0.00774
3702287548892329216,4851.06571,2.5168,4.91838,0.00621,0.1155,0.00343,0.0542,135.84,backup,191.20947,1.21408,64.0375,5.58924,12.7932,1.30334,0.03482,0.06588,0.05452,-0.02013,0.05064,0.52847,0.72387,-0.00601,0.00465,-0.04546,-0.04939,-0.00805,0.00184
843646407180323712,4852.82666,2.51561,4.83663,0.00675,-0.15215,0.00392,0.27164,130.4,backup,166.7337,54.61049,56.5631,6.59323,12.32215,1.22886,0.01732,0.04949,0.04457,-0.00618,0.02982,0.34996,0.63671,-0.00172,0.01106,-0.01948,-0.02125,-0.00688,0.00167
3564259463346056832,4854.06265,2.69481,4.89179,0.0068,0.04041,0.00344,0.07248,146.15,backup,166.51214,-13.25677,42.19991,4.46821,13.30543,1.30129,0.04629,0.11353,,,,0.40768,0.69961,,,,,,
843080815823164288,4854.2615,1.92167,4.85585,0.00501,-0.06404,0.00283,0.13362,183.8,bright,170.29645,54.46048,58.07733,4.36089,13.26901,1.25926,0.01999,0.05008,0.08464,0.03065,0.03611,0.39915,0.78924,0.0138,0.04682,-0.00775,0.0042,-0.00558,0.00851
2510136770780563968,4854.49212,2.64726,4.73775,0.00662,-0.09448,0.00342,0.12342,160.65,backup,23.64184,0.55033,-60.44182,4.85353,12.971,1.20165,0.02663,0.07723,0.04699,0.06355,0.07678,0.34484,0.76159,-0.01043,0.00916,-0.00472,0.02176,-0.00016,0.03184
3560914920774224512,4855.55363,2.11234,4.82459,0.00528,0.17189,0.00301,0.02503,151.88,backup,173.77779,-14.25793,44.65813,5.57262,12.70865,1.27873,0.04519,0.08793,,,,0.51395,0.63543,,,,,,
845647312184724992,4855.87359,1.55193,4.89763,0.00395,0.19341,0.00228,0.07468,181.14,backup,172.35723,56.77099,56.95415,6.70042,12.26144,1.28069,0.02183,0.05354,0.09,0.04255,0.03416,0.40771,0.63242,0.01486,0.03509,-0.00448,0.00508,-0.0079,-0.00023
3596892762301039488,4856.30577,3.09057,4.79033,0.00824,-0.19361,0.00388,0.21699,133.92,backup,185.41883,-4.60939,57.45784,5.26159,12.86918,1.25712,0.04186,0.09182,0.09984,0.06709,0.14219,0.45587,0.72244,0.00366,0.03027,-0.01127,0.00661,0.02296,0.06086
4417676440088673152,4859.34502,1.96411,4.86915,0.00497,0.23666,0.00293,0.0406,148.19,backup,234.32375,1.34699,42.64578,6.09139,12.52714,1.3359,0.12709,0.18086,0.15597,0.19077,0.18485,0.70271,0.58923,-0.01749,-0.03519,0.00696,-0.01468,0.00281,-0.01817
1076941475852324992,4859.60634,2.98475,4.89675,0.00838,-0.20236,0.0041,0.14421,138.71,backup,159.21062,71.16204,42.12735,4.14056,13.50059,1.25414,0.01611,0.16786,0.1607,0.14931,0.11511,0.09595,0.72638,-0.00069,0.10062,-0.00178,0.09235,-0.00506,0.06751
4033595210071558656,4861.05497,2.25946,4.78139,0.00588,0.28261,0.00318,0.0485,139.59,backup,181.44652,37.96452,75.53356,4.93523,12.86874,1.28805,0.02398,0.07445,0.08127,-0.0431,0.05066,0.32211,0.79187,0.0022,0.04037,-0.03786,-0.05811,-0.00767,0.01613
1473445160038564736,4862.44547,3.49111,5.08394,0.01119,-1.15456,0.00456,0.35146,133.24,backup,202.27038,35.83929,78.16838,6.59161,12.78144,1.17976,0.02779,0.06328,,,0.02868,0.43913,0.69513,,,,,-0.0152,-0.00786
3730041142226460416,4862.52577,2.30029,4.90961,0.00587,0.23962,0.00335,0.04978,128.56,backup,197.91902,7.62608,69.91626,4.99572,12.95881,1.30208,0.04907,0.08568,0.08438,0.12274,0.074,0.57265,0.77776,-0.00074,0.01656,0.02122,0.0464,-0.00669,0.00849
1508209003289191552,4863.69421,3.03995,4.93061,0.00913,-0.357,0.0041,0.18159,153.42,backup,215.45453,49.06601,61.98598,5.56167,12.85704,1.24074,0.02542,0.07864,,,0.05712,0.32318,0.71914,,,,,-0.00696,0.01566
858298262909444608,4864.4924,2.30441,4.85399,0.00578,0.16343,0.00323,0.07063,137.5,backup,172.22582,58.87845,55.16927,4.22125,13.18974,1.25732,0.02296,0.05547,0.03015,0.02399,0.04285,0.41389,0.78895,-0.01048,0.00083,-0.01303,-0.00403,-0.00523,0.01084
5109437032562813568,4864.84362,3.05851,4.81882,0.00779,-0.07203,0.00409,0.11243,134.17,backup,58.63339,-16.11736,-46.29808,5.07728,12.85831,1.22766,0.01913,0.09029,,,0.08747,0.21183,0.67989,,,,,-0.0006,0.04034
4418642807729860992,4865.29407,3.44407,4.75544,0.0099,-0.4289,0.0043,0.25746,142.34,backup,229.68313,-0.62637,45.02326,4.29776,13.38347,1.25478,0.15441,0.18623,0.15289,0.18564,0.17084,0.82913,0.732,-0.02764,-0.04249,-0.00049,-0.01852,-0.01276,-0.02935
1508441824876291968,4866.01473,2.50037,4.76636,0.00626,0.28196,0.00336,0.02232,137.12,backup,214.41113,49.46853,62.19089,4.32199,13.07534,1.26807,0.02621,0.07586,,,0.04175,0.34548,0.80548,,,,,-0.01178,0.00742
1487842886846586880,4867.40253,3.89396,4.81056,0.01119,-0.36622,0.00491,0.21072,124.47,backup,217.94258,39.5611,65.76122,4.04578,13.45794,1.214,0.03231,0.06612,0.05144,0.04255,0.02618,0.4886,0.8352,-0.00717,0.01066,-0.01152,0.00323,-0.01952,-0.01044
1277070287373638528,4867.67634,2.23343,4.84286,0.00552,0.16481,0.0031,0.03792,148.54,backup,229.82352,30.95387,57.6046,4.44352,13.07416,1.25492,0.04675,0.07571,0.1966,,0.05094,0.61749,0.78133,0.07465,0.10686,,,-0.0153,-0.00695
2560445307561843840,4868.7256,2.83765,4.82101,0.00703,0.03635,0.00402,0.12075,127.86,backup,25.95956,3.23439,-57.11046,4.17434,13.28182,1.25087,0.03975,0.10132,0.01491,0.03404,0.07913,0.39231,0.79997,-0.0339,-0.02782,-0.02639,-0.01251,-0.00871,0.02355
1153386151348970368,4868.78703,3.50528,4.92545,0.00922,-0.13279,0.00432,0.11862,137.22,backup,225.39453,1.70514,49.77831,4.11164,13.57872,1.31235,0.11677,0.15695,0.1638,0.17479,0.15727,0.74402,0.77364,0.0051,0.00996,0.01327,0.01845,0.00024,0.0049
3944903620013667328,4870.49606,3.13352,5.03213,0.00976,-0.23749,0.00503,0.14479,126.29,backup,196.11367,23.17525,85.07081,6.03598,12.77606,1.28976,0.03413,0.066,0.05407,0.04503,0.04574,0.51711,0.73299,-0.00617,0.0055,-0.01084,-0.00112,-0.01048,-0.00061
3897372075942170368,4871.12519,3.30284,4.95514,0.00925,-0.1545,0.00451,0.12994,125.73,backup,177.47116,5.58777,63.949,4.09187,13.53149,1.27058,0.04094,0.07926,0.04223,0.14933,0.04287,0.51655,0.82735,-0.01913,-0.00601,0.03619,0.08261,-0.0188,-0.00548
1318595955336643840,4871.42465,2.41704,4.80955,0.00666,-0.25958,0.00329,0.27442,157.75,backup,243.99964,29.67381,45.30861,5.92342,12.55467,1.22755,0.06539,0.1302,0.13075,0.096,0.10309,0.5022,0.61716,0.00027,0.0153,-0.01718,-0.00614,-0.01362,-0.00177
699146291251773696,4871.82573,2.24577,4.86025,0.00561,0.13984,0.0032,0.08536,139.9,backup,138.75824,30.92565,43.00026,6.91614,12.13534,1.26361,0.03272,0.08443,,,0.05599,0.38751,0.54565,,,,,-0.01102,-0.00216
3693616147360814592,4871.90186,3.04979,4.77415,0.00754,0.03685,0.00389,0.09488,132.63,backup,186.56422,-2.87536,59.38785,4.99102,12.9538,1.26752,0.04187,0.08514,0.04604,0.02864,0.08709,0.4918,0.74829,-0.01923,-0.00742,-0.02779,-0.02044,0.00096,0.0233
1270562312413039488,4873.48024,2.22255,4.86459,0.00555,0.32553,0.00308,-0.01414,144.19,backup,230.45969,26.89661,56.62914,4.19449,13.23604,1.30062,0.09956,0.13073,0.13151,0.11975,0.10026,0.76161,0.79665,0.0006,0.00521,-0.00836,-0.00417,-0.0232,-0.01969
2514834949606485760,4873.73863,2.47308,4.9099,0.00642,-0.05331,0.0035,0.10991,146.37,backup,33.60718,3.41185,-53.48103,6.86551,12.38115,1.27521,0.04506,0.13593,0.16064,0.1098,0.11563,0.33146,0.60799,0.00819,0.05261,-0.00866,0.0217,-0.00673,0.02524
1583262732152459136,4874.32598,2.69615,4.91616,0.00764,-0.28302,0.00364,0.18205,152.78,backup,188.11016,62.01256,54.97228,5.14704,12.99646,1.24026,0.02244,0.05799,0.00723,-0.02904,0.0339,0.387,0.71995,-0.01964,-0.01723,-0.03368,-0.04335,-0.00932,0.00197
863773521578401152,4874.40268,2.5635,4.89891,0.00664,-0.08274,0.00344,0.08543,153.31,backup,174.44221,63.65736,51.56621,5.75159,12.7117,1.24996,0.01955,0.12454,0.17328,0.19409,0.11638,0.157,0.66363,0.00765,0.09544,0.01092,0.10925,-0.00128,0.05768
4025589081794210176,4874.47985,2.03962,4.9038,0.00513,0.01216,0.00299,0.10012,166.99,backup,172.69167,33.39533,71.52562,5.36135,12.84708,1.26337,0.02424,0.07709,0.11126,0.07297,0.05344,0.31449,0.75714,0.01075,0.06,-0.00129,0.031,-0.00744,0.01622
5187295198975620224,4875.50374,2.39788,4.91049,0.00647,-0.13908,0.00327,0.15214,164.42,backup,44.29616,-2.01384,-50.79667,5.14135,13.01367,1.25639,0.03924,0.18856,0.29832,0.15641,0.19321,0.20808,0.70054,0.02284,0.16975,-0.00669,0.07033,0.00097,0.09611
838516085924828928,4876.64788,1.64904,4.82246,0.00409,0.12361,0.00227,0.06195,218.49,bright,169.94918,50.65557,60.7341,4.48141,13.0855,1.25348,0.02202,0.06462,0.12013,0.02053,0.04244,0.34083,0.7893,0.01892,0.0728,-0.01503,-0.00582,-0.00756,0.01147
1059308710956502784,4876.8184,1.92128,4.78528,0.0047,0.4202,0.00262,-0.07552,165.84,backup,165.67373,66.85991,46.92076,4.35781,12.85493,1.26092,0.01669,0.08067,0.0907,0.09122,0.04955,0.20688,0.73838,0.00208,0.05029,0.00218,0.05067,-0.00644,0.0199
1059164331336159872,4877.52578,2.87105,4.93216,0.00705,0.057,0.00351,0.06651,140.86,backup,167.97644,66.6851,47.58628,4.06656,13.43742,1.28237,0.01703,0.06426,0.12917,,0.02905,0.26502,0.766,0.0172,0.08191,,,-0.00933,0.00522
1273769553467460608,4878.83848,2.34054,4.88463,0.00579,0.29131,0.00336,-0.03376,137.49,backup,230.87604,30.09209,56.64562,4.30757,13.15583,1.2656,0.04903,0.07811,0.10761,0.09226,0.05882,0.62773,0.78803,0.01852,0.03577,0.00888,0.02367,-0.01211,-0.00268
1316489050540316800,4879.1436,1.96063,4.97019,0.00493,0.27899,0.00309,0.05404,134.13,backup,239.82176,27.16132,48.46693,5.95961,12.61496,1.33677,0.08949,0.16116,0.1619,0.13746,0.11499,0.55528,0.6339,0.00041,0.01314,-0.01316,-0.00235,-0.02564,-0.0166
1317755481776752256,4879.23914,3.07118,4.87649,0.00822,-0.17234,0.00391,0.1515,130.53,backup,244.79317,29.17629,44.54038,5.34393,12.81941,1.27839,0.05962,0.12142,0.12942,0.06748,0.09072,0.49099,0.65007,0.00393,0.02452,-0.02648,-0.01575,-0.01507,-0.00064
1503154754495139968,4879.60155,1.9694,4.88284,0.00506,0.33717,0.00298,0.02204,136.21,backup,205.42561,44.10759,70.23749,5.93184,12.39356,1.26875,0.02457,0.06654,0.0573,-0.00758,0.05241,0.36929,0.71895,-0.00341,0.01662,-0.02737,-0.03002,-0.00522,0.01311
1505068282684636288,4879.61963,1.97207,4.80891,0.00483,0.3743,0.00298,-0.04112,148.99,backup,213.76037,44.63455,65.78474,4.41621,12.94951,1.27194,0.02531,0.0591,0.0359,-0.00071,0.01895,0.42826,0.80836,-0.00993,0.00371,-0.02561,-0.02589,-0.01719,-0.00999
3652437066077821824,4880.25061,2.1095,4.87846,0.00524,0.2577,0.00301,-0.0067,147.82,backup,216.42437,-2.20396,52.90447,4.65051,13.06811,1.27851,0.10045,0.13187,0.08709,0.12908,0.13749,0.76171,0.74643,-0.03411,-0.03544,-0.00212,-0.00409,0.00428,0.00218
3962762987383224832,4880.26446,2.40372,5.05883,0.00717,-0.57728,0.00399,0.19655,147.15,backup,192.10909,28.4394,88.53037,7.76075,12.25367,1.22394,0.02011,0.06719,,,0.03263,0.29928,0.64317,,,,,-0.01034,0.00088
1568325110775725824,4880.75023,2.75314,4.99731,0.00806,-0.2416,0.00396,0.11947,138.98,backup,191.09915,52.13576,64.95758,6.70164,12.49408,1.24617,0.02299,0.06344,0.00141,0.07516,0.04341,0.36235,0.66092,-0.02248,-0.02206,0.00425,0.02669,-0.00726,0.00571
3683731537826819968,4882.9151,2.73206,4.95975,0.00682,0.04555,0.00363,0.08431,132.36,backup,190.85867,-1.00508,61.80082,6.25335,12.568,1.29378,0.03916,0.07639,0.04782,0.0984,0.0771,0.51265,0.67615,-0.01465,-0.00683,0.01128,0.02737,0.00036,0.01297
1320321776275508992,4883.37976,2.94055,4.96296,0.00812,-0.15943,0.00412,0.09673,135.78,backup,241.555,30.1216,47.47208,4.65339,13.3198,1.30219,0.0618,0.11578,0.13601,0.14298,0.10777,0.53377,0.71831,0.0108,0.0359,0.01452,0.0409,-0.00427,0.01561
1507716834397171456,4883.94943,3.20198,4.92543,0.00823,-0.03141,0.00403,0.06403,132.36,backup,213.69385,47.93379,63.61162,4.53506,13.2154,1.26294,0.02823,0.07982,0.07008,0.01663,0.04213,0.35366,0.79407,-0.00344,0.02742,-0.02235,-0.01503,-0.01333,0.00523
3898629711086207616,4884.12422,2.56654,4.9242,0.00725,-0.21683,0.00363,0.14732,143.63,backup,182.22612,7.24271,67.70051,7.90236,12.01287,1.23329,0.02141,0.07111,0.05247,0.02484,0.04107,0.30112,0.60806,-0.00561,0.01049,-0.01393,-0.00631,-0.00905,0.00356
3644671249810670336,4887.00043,3.26789,4.94067,0.00861,-0.09593,0.00448,0.10697,124.91,backup,209.4971,-5.00805,54.06348,4.74443,13.1673,1.26084,0.05413,0.08631,0.07449,0.06262,0.06501,0.62717,0.74468,-0.00741,0.00134,-0.01486,-0.0075,-0.01336,-0.00572
1290500031632338048,4888.93956,2.81103,4.78733,0.00777,-0.28516,0.00349,0.29519,158.75,backup,228.20219,34.16365,58.9542,4.77145,12.96473,1.21092,0.04046,0.07242,,,0.05167,0.55864,0.76223,,,,,-0.01159,-0.00107
1224269574344936192,4890.35661,2.66411,4.95173,0.00715,-0.11912,0.00372,0.10733,150.48,backup,234.28202,27.79088,53.41587,4.67615,13.27467,1.29608,0.07348,0.1078,0.10106,0.09868,0.08368,0.68164,0.74684,-0.00459,0.002,-0.00622,0.00022,-0.01644,-0.01099
843069580188701312,4890.98774,2.05358,4.9656,0.006,-0.26811,0.00281,0.16406,199.44,bright,170.37365,54.43187,58.12815,5.34623,12.88495,1.22763,0.01928,0.05021,0.11235,0.12685,0.03209,0.38395,0.71939,0.02386,0.06155,0.02943,0.07198,-0.00695,0.00381
3669904594991487360,4891.04537,1.88607,4.8389,0.00476,0.37492,0.00292,0.01218,146.23,backup,216.60372,5.30314,58.5735,5.95872,12.44681,1.28449,0.05205,0.09097,0.05685,0.04695,0.07618,0.5722,0.68198,-0.01953,-0.01328,-0.02519,-0.02004,-0.00846,-0.0001
1550666816594814976,4891.97724,2.68637,4.91427,0.00659,0.09961,0.00363,0.09759,128.52,backup,198.80608,44.5842,71.90391,4.44387,13.1536,1.25739,0.02648,0.06912,0.07559,0.03261,0.04505,0.38303,0.81935,0.00248,0.03546,-0.01398,0.00024,-0.00922,0.01043
1504987365499937536,4893.47538,2.08628,4.92026,0.00521,0.03044,0.003,0.08203,164.95,backup,215.17941,44.91943,64.81794,4.51211,12.50246,1.27353,0.0266,0.0617,-0.017,-0.07198,0.02049,0.43114,0.79901,-0.03393,-0.04018,-0.05763,-0.08411,-0.01777,-0.01023
863975728638951296,4899.56725,2.03324,4.839,0.00515,0.34541,0.00277,0.03987,154.42,backup,171.18211,63.82932,50.71486,4.56866,12.91832,1.25038,0.01777,0.05975,0.03901,0.03655,0.02987,0.29747,0.74214,-0.00617,0.01118,-0.0069,0.00935,-0.00889,0.0044
1281931365718115328,4899.93689,3.46219,4.92681,0.01082,-0.79733,0.00501,0.40176,136.87,backup,222.97226,29.35163,63.45109,4.47485,13.39361,1.18469,0.04467,0.07318,0.08756,0.04091,0.05577,0.61038,0.79795,0.00878,0.0252,-0.0197,-0.01202,-0.01063,-0.00017
1586888887142819200,4900.11465,2.39311,4.88217,0.00582,0.10274,0.00358,0.06779,130.08,backup,223.16397,45.55692,59.7193,6.51027,12.38334,1.28177,0.03279,0.0828,0.05495,0.0502,0.04992,0.39599,0.65395,-0.01103,0.00315,-0.01291,4e-05,-0.01302,-0.00014
1321070097017525376,4900.73353,2.4901,4.85576,0.00615,0.04525,0.00364,0.07349,142.06,backup,237.01896,30.12038,51.36043,4.7307,12.97382,1.24889,0.0556,0.09791,0.1164,0.12745,0.08355,0.5679,0.7331,0.0105,0.02973,0.01677,0.03783,-0.00816,0.00565
1560098289898949760,4901.13397,2.9937,4.99959,0.00883,-0.22642,0.00422,0.13857,125.5,backup,204.14725,52.3999,63.35342,8.20016,11.96248,1.23614,0.0202,0.05982,0.09626,0.03754,0.04251,0.33764,0.58187,0.0123,0.03581,-0.00752,0.00165,-0.00584,0.00454
3587639066283613824,4901.54958,2.94004,4.9083,0.00718,0.049,0.00358,0.07378,143.31,backup,176.98999,-10.04451,49.76637,4.7427,13.0691,1.27409,0.03816,0.07545,,,,0.50569,0.7241,,,,,,
2515161916876271616,4902.27062,2.77993,4.99666,0.00877,-0.7661,0.00432,0.41865,158.29,backup,34.09083,4.09066,-52.64958,6.79007,12.47074,1.17712,0.03975,0.13224,,0.07293,0.10743,0.3006,0.60804,,,-0.01783,0.0046,-0.00746,0.02557
1575553540733945088,4902.70587,2.44521,4.95471,0.00593,0.12026,0.00341,0.08944,128.34,backup,180.09383,58.00683,57.84393,5.70032,12.68492,1.27678,0.02168,0.06922,0.08565,-0.02516,0.045,0.31319,0.69521,0.00514,0.03786,-0.02956,-0.03917,-0.00759,0.00961
3647822450135944192,4905.33593,1.7666,4.91581,0.00433,0.16509,0.00239,0.0694,194.8,backup,214.33148,-0.60244,55.42456,6.6158,12.38193,1.30992,0.0684,0.10742,0.09391,0.11921,0.12233,0.63678,0.63052,-0.0086,-0.00919,0.00751,0.00676,0.0095,0.00873
3693259287118472192,4905.85959,3.53045,5.0173,0.00993,-0.50055,0.00508,0.16469,124.85,backup,184.72608,-3.78421,58.10531,6.71305,12.50825,1.21135,0.03603,0.08533,0.07526,0.09843,0.1048,0.4222,0.63643,-0.00425,0.01187,0.00553,0.02662,0.00822,0.03068
2564011917123938176,4906.1952,2.28827,4.66017,0.00576,0.1573,0.00293,0.11538,159.88,backup,17.77067,4.77335,-57.74709,6.61905,12.03462,1.21604,0.0259,0.0931,0.07995,0.08866,0.07543,0.27814,0.64018,-0.00366,0.02529,-0.00124,0.03086,-0.00492,0.02239
1605188299680752768,4906.46569,2.73158,4.84146,0.00672,0.10607,0.00378,0.08754,126.2,backup,218.24718,52.65247,58.24026,4.54385,12.99018,1.23478,0.02078,0.06088,0.08235,0.01627,0.02054,0.34134,0.7762,0.00733,0.04314,-0.01523,-0.00815,-0.01377,-0.00483
2512323531904731136,4907.32082,2.9756,4.88329,0.00744,0.02077,0.0041,0.13139,125.93,backup,26.57532,2.63374,-57.43087,4.36297,13.12044,1.2353,0.03655,0.09531,0.08819,0.04205,0.05387,0.38343,0.78674,-0.00273,0.03284,-0.02042,-0.00346,-0.01589,0.00584
1056591852084100096,4907.61533,2.92989,4.91969,0.00775,-0.13501,0.00371,0.12134,143.35,backup,172.15152,65.51352,49.4661,4.65734,13.08806,1.22772,0.01746,0.05768,0.03878,-0.00771,0.02438,0.30273,0.72896,-0.00572,0.01081,-0.01979,-0.02308,-0.01008,0.00031
1569198707123845376,4908.4647,3.0394,5.05908,0.0093,-0.30207,0.00467,0.13161,133.66,backup,189.80524,53.16545,63.86405,5.6085,12.87655,1.24673,0.02357,0.06364,,,0.03869,0.37044,0.72212,,,,,-0.00924,0.00436
3654178241524135168,4910.06284,1.96212,4.89399,0.00488,0.05746,0.00266,0.11547,176.1,backup,216.89705,0.8445,55.02871,4.8863,12.90786,1.25737,0.06253,0.09522,0.13885,,0.08567,0.65668,0.73858,0.02865,0.04002,,,-0.00627,0.00075
1579578406126468608,4910.96061,2.70229,5.19368,0.00794,-0.45357,0.00416,0.11609,147.85,backup,194.91857,61.13918,55.96066,4.278,13.40141,1.23555,0.02355,0.06518,0.11421,0.0537,0.04747,0.36125,0.78767,0.01771,0.06641,-0.00415,0.01875,-0.0064,0.01385
3667865997354380928,4911.26842,3.24086,5.03962,0.00969,-0.91571,0.00429,0.33365,144.04,backup,214.51332,3.66116,58.71677,5.95204,12.92901,1.18543,0.05003,0.0859,0.09729,0.15431,0.11094,0.58243,0.68294,0.00664,0.01641,0.03985,0.05536,0.01459,0.02574
1504945858936032640,4911.88721,3.01906,4.89086,0.0085,-0.26091,0.00392,0.20881,143.93,backup,215.57165,44.74237,64.70201,4.33923,13.22296,1.21401,0.02744,0.06234,0.0515,0.05352,0.02585,0.44025,0.81116,-0.00477,0.01433,-0.00388,0.01597,-0.01606,-0.00647
3655771124635018112,4914.38067,2.29205,4.8837,0.00557,0.12678,0.00306,0.03044,156.26,backup,220.95995,3.19506,54.02497,6.49804,12.3586,1.26328,0.06845,0.11243,0.11163,0.10799,0.08975,0.60884,0.63077,-0.00049,0.00196,-0.0027,-0.00034,-0.01381,-0.01184
1571135118898692608,4919.12859,2.55478,4.98928,0.00672,-0.01959,0.0037,0.11622,139.75,backup,188.45129,55.07812,61.86645,5.85197,12.7029,1.27237,0.02268,0.06124,0.05994,,0.04162,0.37029,0.70047,-0.00048,0.01931,,,-0.00727,0.00648
4423987465033678848,4919.68297,2.68882,4.91295,0.00645,0.26788,0.00368,-0.01825,125.94,backup,234.66274,2.31553,42.94627,4.29355,13.19049,1.28202,0.11318,0.15621,0.15883,0.15274,0.15239,0.72455,0.71902,0.0019,0.00102,-0.00251,-0.00336,-0.00276,-0.00361
1503205675627373952,4922.81936,2.78699,5.09474,0.00867,-0.3122,0.00449,0.16399,132.89,backup,205.36793,44.63094,69.82931,8.18031,12.05079,1.24212,0.0231,0.06951,0.09763,0.09954,0.05067,0.33237,0.60068,0.00935,0.03554,0.00998,0.03669,-0.00626,0.00733
1278293116102310912,4923.16003,3.41538,4.92917,0.00989,-0.58105,0.00463,0.29845,144.6,backup,228.70137,33.0726,58.58306,4.29602,13.3091,1.18024,0.04513,0.07606,0.09413,0.06284,0.04715,0.5933,0.79591,0.01072,0.02979,-0.00785,0.00488,-0.01715,-0.0076
1575438435610419456,4924.00698,2.34941,4.89347,0.006,-0.03336,0.00377,0.07932,155.17,backup,181.17987,57.04402,58.95196,4.34496,12.31814,1.22159,0.02234,0.06288,0.13926,,0.04695,0.35519,0.7935,0.02713,0.08817,,,-0.00566,0.01492
1207501025587749120,4924.40301,2.05155,4.84914,0.00489,0.42746,0.00313,-0.00431,130.11,backup,230.60908,16.61164,53.58096,5.74848,12.45944,1.27044,0.06579,0.10694,0.08571,0.09243,0.089,0.61522,0.67368,-0.01306,-0.00805,-0.00893,-0.00352,-0.01104,-0.00583
4418907888815182464,4925.64402,2.32467,4.79277,0.00537,0.39693,0.003,-0.05265,154.97,backup,228.35677,-0.14769,46.33589,4.0728,13.16555,1.27646,0.13667,0.16786,0.13291,0.18046,0.13669,0.81418,0.75851,-0.02846,-0.03586,0.01026,0.00021,-0.02538,-0.03299
4033332770390235008,4925.75183,2.95346,4.88267,0.00728,-0.00703,0.00365,0.08455,141.36,backup,178.97598,37.07434,74.62823,4.16918,13.29453,1.23717,0.02543,0.07697,,,0.05764,0.33046,0.84279,,,,,-0.00639,0.02314
3653564409093594752,4925.9756,1.81364,4.96336,0.00441,0.17032,0.00244,0.06398,184.17,backup,214.93279,-0.94683,54.79631,7.24703,12.15276,1.28458,0.07009,0.11419,0.11664,0.13856,0.14665,0.61382,0.59425,0.00151,-0.00078,0.01496,0.01225,0.01993,0.01705
1222544887278056832,4927.24469,2.94497,4.95263,0.00813,-0.23026,0.00382,0.12033,144.32,backup,232.46982,26.06304,54.71251,4.48526,13.29544,1.26887,0.12829,0.16387,0.20962,0.16839,0.14199,0.78286,0.76681,0.03582,0.03245,0.00354,0.00084,-0.01713,-0.01941
3680890636003190656,4928.7351,3.33212,5.05114,0.00949,-0.34066,0.00416,0.12805,140.78,backup,186.74502,-4.87369,57.45672,7.70864,12.20086,1.23378,0.03293,0.10233,0.14004,0.0684,0.12837,0.32177,0.58307,0.01213,0.04873,-0.01092,0.00695,0.00838,0.04192
1073550272754532864,4929.09921,2.67596,4.95901,0.00664,0.02863,0.00337,0.09544,151.88,backup,160.68159,69.56421,43.65394,4.79363,13.06296,1.25446,0.01508,0.12187,0.14952,,0.05273,0.12371,0.68401,0.00342,0.0872,,,-0.00855,0.02099
841882245069286272,4929.79775,2.68007,4.85308,0.00663,0.04389,0.00395,0.09744,125.07,backup,179.3312,56.37405,59.18856,5.09539,12.76533,1.21669,0.02081,0.05942,,,0.04463,0.35024,0.74036,,,,,-0.00518,0.01223
3657099987516402048,4930.04268,2.87174,5.05709,0.00792,-0.12843,0.0037,0.13592,147.19,backup,209.12274,-3.83128,55.28527,5.81337,12.78551,1.26783,0.06516,0.09752,0.06914,0.04687,0.10252,0.66815,0.67735,-0.01896,-0.01833,-0.03384,-0.03341,0.00334,0.00428
1689149137880865280,4930.13154,2.76572,4.99,0.00688,0.02392,0.00316,0.09162,156.59,backup,189.18321,70.39503,46.68187,6.7743,12.29032,1.24783,0.0236,0.06558,0.0708,,0.04239,0.35995,0.5765,0.00188,0.01721,,,-0.00835,0.00083
5186336046879386624,4930.85253,2.23725,4.98677,0.00585,-0.02458,0.00301,0.10947,168.99,backup,44.81297,-3.35775,-51.3106,5.92664,12.5775,1.2397,0.02807,0.21595,0.19786,,0.19951,0.12999,0.65132,-0.00235,0.1008,,,-0.00214,0.10187
1290930937112003456,4931.04053,3.52696,5.04305,0.00986,-0.30098,0.00435,0.13495,141.73,backup,229.06862,35.0535,58.18334,4.09445,13.51842,1.25067,0.03922,0.07091,0.07668,0.00577,0.05041,0.55306,0.80991,0.00319,0.02289,-0.03603,-0.03455,-0.01134,0.00161
1488745414094448128,4933.14152,2.37335,4.91323,0.00576,0.07059,0.00301,0.04416,167.33,backup,221.29806,39.85208,63.25199,6.13,12.42514,1.23762,0.02973,0.06632,0.0123,-0.00985,0.0271,0.44825,0.6882,-0.02421,-0.02126,-0.03414,-0.03651,-0.01758,-0.01108
4423069785141105152,4933.69896,3.50598,4.89974,0.00927,-0.19285,0.00419,0.12787,128.98,backup,236.29834,1.99541,41.43066,4.6165,13.21523,1.2836,0.21851,0.27489,,,0.24532,0.79492,0.68231,,,,,-0.0235,-0.05113
3586710219476097536,4934.04885,2.95569,4.79897,0.00716,0.14444,0.00371,0.02176,135.37,backup,175.14697,-11.0535,48.12877,4.76318,12.87733,1.22492,0.03849,0.07226,,,,0.53274,0.71369,,,,,,
1504496399198929024,4934.09686,1.99064,4.85439,0.00493,0.09445,0.00294,0.07385,166.0,backup,213.02529,43.02316,67.2025,5.96441,12.42111,1.22091,0.02475,0.0609,0.0405,0.01626,0.02762,0.40649,0.7096,-0.00829,0.00398,-0.01814,-0.01321,-0.01353,-0.00516
1061818208808460544,4934.43577,3.77621,4.94869,0.01034,-0.26656,0.00465,0.14292,125.08,backup,168.04697,68.70068,45.91218,4.10271,13.35951,1.19865,0.0182,0.07058,,,0.03771,0.25781,0.75355,,,,,-0.00847,0.01022
854125581922734592,4935.63395,2.36841,4.78169,0.00572,0.38162,0.0031,0.03216,129.51,backup,161.20449,57.11449,52.58469,4.05611,13.07894,1.2247,0.01745,0.04818,0.10357,,0.0163,0.36209,0.79123,0.02006,0.06451,,,-0.01154,-0.00455
1675444859311883264,4936.63036,2.65604,5.05979,0.00709,-0.11521,0.0039,0.04872,156.58,backup,197.28972,61.25383,55.74403,4.42838,13.09312,1.21693,0.02348,0.06708,0.19316,0.07981,0.04895,0.34997,0.77534,0.04412,0.12629,0.00445,0.0384,-0.00634,0.01448
3790170757385769088,4936.87637,3.03615,5.0206,0.00784,-0.03444,0.00379,0.09569,140.65,backup,167.98067,-3.46528,51.1106,6.82945,12.33409,1.26168,0.03502,0.1278,0.26873,0.14,0.14184,0.27401,0.59819,0.03861,0.12573,0.00334,0.04873,0.00385,0.04983
1680642078977859968,4937.69705,3.01308,4.92405,0.00739,-0.00292,0.00353,0.08968,149.13,backup,188.55888,66.52224,50.51597,4.45789,13.09511,1.2262,0.02185,0.05929,0.07818,0.00605,0.04198,0.36844,0.74969,0.00696,0.03677,-0.01962,-0.01731,-0.00638,0.00963
3589526206192599552,4938.13765,2.86543,4.87987,0.00741,-0.11564,0.00337,0.12615,159.61,backup,172.38311,-11.05527,46.95734,4.44597,13.17025,1.21954,0.04542,0.09132,,,,0.4974,0.73154,,,,,,
1681584566601185664,4938.15441,2.88824,4.77103,0.007,0.06463,0.00359,0.0729,150.09,backup,184.95509,67.03162,49.80282,4.26541,13.05788,1.20526,0.02437,0.06578,0.13156,0.08369,0.0472,0.37044,0.76131,0.02437,0.07579,0.00664,0.03935,-0.00688,0.01156
1059291187489976576,4939.25006,2.44088,4.9171,0.00593,0.05029,0.00306,0.08335,167.65,backup,164.35584,66.69714,46.73433,5.49893,12.61986,1.22541,0.01529,0.07776,0.10386,0.07552,0.04415,0.19663,0.65333,0.00513,0.05256,-0.00044,0.03405,-0.00661,0.01355
1154710341306562944,4940.12565,3.28387,4.92636,0.00922,-0.76639,0.00417,0.29542,167.86,backup,224.76598,3.15744,51.2139,5.35809,12.96641,1.17414,0.09439,0.14295,0.14746,0.10374,0.13652,0.66033,0.68771,0.00298,0.00702,-0.02589,-0.02305,-0.00424,-0.0005
1679264420972375296,4940.32367,2.46843,5.11861,0.00711,-0.3946,0.0037,0.14288,162.01,backup,192.44351,67.49929,49.62816,5.06297,12.38137,1.23189,0.0206,0.05684,0.05541,0.01428,0.05244,0.36244,0.69995,-0.00052,0.01818,-0.01543,-0.01061,-0.00159,0.01611
794374924615554048,4941.72219,2.49732,4.7986,0.00609,0.36503,0.00336,0.0509,125.25,backup,146.75941,33.64438,50.02975,4.89441,12.68386,1.22086,0.01966,0.04909,,,0.03365,0.40036,0.71426,,,,,-0.00618,0.00438
1153326988175147008,4942.31337,2.79568,4.91412,0.00777,-0.24464,0.00338,0.14655,173.39,backup,224.15946,1.41437,50.48712,5.41489,12.85091,1.24132,0.103,0.14686,0.12025,0.12622,0.12178,0.7014,0.68012,-0.01866,-0.02122,-0.01447,-0.01716,-0.01759,-0.02018
1277097019250771584,4943.58812,2.04593,4.91411,0.0057,-0.26308,0.00263,0.2145,191.12,backup,230.4921,31.32646,57.04961,7.56572,11.95916,1.19628,0.04174,0.07536,0.01935,0.10462,0.05694,0.55388,0.58824,-0.03102,-0.03036,0.01621,0.01981,-0.0102,-0.00824
841591351228236288,4943.87265,2.2863,4.87579,0.00569,0.09179,0.00342,0.12609,142.8,backup,176.08284,55.60178,59.05232,6.56548,12.18668,1.22299,0.01993,0.05358,,,0.02936,0.37208,0.64832,,,,,-0.00901,-0.0009
860122107886561920,4944.14427,2.63918,5.04649,0.00736,-0.43649,0.00373,0.17941,153.53,backup,177.77149,62.47764,53.26994,7.74942,12.07844,1.18796,0.01997,0.08367,0.12143,0.02492,0.04414,0.23867,0.56281,0.00901,0.04837,-0.01402,-0.00594,-0.00943,0.00488
1570016709414710272,4944.89643,2.39547,4.88266,0.00568,0.20296,0.00337,0.04915,133.96,backup,191.28262,53.53115,63.5713,4.70172,12.85711,1.2216,0.02332,0.06222,0.04869,-0.01576,0.03441,0.37475,0.78209,-0.00507,0.01476,-0.02922,-0.03564,-0.01042,0.00359
1558687410322447744,4945.76502,3.07305,4.8977,0.00756,-0.09776,0.00351,0.10442,154.97,backup,204.59961,50.06181,65.36825,4.42818,13.16376,1.2175,0.02276,0.06081,0.01994,,0.03868,0.37437,0.80645,-0.0153,-0.00669,,,-0.00828,0.00843
1187357972566215808,4949.04512,2.44627,4.79164,0.00603,0.12518,0.00365,0.15535,132.82,backup,225.87741,16.45244,57.65514,4.44779,12.96332,1.22087,0.03114,0.06931,0.04778,0.07216,0.08262,0.44931,0.78119,-0.00967,0.00619,0.00128,0.02523,0.00598,0.0334
857411536845540480,4949.45594,2.68712,5.07505,0.00774,-0.77827,0.00364,0.38658,173.62,backup,168.84175,57.96461,54.8613,6.56472,12.54693,1.16917,0.02013,0.05199,,,0.03191,0.38713,0.63085,,,,,-0.00778,0.0
1471845233180902528,4949.47425,3.09133,4.93892,0.00783,-0.03801,0.00406,0.09448,127.22,backup,203.40478,35.33892,77.81953,4.59913,13.03432,1.22142,0.02939,0.06406,0.02939,0.09133,0.03673,0.45873,0.81737,-0.01591,-0.00537,0.01251,0.04527,-0.01254,0.00064
3573898022794558848,4950.00738,2.30689,4.91914,0.00561,0.15815,0.00306,0.05644,151.88,backup,179.3926,-13.63171,47.19498,6.92832,12.17726,1.25579,0.09654,0.15047,,,,0.6416,0.57137,,,,,,
1056420701931580672,4950.05569,3.10093,4.95691,0.00774,-0.02846,0.00377,0.07708,143.32,backup,171.51568,64.83499,49.92436,4.13301,13.30785,1.22341,0.01779,0.05828,,,0.03333,0.30519,0.77262,,,,,-0.00762,0.00796
1524429239340312192,4950.63463,3.30725,4.94641,0.00918,-0.2686,0.00424,0.18822,131.8,backup,196.40144,41.17147,75.65774,5.14791,12.8301,1.19068,0.02526,0.05982,0.07635,0.04189,0.05007,0.42219,0.77811,0.00698,0.03416,-0.00757,0.00734,-0.00412,0.01371
1316937135887713664,4951.113,3.20167,4.90544,0.00815,-0.069,0.00413,0.10478,124.62,backup,242.77306,28.64447,46.18229,4.24868,13.20486,1.22712,0.07811,0.14312,0.12994,0.13696,0.11209,0.54573,0.74299,-0.00719,0.01844,-0.00336,0.02365,-0.01694,0.00517
3620881151080162560,4951.36628,2.05812,4.81661,0.00526,0.06222,0.00307,0.17989,168.47,backup,207.8764,-5.10864,54.64445,5.7774,12.38936,1.21741,0.04976,0.08357,0.05999,0.09141,0.06944,0.59543,0.67675,-0.01404,-0.00917,0.00467,0.0121,-0.00842,-0.00277
3566063555768708480,4951.37503,2.52796,4.96375,0.00696,-0.39505,0.0031,0.20959,195.57,backup,166.91822,-11.96212,43.50572,6.86106,12.28688,1.19022,0.02362,0.12752,,,,0.18526,0.55189,,,,,,
3634399406025496704,4952.18974,2.51143,4.8461,0.00609,-0.08436,0.0031,0.08379,173.36,backup,205.35447,-2.57041,57.94995,6.79742,12.15134,1.23527,0.08956,0.12251,0.10874,0.12672,0.1088,0.73102,0.63121,-0.01007,-0.02092,0.00307,-0.00957,-0.01003,-0.02089
4418862744415151360,4952.3643,3.42172,4.87023,0.00966,-0.31583,0.00406,0.28741,145.48,backup,229.63612,0.25565,45.63387,4.01293,13.38519,1.22215,0.15301,0.18397,0.15082,0.18581,0.16572,0.83171,0.75953,-0.02757,-0.03846,0.00152,-0.01189,-0.01518,-0.02715
3587462800825575808,4952.46084,3.2024,4.97552,0.00845,-0.15385,0.00373,0.13196,143.56,backup,176.93468,-10.67093,49.16528,5.53298,12.75631,1.23726,0.03882,0.07215,,,,0.5381,0.66511,,,,,,
1316335561292222720,4953.95816,2.82293,5.11083,0.0078,-0.09227,0.00406,0.09311,134.04,backup,241.00989,26.82776,47.363,7.449,12.21825,1.28076,0.08128,0.17005,0.14139,0.14066,0.12237,0.47795,0.54619,-0.0137,-0.00405,-0.01405,-0.00445,-0.02279,-0.01444
1278585448756580992,4954.526,3.01659,4.96944,0.00755,-0.07857,0.00349,0.08074,152.51,backup,230.58571,33.87085,56.99264,5.14394,12.90153,1.2506,0.04561,0.07837,0.11706,0.06786,0.07091,0.58205,0.72861,0.02252,0.03968,-0.00612,0.00383,-0.00434,0.00605
3636015928636801792,4954.78843,6.22475,4.88778,0.01947,-1.86334,0.0068,0.50687,126.58,backup,198.60951,-4.09462,58.28689,9.02117,12.52714,1.19338,0.01627,0.06608,0.05349,0.08117,0.09338,0.2463,0.52971,-0.0031,0.01206,0.00372,0.02672,0.00672,0.03319
1265311182312451328,4954.86243,3.22301,4.97107,0.00819,-0.11018,0.00401,0.09016,134.45,backup,226.89976,25.89982,59.60788,4.32155,13.21621,1.24433,0.11459,0.14441,0.13091,0.15443,0.11552,0.79348,0.79746,-0.01071,-0.01019,0.00795,0.00857,-0.02292,-0.02246
3693421671241841408,4955.59049,3.41339,4.86083,0.0087,-0.21381,0.00377,0.12095,140.64,backup,186.18333,-2.97269,59.21752,4.90192,12.91407,1.19733,0.0427,0.08562,0.09827,0.09358,0.0892,0.49866,0.75392,0.00631,0.03139,0.00397,0.02786,0.00178,0.02455
4415628835903999104,4956.64453,3.41701,4.81151,0.00935,-0.41414,0.00394,0.30641,146.72,backup,229.70725,-0.8351,44.86794,4.3172,13.25326,1.22524,0.18144,0.21391,0.2205,0.22044,0.16607,0.84818,0.72945,0.00559,-0.02059,0.00554,-0.02063,-0.04058,-0.0603
3570397001675716864,4957.15069,2.52384,4.99277,0.00622,0.04116,0.00293,0.09321,168.48,backup,182.10102,-14.7154,46.87278,7.41942,12.08498,1.26701,0.07212,0.16267,,,,0.44337,0.54477,,,,,,
1318056335645260416,4957.22524,2.34246,4.89963,0.0056,0.19097,0.00328,0.05553,128.22,backup,247.16641,29.9944,42.66174,6.95309,12.0576,1.22562,0.03001,0.07621,0.1166,0.0532,0.06085,0.39378,0.54146,0.01591,0.03312,-0.00906,-0.0012,-0.00605,0.00294
863977446625450752,4957.40163,3.16369,4.98461,0.00788,-0.00297,0.00382,0.08529,138.71,backup,171.71524,63.94996,50.73174,4.25514,13.21993,1.22069,0.01838,0.06441,,,0.02549,0.28528,0.76673,,,,,-0.0111,0.00117
3829769595645065600,4958.0746,3.11614,5.0711,0.00865,-0.21978,0.00392,0.14985,139.55,backup,151.77729,-2.09153,40.82537,6.34814,12.46742,1.23482,0.05778,0.14548,0.09436,0.08046,0.11907,0.39718,0.56127,-0.0203,-0.00482,-0.02583,-0.01262,-0.01049,0.00905
1247480608403006080,4958.15305,3.14682,4.96586,0.00838,-0.10331,0.00413,0.12294,127.16,backup,210.72299,21.58843,72.82995,4.47692,13.12914,1.23464,0.03982,0.09595,0.05435,0.0741,0.06009,0.41505,0.81865,-0.01726,0.00467,-0.00907,0.02084,-0.01489,0.00937
1675867209216280832,4958.17211,2.26215,4.93557,0.00573,-0.0136,0.00314,0.10642,168.53,backup,195.71133,62.75432,54.32432,4.6205,12.96755,1.21258,0.0223,0.06154,0.10334,0.05323,0.04104,0.36234,0.755,0.01515,0.05572,-0.00301,0.01789,-0.00743,0.00869
2576596338804343936,4958.99304,3.21429,4.93776,0.00871,-0.33771,0.0039,0.15136,152.55,backup,17.12211,6.81763,-55.80412,6.09875,12.46602,1.17699,0.02872,0.1124,0.0698,,0.07861,0.25556,0.66209,-0.01089,0.01749,,,-0.00864,0.02332
3575533374541519488,4961.9558,4.09664,4.99692,0.01084,-0.46609,0.00501,0.16762,125.46,backup,180.41961,-10.73112,50.2633,4.92107,13.12564,1.20445,0.0814,0.13326,,,,0.61081,0.71353,,,,,,
1316911503522896128,4963.98182,3.40342,5.0711,0.00948,-0.36433,0.00462,0.15203,124.99,backup,242.49912,28.40132,46.37454,5.02259,13.03218,1.22455,0.07671,0.14211,0.17926,0.13811,0.11866,0.53981,0.6843,0.02006,0.04596,-0.00216,0.0178,-0.01266,0.00449
1277120413935081088,4964.26283,2.55193,5.03552,0.00694,-0.15953,0.00325,0.1374,154.48,backup,230.24853,31.60051,57.26757,6.73261,12.27184,1.22371,0.04553,0.07766,0.07777,0.13886,0.05893,0.58626,0.63196,7e-05,0.00362,0.03588,0.04222,-0.01098,-0.00828
1565391441953736576,4964.51144,2.46283,4.94649,0.0058,0.27239,0.00324,0.07125,129.8,backup,200.50248,56.06842,60.54148,4.84106,12.7526,1.23166,0.02314,0.06582,,,0.03285,0.3515,0.76281,,,,,-0.01159,0.00192
3680946921550671232,4964.8849,3.61699,4.94659,0.00998,-0.2793,0.00433,0.13677,133.33,backup,185.99985,-4.65746,57.53018,4.76225,13.11507,1.20491,0.04494,0.09652,0.08532,0.09591,0.12472,0.46561,0.75763,-0.00521,0.0197,-0.00029,0.02772,0.01313,0.04955
1576591372335706368,4965.12112,2.56046,4.89572,0.00643,0.06063,0.00383,0.09561,130.01,backup,193.324,55.87634,61.24996,6.93908,12.05011,1.20444,0.02028,0.06083,,0.18222,0.02789,0.33337,0.63606,,,0.04047,0.09563,-0.01098,-0.00254
1507037198771793408,4965.95972,2.30727,5.01677,0.0062,-0.13543,0.00298,0.12315,174.23,backup,217.05544,46.92481,62.56116,6.7295,12.2963,1.22316,0.0279,0.07563,0.08658,0.06782,0.04628,0.36894,0.65183,0.00404,0.02853,-0.00288,0.0163,-0.01083,0.00226
4421422613641954560,4966.25932,2.09127,4.89271,0.0055,-0.13283,0.00256,0.19165,196.85,backup,229.29648,1.47002,46.67444,7.3115,12.01625,1.22182,0.07875,0.12681,0.12521,0.16485,0.12379,0.621,0.54886,-0.00099,-0.01003,0.02362,0.01173,-0.00187,-0.0108
1072648123464146304,4968.14162,2.81204,4.91659,0.0079,-0.30794,0.00358,0.28814,147.38,backup,165.33154,69.56299,44.65719,4.89356,12.85355,1.16848,0.01595,0.07692,0.03641,0.07315,0.04735,0.20731,0.68306,-0.0084,0.00892,-0.00078,0.03402,-0.00613,0.01639
3683414805462725376,4969.81429,2.24489,4.89035,0.00523,0.40381,0.00287,0.00987,140.29,backup,191.2235,-1.91116,60.91782,6.62234,12.01265,1.22815,0.04123,0.08096,0.06269,0.07755,0.08172,0.50926,0.65206,-0.00931,-0.00036,-0.00174,0.00934,0.00039,0.01206
3694400678972095232,4969.94448,3.68066,5.0477,0.00989,-0.20097,0.0045,0.13142,124.33,backup,183.75833,-2.49035,59.10846,6.19847,12.55496,1.23408,0.03814,0.07866,0.05958,0.08786,0.08398,0.4848,0.66963,-0.00925,0.00176,0.00446,0.0207,0.00258,0.0181
1580284120792752896,4970.24422,2.49781,4.9498,0.00598,0.12363,0.00331,0.06072,146.6,backup,192.34517,61.12821,55.99827,4.38908,13.09708,1.23556,0.02237,0.05936,0.09181,0.03676,0.02801,0.37682,0.77932,0.01223,0.04918,-0.00852,0.00628,-0.01181,-0.00054
3794840001016349568,4970.25526,2.59523,4.82077,0.00612,0.21214,0.00319,0.03383,150.54,backup,177.32554,-0.14372,58.90721,5.6359,12.36481,1.20558,0.0383,0.08223,,,0.0697,0.46578,0.70345,,,,,-0.00584,0.01073
3685646852722255232,4970.28601,3.4925,5.05516,0.0091,-0.13322,0.00412,0.10079,131.26,backup,196.95897,-2.1238,60.48224,7.59298,12.08955,1.22774,0.02587,0.0678,0.00899,0.05316,0.06327,0.38155,0.60022,-0.02244,-0.02047,-0.00559,0.00604,-0.00173,0.01211
863900858768665088,4970.72585,3.30091,5.0489,0.00875,-0.16886,0.00393,0.12696,139.38,backup,171.28897,63.3412,51.15641,4.43172,13.18074,1.20613,0.01824,0.05975,,,0.0257,0.30521,0.75487,,,,,-0.01039,0.00116
3587150848760704512,4971.44641,2.95145,4.82962,0.00669,0.18575,0.00347,-0.02957,146.4,backup,177.24479,-11.49502,48.51071,4.76534,12.88517,1.22418,0.05866,0.08981,,,,0.65313,0.71565,,,,,,
3636325750397456768,4972.01708,3.91292,4.9351,0.01022,-0.22695,0.00441,0.1335,131.36,backup,199.91145,-3.61605,58.51074,5.65744,12.67179,1.20787,0.0322,0.06231,0.10172,0.06537,0.10369,0.51675,0.70056,0.02036,0.03906,0.00158,0.0136,0.02139,0.04045
864049361558280064,4972.46542,2.09673,4.8414,0.00467,0.45104,0.00259,-0.05743,154.82,backup,174.22991,64.24769,50.99749,4.79631,12.63978,1.19872,0.0198,0.11787,0.19817,0.17509,0.12371,0.16795,0.72643,0.01349,0.12416,0.00961,0.1074,0.00098,0.07007
4417511582063423232,4972.53561,3.19337,5.07992,0.00856,-0.03991,0.00423,0.1069,125.07,backup,233.74844,0.5321,42.61109,5.47497,12.85856,1.30067,0.15208,0.20093,0.22726,0.2079,0.19688,0.75689,0.62815,0.01993,-0.00933,0.00527,-0.02149,-0.00307,-0.02842
3693440637817407616,4974.46683,3.74664,4.93292,0.00967,-0.19828,0.00419,0.12302,129.69,backup,185.9468,-2.83416,59.30441,4.61423,13.04853,1.20281,0.04351,0.08461,0.08828,0.06325,0.0896,0.51425,0.77482,0.00188,0.02489,-0.01099,0.00549,0.00256,0.02591
3644977012826947968,4975.55428,2.70185,4.90973,0.00652,0.16462,0.0035,0.07889,132.39,backup,209.65605,-4.40776,54.53343,4.56268,12.92037,1.23218,0.05986,0.09108,0.07477,0.0827,0.09338,0.65722,0.76022,-0.01071,-0.00301,-0.0055,0.00301,0.00151,0.01113
854008105977341568,4976.00792,2.41162,4.9836,0.00573,0.14764,0.00312,0.06292,150.17,backup,161.10324,56.32061,53.04442,5.99033,12.4091,1.22409,0.0154,0.04761,0.11358,,0.01757,0.3235,0.65603,0.02134,0.05911,,,-0.00972,-0.00388
3668177124785364736,4977.1074,1.938,4.89444,0.00478,0.11321,0.00268,0.11272,183.86,backup,213.87428,4.66892,59.9001,6.83049,12.02975,1.21903,0.04353,0.08296,0.03302,0.0851,0.0823,0.52472,0.63697,-0.02621,-0.0225,0.00112,0.01068,-0.00035,0.00889
1494461225291548672,4977.61067,2.07056,4.9112,0.00504,0.11292,0.00273,0.07932,175.82,backup,216.66975,45.16901,63.82252,6.22953,12.205,1.19775,0.02681,0.06544,0.03739,0.0497,0.03203,0.40966,0.68415,-0.01149,-0.00123,-0.00645,0.0072,-0.01369,-0.0049
2560443757078239488,4977.99555,2.79996,5.03059,0.00768,-0.29446,0.00354,0.16895,157.4,backup,26.02512,3.15817,-57.1568,4.34397,12.52585,1.19862,0.03716,0.10051,0.01491,0.03404,0.07913,0.36977,0.78717,-0.03165,-0.02543,-0.02458,-0.01037,-0.00791,0.02512
1679799814415622272,4978.14389,2.28894,5.07278,0.00607,-0.05428,0.003,0.10082,172.75,backup,193.01725,68.75395,48.37419,7.16199,12.21081,1.23928,0.02105,0.0591,0.07181,0.01619,0.05222,0.35617,0.56611,0.00453,0.0196,-0.01528,-0.01188,-0.00245,0.00851
1692147506090045568,4979.68118,4.27954,4.9115,0.01111,-0.56027,0.00514,0.20311,126.82,backup,192.12537,76.1691,40.95783,4.10231,13.34707,1.14204,0.01921,0.08887,0.15886,0.08129,0.07304,0.21615,0.72149,0.01513,0.09541,-0.00164,0.03944,-0.00342,0.03349
844422323088071168,4982.0286,2.41382,4.87671,0.00551,0.25266,0.003,0.00049,149.96,backup,171.55841,57.24673,56.31459,4.43875,12.88177,1.1896,0.02299,0.05365,0.09965,0.07611,0.03746,0.42858,0.7768,0.01971,0.05441,0.00962,0.03612,-0.00694,0.0061
1321576555264091136,4982.55545,1.73073,4.85011,0.00369,0.45543,0.00224,-0.05819,183.37,backup,238.93215,31.48393,49.87798,5.63561,12.33827,1.20698,0.05327,0.09134,0.06929,0.09616,0.06697,0.58319,0.66226,-0.01286,-0.00738,0.00281,0.01042,-0.01421,-0.00892
845943974165220096,4982.88153,2.30686,4.93559,0.00584,-0.01916,0.00295,0.11047,167.71,backup,172.95213,57.61269,56.43724,5.56011,12.52513,1.18757,0.02257,0.0553,,,0.03879,0.4082,0.69849,,,,,-0.00674,0.00452
1318103649004937600,4983.07463,2.76254,4.85647,0.00675,0.19673,0.00366,0.11567,128.45,backup,246.43307,30.05058,43.29634,4.2041,12.97574,1.20384,0.03399,0.07672,0.03446,0.03262,0.07125,0.44305,0.72882,-0.01872,-0.00888,-0.01954,-0.01022,-0.00242,0.01794
844626106400267904,4984.40309,3.02786,5.01805,0.00821,-0.23888,0.00384,0.12251,138.82,backup,175.56843,56.00436,58.55893,5.35325,12.72658,1.18058,0.02117,0.05415,0.1039,0.1013,0.02832,0.39091,0.72057,0.01945,0.0537,0.01843,0.05182,-0.0101,-0.00077
3660087983380098304,4984.87548,2.70951,4.90578,0.00693,-0.06086,0.00311,0.12303,168.04,backup,212.0606,0.21809,57.37397,4.67876,12.93834,1.20892,0.06339,0.10095,0.09785,0.11601,0.1228,0.62789,0.76308,-0.00195,0.01128,0.00946,0.02514,0.01372,0.03032
5184750035715842048,4986.10999,1.66882,4.84217,0.00401,0.28619,0.00214,0.06797,198.72,backup,43.82315,-3.80482,-52.34797,5.91929,12.27606,1.21481,0.02592,0.142,0.13084,0.10082,0.13287,0.18252,0.65701,-0.00204,0.06005,-0.00752,0.04032,-0.00167,0.06138
3957177296515754752,4986.23237,2.49243,4.8881,0.00577,0.25628,0.00323,0.06992,133.31,backup,196.34258,24.74968,86.0674,5.19285,12.53289,1.20538,0.02492,0.05729,-0.00715,0.02441,0.0416,0.43495,0.78496,-0.02803,-0.03053,-0.0143,-0.00575,-0.00682,0.00774
3596726701685283328,4987.48226,2.68583,5.0005,0.00757,-0.41246,0.00384,0.26026,146.24,backup,184.6505,-5.48386,56.43523,4.43873,12.45178,1.18236,0.04065,0.09439,0.0798,0.04659,0.09353,0.43061,0.77727,-0.00628,0.02138,-0.02058,-0.00443,-0.00037,0.03205
1524134948180999552,4987.71953,2.87061,4.85259,0.00745,-0.03864,0.00377,0.17375,137.21,backup,197.12961,40.12894,76.52665,4.85191,12.76469,1.18727,0.02479,0.05618,0.06452,0.09491,0.0405,0.44133,0.7988,0.00368,0.02675,0.01709,0.05102,-0.00692,0.00756
1315997431403320064,4988.87156,2.35793,4.9844,0.00642,-0.13213,0.00322,0.14476,150.25,backup,242.18636,27.44786,46.46301,7.15792,12.13363,1.22369,0.0709,0.14217,0.14662,0.11061,0.10583,0.4987,0.55524,0.00222,0.01051,-0.01574,-0.00949,-0.01812,-0.01214
1370469436466486912,4990.42867,3.20267,5.06166,0.0086,-0.18944,0.0041,0.12331,125.79,backup,235.68875,32.9827,52.72523,5.83473,12.56616,1.22148,0.06861,0.10405,0.09195,0.1063,0.0763,0.65938,0.66413,-0.00798,-0.00754,0.00149,0.00199,-0.0183,-0.01793
1059750366738523904,4992.08331,2.22531,4.9777,0.00543,0.06028,0.0027,0.08909,190.99,backup,162.04385,67.01478,45.91027,6.874,12.03274,1.19931,0.01404,0.06595,0.08984,0.1577,0.03732,0.21287,0.56652,0.00509,0.03686,0.01953,0.0753,-0.00609,0.0071
1274506226257712384,4992.31847,3.08059,4.88405,0.00695,0.22659,0.00368,0.00342,130.51,backup,233.25009,32.45121,54.75372,4.32155,12.9312,1.19789,0.05156,0.08442,0.07934,0.05214,0.06166,0.61079,0.77949,-0.0031,0.01028,-0.01972,-0.01092,-0.0139,-0.0035
854157639558887296,4993.22003,2.99641,5.02377,0.00773,-0.07369,0.00363,0.10131,138.83,backup,162.19949,57.07987,53.01879,5.23423,12.77027,1.2088,0.0166,0.04784,0.02767,,0.01646,0.34688,0.70505,-0.007,0.00291,,,-0.01089,-0.00499
1663340645039453568,4993.51114,2.37602,5.25946,0.00635,-0.35585,0.0032,0.10863,179.5,backup,198.30383,60.72967,56.19588,6.05568,12.57575,1.21666,0.02201,0.06694,,,0.04253,0.32875,0.66638,,,,,-0.00803,0.00633
2576600844225515136,4993.58507,3.48264,4.79864,0.00885,-0.13574,0.00388,0.13978,134.64,backup,16.97207,6.87543,-55.76392,4.46996,12.91954,1.18024,0.03856,0.11164,,,0.0825,0.34537,0.77227,,,,,-0.01006,0.02516
1675917271354689024,4993.84563,2.54448,5.06408,0.0067,-0.06112,0.00325,0.09727,155.85,backup,198.70092,62.37179,54.54423,4.22712,13.29985,1.22644,0.02376,0.06528,,,0.05767,0.364,0.78596,,,,,-0.00277,0.02157
1317413705458898176,4993.96673,2.51931,5.05005,0.00635,0.01667,0.00335,0.07242,149.2,backup,244.63233,28.11579,44.47572,7.27951,12.12316,1.24288,0.07366,0.16287,0.26267,0.02064,0.13486,0.45228,0.53696,0.04514,0.06738,-0.06433,-0.06258,-0.01267,-0.00125
3681208154345297152,4994.57221,2.89948,4.90613,0.007,0.0759,0.00353,0.10577,141.6,backup,188.0083,-4.25714,58.26656,5.39084,12.5412,1.20619,0.04563,0.10612,0.1276,0.14177,0.13924,0.42994,0.71695,0.00924,0.04586,0.01533,0.05602,0.01424,0.0542
1210536227435852416,4994.86195,2.52809,4.86783,0.0063,0.07887,0.00378,0.08473,137.26,backup,232.90415,19.34919,52.55331,5.50722,12.57702,1.22984,0.11649,0.19589,0.24656,0.24245,0.19836,0.59466,0.6844,0.03013,0.05226,0.02769,0.04944,0.00147,0.01927
1447643332985405440,4995.21062,3.30796,5.08033,0.00851,-0.56697,0.00428,0.18499,138.44,backup,199.15931,25.75745,84.19587,6.08373,12.63033,1.15688,0.02304,0.05888,,,0.03337,0.39139,0.72971,,,,,-0.00998,0.0013
1277110556987061888,4996.54586,3.1999,5.0197,0.00854,-0.20621,0.00388,0.1445,133.59,backup,229.95387,31.38354,57.51114,4.74775,12.98759,1.19423,0.04677,0.07664,0.08189,0.06544,0.05395,0.61026,0.7586,0.00321,0.01535,-0.00683,0.00288,-0.01385,-0.00584
3713300291715189504,4997.97834,3.61208,4.97418,0.00966,-0.54989,0.00437,0.32226,141.59,backup,205.25835,3.00434,63.11737,7.17452,12.07211,1.14014,0.02969,0.05861,0.07904,0.06516,0.06445,0.50652,0.63011,0.01035,0.02011,0.00332,0.01137,0.00296,0.01092
2563938456003258112,4998.10348,3.80343,4.86322,0.00914,-0.04594,0.00418,0.0734,124.71,backup,18.80049,4.98032,-57.3817,4.44169,12.99782,1.18716,0.03589,0.10718,0.03829,0.10337,0.07257,0.3349,0.78064,-0.02307,-0.006,-0.00127,0.0448,-0.01159,0.02075
1499509151894075008,4999.21686,2.89167,4.92619,0.00736,-0.06899,0.00337,0.11294,149.89,backup,209.31939,43.44801,68.94386,4.32494,13.02996,1.18738,0.0261,0.06204,0.10767,0.01935,0.02264,0.42059,0.82205,0.01919,0.06241,-0.01796,-0.01019,-0.01657,-0.00748
1290455810649187072,5003.62537,2.82788,4.89706,0.0069,-0.00152,0.00337,0.08546,153.11,backup,228.57775,34.14828,58.64479,4.08026,13.17848,1.19955,0.04217,0.07375,0.09791,0.05446,0.05488,0.57175,0.81256,0.01382,0.0374,-0.01103,0.00209,-0.01079,0.00243
1056024641523471744,5003.82835,2.75609,4.86803,0.00678,-0.02692,0.0032,0.16216,162.07,backup,166.70322,65.41883,48.32824,4.14478,12.97829,1.16277,0.01636,0.08286,0.03166,,0.03885,0.19745,0.76349,-0.01011,0.00781,,,-0.00869,0.0133
4033161143497019136,5004.01024,3.64642,5.35909,0.01131,-0.15756,0.0046,0.12847,137.13,backup,181.37658,37.17208,76.04374,5.19574,12.95296,1.24489,0.02477,0.07585,0.09125,0.06319,0.05728,0.32656,0.77559,0.00503,0.046,-0.00413,0.02424,-0.00606,0.01966
1493304947079507200,5006.06385,2.38727,4.96962,0.00608,0.0248,0.00349,0.09627,155.06,backup,218.32923,43.3428,63.80773,6.58142,12.21999,1.21335,0.03042,0.07026,0.06593,0.0197,0.03164,0.43291,0.66403,-0.00188,0.01336,-0.02189,-0.01733,-0.01672,-0.00941
841957149298995328,5007.74655,2.96495,4.99829,0.00826,-0.4317,0.00379,0.32754,140.79,backup,177.93773,56.09907,59.10694,5.45177,12.63374,1.15081,0.0203,0.05682,0.05417,,0.01996,0.35724,0.71613,-0.00095,0.01849,,,-0.01317,-0.00601
2499991954948281600,5008.96373,2.93443,5.0193,0.00689,0.11014,0.00357,0.05981,143.24,backup,36.15312,-0.80695,-55.46562,5.89767,12.47569,1.23226,0.03558,0.0975,0.08025,0.10808,0.09408,0.36495,0.67288,-0.00629,0.01842,0.00386,0.03714,-0.00125,0.02772
1716195612095913088,5010.55578,2.14444,4.86295,0.00492,0.34397,0.00242,0.04934,179.03,backup,193.99738,76.71719,40.40803,6.40147,11.9452,1.1853,0.01844,0.09802,0.13449,0.05079,0.09182,0.18809,0.55519,0.00686,0.05623,-0.00888,0.00976,-0.00117,0.03254
1271908114641630336,5010.64207,2.64082,4.98488,0.00742,-0.36237,0.00323,0.31502,168.85,backup,231.69459,28.75399,55.80473,5.80524,12.44546,1.16367,0.05817,0.08894,0.05411,0.08856,0.0655,0.65401,0.68013,-0.02278,-0.02136,-0.00025,0.00207,-0.01533,-0.01362
2512359021218904192,5011.1564,2.71596,5.10323,0.00732,-0.17439,0.00337,0.128,150.22,backup,26.87385,2.91998,-57.05027,7.4067,12.08883,1.20841,0.02301,0.10002,0.07744,0.03233,0.06757,0.23001,0.59601,-0.00519,0.02315,-0.01557,-0.00374,-0.00746,0.01727
1059238136053909120,5011.69305,2.47976,4.86301,0.00582,0.18816,0.00292,0.04918,165.14,backup,165.71465,66.47845,47.23654,4.44661,12.81939,1.18055,0.01646,0.08927,0.07415,0.05295,0.04987,0.18433,0.73309,-0.00279,0.0379,-0.0067,0.02236,-0.00726,0.0201
3655360358258669824,5011.83189,2.40662,4.86914,0.00569,0.23611,0.00287,0.0611,161.95,backup,220.73911,2.09648,53.40248,6.35639,12.10942,1.21242,0.07591,0.11853,0.13115,0.09701,0.10578,0.64041,0.63594,0.00808,0.00749,-0.01378,-0.01422,-0.00817,-0.00864
1578457625820932736,5011.84824,3.0755,5.24951,0.00809,-0.28966,0.00388,0.07359,158.62,backup,189.52627,59.78057,57.26729,5.57157,12.67774,1.21087,0.02212,0.05799,,,0.02963,0.38152,0.70116,,,,,-0.01082,-0.00135
1322117519281531008,5011.97951,2.66457,5.0015,0.00701,-0.12434,0.0033,0.12975,150.67,backup,241.2989,31.22485,47.84054,4.12034,13.1963,1.19556,0.04984,0.094,0.05939,0.03523,0.07249,0.53021,0.7629,-0.01835,-0.00453,-0.03116,-0.02296,-0.0114,0.00546
1681427130280234752,5013.00633,2.7803,4.71995,0.00674,0.02819,0.00342,0.08708,157.81,backup,182.63724,66.87917,49.7546,5.17073,12.50202,1.15871,0.02263,0.06458,0.07896,0.01321,0.04739,0.35042,0.69301,0.00504,0.03209,-0.018,-0.01348,-0.00603,0.01021
3575694624794146304,5013.16626,4.76122,4.89456,0.01232,-0.71893,0.00522,0.34429,136.87,backup,179.47993,-10.50297,50.19308,5.05811,12.97544,1.13778,0.06124,0.11424,,,,0.53606,0.70329,,,,,,
1060560092628219392,5014.282,2.68511,4.90106,0.00631,0.10162,0.0033,0.04353,154.57,backup,165.36147,68.90413,45.19974,4.48179,12.92262,1.17977,0.01654,0.07491,0.06892,0.03684,0.04713,0.2208,0.71821,-0.00132,0.03296,-0.00841,0.00992,-0.00613,0.01731
1562899055252410112,5016.54518,2.40059,4.92602,0.00553,0.40093,0.00291,0.0254,138.95,backup,201.24803,52.29088,64.06368,5.07172,12.48264,1.19902,0.02264,0.06505,0.07414,0.01979,0.03597,0.34804,0.75792,0.00317,0.03355,-0.01575,-0.00764,-0.01012,0.00462
1224603276123837568,5016.91094,3.7342,4.99422,0.00826,-0.09209,0.00447,0.03415,137.58,backup,237.57401,28.5897,50.67226,4.3681,12.95572,1.18589,0.05915,0.10764,0.12036,0.00966,0.08974,0.54954,0.75749,0.00699,0.03202,-0.05385,-0.05184,-0.00984,0.00883
1153564375311717504,5018.11114,3.22558,5.23662,0.00792,-0.49153,0.00344,0.15253,172.42,backup,226.27989,1.71267,49.12388,6.71865,12.50081,1.22064,0.10384,0.15574,0.16387,0.14696,0.14177,0.66672,0.59357,0.00542,-0.00657,-0.00586,-0.01661,-0.00931,-0.01969
1569228978053164672,5018.17073,2.18646,4.89055,0.00521,0.28405,0.00284,0.0833,144.33,backup,188.43173,52.24606,64.66356,6.12838,12.16923,1.20052,0.02279,0.06364,,,0.05143,0.35811,0.69267,,,,,-0.00437,0.01283
3696254666029755136,5019.49867,3.22271,4.75132,0.00703,0.23737,0.00358,0.02595,142.95,backup,190.12354,0.68556,63.42709,4.66597,12.6903,1.26304,0.03399,0.06394,0.06872,0.05449,0.04658,0.53162,0.78421,0.00254,0.0199,-0.00503,0.00874,-0.00923,0.00254
1210418163079142016,5019.95324,3.07322,5.07715,0.00827,-0.27434,0.00384,0.15739,138.3,backup,231.64379,18.69534,53.4472,6.36927,12.51372,1.24218,0.13998,0.24446,0.29954,0.27215,0.23021,0.5726,0.63541,0.03154,0.05036,0.01586,0.03295,-0.00816,0.0063
3585503333665536384,5020.66539,2.88389,4.90165,0.00765,-0.11937,0.00356,0.2364,136.93,backup,175.32546,-12.82384,46.57398,4.7917,12.73453,1.17067,0.05167,0.08914,,,,0.57967,0.70256,,,,,,
3574694103572075904,5020.87929,3.1777,4.86209,0.00754,0.09371,0.00375,0.05796,143.06,backup,180.90999,-11.25467,49.90378,4.6899,12.9366,1.22952,0.12029,0.16282,,,,0.7388,0.72879,,,,,,
1078086548493262592,5020.97697,1.76205,4.83243,0.00406,0.33323,0.00212,0.05747,191.78,backup,159.3082,72.85074,40.8751,5.66401,12.19518,1.1713,0.01601,0.48473,0.71552,0.54624,0.35775,0.03303,0.60319,0.00762,0.41558,0.00203,0.31348,-0.00419,0.19978
1558312751734578816,5023.44192,2.96457,5.0039,0.00739,-0.05281,0.00332,0.10561,158.62,backup,205.55057,49.11007,65.933,4.45374,13.12409,1.21135,0.02328,0.06368,0.07153,-0.0073,0.02668,0.36556,0.80604,0.00287,0.03438,-0.02595,-0.02917,-0.01353,-0.00177
3587164622718766080,5024.94354,3.30972,5.02489,0.00837,-0.16814,0.00358,0.09558,148.97,backup,177.78433,-11.41128,48.77743,6.57925,12.36878,1.22128,0.06612,0.10651,,,,0.62081,0.59931,,,,,,
3650433373639281920,5025.51813,3.40105,5.08103,0.0083,-0.05816,0.00361,0.07405,138.6,backup,222.68255,-0.94043,49.86562,6.99817,12.14343,1.23214,0.09769,0.14225,0.1403,0.16014,0.12168,0.68676,0.58271,-0.00133,-0.01593,0.01229,-0.00437,-0.01412,-0.02678
1679866648402435456,5025.97315,2.28566,4.96151,0.00639,-0.27195,0.00292,0.27216,175.37,backup,188.90638,63.86872,53.1703,5.29046,12.61329,1.15069,0.0216,0.05875,0.08394,-0.01798,0.03524,0.36768,0.70191,0.00926,0.03732,-0.02821,-0.03422,-0.00864,0.00313
5186331481328998784,5028.975,2.11168,4.89209,0.00505,0.15367,0.00277,0.08423,170.7,backup,45.04922,-3.31462,-51.10438,5.39804,12.44129,1.18375,0.03643,0.24696,0.34083,,0.25532,0.14752,0.68445,0.01385,0.19685,,,0.00123,0.13832
4423087720924557952,5030.39272,2.74434,4.95786,0.007,-0.09987,0.00316,0.14343,155.95,backup,236.09778,2.16913,41.69462,5.51138,12.59237,1.23921,0.19422,0.25171,0.26522,0.28356,0.24805,0.77161,0.61921,0.01043,-0.02999,0.02458,-0.01864,-0.00282,-0.04063
1276987755281876864,5030.92566,3.46898,4.96996,0.0092,-0.57963,0.00398,0.35587,147.49,backup,230.89248,31.24419,56.70409,4.77093,12.93795,1.13359,0.04456,0.07456,0.06957,0.07992,0.05738,0.5976,0.75379,-0.00298,0.00788,0.00321,0.01569,-0.01027,-0.00131
1178342973650926976,5031.49414,2.64944,4.97515,0.00647,0.08321,0.00374,0.0809,138.78,backup,220.3094,11.33237,59.76768,6.27881,12.31325,1.20606,0.03798,0.07721,0.04407,0.05451,0.07682,0.49193,0.66741,-0.01631,-0.00857,-0.01117,-0.0016,-0.00019,0.01329
3796013489160832640,5032.46852,3.1612,4.9855,0.00731,0.08501,0.00347,0.05066,151.97,backup,177.57015,0.48615,59.5788,5.30402,12.63993,1.21098,0.04102,0.08322,0.05366,0.05227,0.06679,0.49291,0.72764,-0.01457,-0.00198,-0.01526,-0.00299,-0.0081,0.00758
859065069190921088,5032.5354,2.92737,4.93827,0.00678,0.13935,0.00357,0.04906,143.3,backup,171.73272,59.09101,54.85164,4.24952,13.04438,1.18126,0.0225,0.0547,,,0.0433,0.41135,0.78547,,,,,-0.00469,0.01151
2509609520595509376,5032.55755,3.24278,5.04962,0.00826,-0.13236,0.00376,0.09986,140.98,backup,26.8374,0.88288,-58.92651,4.83863,12.92845,1.18843,0.03477,0.09696,0.10151,0.11191,0.07503,0.35856,0.75734,0.00163,0.04211,0.00536,0.04999,-0.00786,0.02206
4418940358768719488,5035.41071,3.42753,5.08254,0.0096,-1.36751,0.00382,0.4664,198.64,backup,228.97519,0.15414,46.06948,7.58235,12.50397,1.15277,0.119,0.17019,0.13637,0.19728,0.14365,0.69923,0.53226,-0.02365,-0.04642,0.01894,-0.014,-0.01856,-0.04255
4401685486571663232,5035.42384,2.61366,5.04991,0.00651,1e-05,0.00309,0.10713,165.57,backup,232.14461,-3.85949,41.04111,6.02398,12.61761,1.32339,0.33444,0.40045,,,,0.83515,0.58188,,,,,,
1305070759724573440,5035.48082,2.97755,4.93256,0.00768,-0.09844,0.0036,0.13513,137.15,backup,247.09101,26.9733,42.10116,4.65246,12.85044,1.171,0.05397,0.12455,0.11219,0.06719,0.09275,0.43327,0.68426,-0.00536,0.0228,-0.02485,-0.00799,-0.01378,0.0095
1281514135415139328,5036.90464,2.45063,5.12577,0.00677,-0.17909,0.00311,0.11449,171.85,backup,222.58864,28.75315,63.75358,6.26973,12.44169,1.20786,0.04832,0.07959,0.07109,0.05173,0.04934,0.60716,0.68159,-0.00516,0.00013,-0.01692,-0.01307,-0.01836,-0.01469
4415300189301836800,5040.81494,3.73059,5.02826,0.0099,-1.14934,0.0043,0.4446,160.45,backup,230.38785,-1.84001,43.6936,7.29058,12.76403,1.34665,0.60983,0.67591,0.67552,0.70144,0.50093,0.90224,0.53141,-0.00035,-0.25086,0.02303,-0.23708,-0.15787,-0.34363
2563723291026805376,5041.92322,3.3895,5.08223,0.00804,-0.0037,0.00355,0.05798,145.51,backup,18.74861,4.17498,-58.18394,6.05227,12.41818,1.2152,0.02886,0.09758,0.094,0.06418,0.07019,0.2958,0.67477,-0.00106,0.03456,-0.00988,0.01445,-0.0081,0.0185
1073954789954208512,5043.21859,2.41152,5.07148,0.0065,-0.12217,0.00296,0.12852,173.24,backup,160.76151,71.22495,42.40606,4.88192,12.891,1.1861,0.01551,0.17934,0.14271,0.0987,0.10146,0.0865,0.66882,-0.00317,0.07994,-0.00698,0.0505,-0.00674,0.05235
3575307184384592384,5043.65503,3.35925,4.84823,0.00828,-0.06916,0.00368,0.15989,144.31,backup,180.29207,-11.70057,49.30069,4.16871,13.01131,1.18461,0.10598,0.1436,,,,0.73804,0.76658,,,,,,
1503746772786942976,5045.25146,2.04471,4.85844,0.00472,0.24471,0.00234,0.01861,196.06,backup,206.65752,45.94365,68.23363,6.47317,11.95932,1.16062,0.02373,0.07296,0.07583,-0.07282,0.04744,0.32518,0.68265,0.00093,0.02804,-0.0474,-0.07343,-0.0083,0.00866
4030404358608532864,5047.92459,2.72471,4.96181,0.00644,0.12149,0.00342,0.06888,153.12,backup,183.12925,37.4752,76.79965,4.46454,12.88182,1.18537,0.02559,0.07232,0.12892,0.07385,0.05771,0.35392,0.82528,0.02003,0.0808,0.00054,0.03535,-0.00517,0.02203
1321273197430838272,5048.47929,2.33166,4.99684,0.00618,-0.08683,0.00288,0.16807,166.35,backup,239.19602,30.5471,49.54696,4.59332,12.854,1.18938,0.05802,0.10417,0.09349,0.11165,0.09959,0.55691,0.73428,-0.00595,0.01063,0.00417,0.02397,-0.00255,0.01511
3586131120445297792,5048.50229,3.3135,5.02954,0.00884,-0.18061,0.00366,0.19111,150.99,backup,172.90541,-12.11721,46.23675,4.427,12.96421,1.15977,0.04664,0.09,,,,0.51826,0.72885,,,,,,
1675466609026314368,5050.54942,1.99895,4.99894,0.00505,-0.03207,0.00248,0.09897,199.29,backup,196.58386,61.49262,55.54467,5.46915,12.57289,1.18589,0.02272,0.06643,,,0.04383,0.34206,0.70065,,,,,-0.00773,0.00799
1076849391753347968,5050.70926,3.31328,5.04169,0.00872,-0.36087,0.00395,0.20936,140.16,backup,157.53161,71.83125,41.27398,4.13714,13.18229,1.14281,0.01713,0.34213,,,0.26455,0.05008,0.72073,,,,,-0.00388,0.17354
1066217797212318080,5050.97104,2.48071,4.89561,0.00584,0.08279,0.00307,0.07051,165.98,backup,155.28409,67.6866,43.60214,4.85711,12.6283,1.14925,0.01611,0.16084,0.18622,0.11691,0.08682,0.10016,0.67887,0.00254,0.11031,-0.0044,0.06326,-0.00741,0.04283
1568548891454868352,5052.23547,2.74706,5.15521,0.00751,-0.27595,0.00378,0.12226,156.12,backup,189.8321,51.09587,65.92259,6.42166,12.04498,1.28009,0.02304,0.06439,0.04169,0.04062,0.022,0.35781,0.67935,-0.00812,0.00528,-0.00851,0.00455,-0.01517,-0.0081
4418942695230928256,5053.61947,2.27794,4.95682,0.00511,0.1417,0.00256,0.02019,199.98,backup,228.82853,0.17499,46.19396,6.28741,12.25674,1.22901,0.12594,0.16831,0.11714,0.15911,0.14369,0.74827,0.60079,-0.03829,-0.05556,-0.00688,-0.03035,-0.01842,-0.03961
1065921753705876480,5054.17019,2.58392,5.01036,0.00609,0.01616,0.00299,0.06936,170.78,backup,156.94428,66.76388,44.69753,5.64846,12.3857,1.16196,0.01407,0.08385,,,0.04485,0.1678,0.63071,,,,,-0.00654,0.01422
3760478789475358208,5054.6702,3.39786,4.90907,0.00803,0.00055,0.00373,0.06669,141.9,backup,165.94254,-7.53699,46.62749,4.28856,12.98689,1.16829,0.05083,0.11042,0.03028,0.10416,0.10447,0.46034,0.74231,-0.03689,-0.02835,-0.00288,0.02649,-0.00274,0.02671
1679394339439046016,5055.01729,2.64792,4.8777,0.00566,0.41137,0.00275,-0.00838,144.4,backup,196.01884,67.40166,49.68055,4.16521,12.84975,1.16808,0.02196,0.05784,0.07741,-0.009,0.06003,0.37958,0.76879,0.00743,0.03756,-0.02537,-0.02888,0.00083,0.02419
1216995480293064192,5055.18539,2.82459,5.1174,0.00756,-0.33076,0.00353,0.16022,149.29,backup,238.12347,22.52872,48.87845,6.17145,12.46117,1.19319,0.11657,0.1877,0.21227,0.20325,0.17292,0.62104,0.62338,0.01526,0.01575,0.00966,0.01013,-0.00918,-0.00877
2538765201709897984,5056.02409,3.25857,4.91289,0.00811,-0.20394,0.00353,0.11277,153.54,backup,18.2814,2.48025,-59.93338,6.33398,12.22776,1.1662,0.03705,0.11817,0.13288,0.09746,0.09897,0.3135,0.66482,0.00461,0.0513,-0.00649,0.02775,-0.00602,0.02875
1492693313673830144,5056.65582,2.98163,5.01585,0.00751,-0.0251,0.00353,0.1247,138.7,backup,215.59928,43.20629,65.56917,4.22786,13.12186,1.18292,0.02856,0.06248,,,0.04457,0.45705,0.82143,,,,,-0.00819,0.00806
1223990362814133760,5057.07419,2.24439,4.89266,0.00481,0.28664,0.00249,-0.01068,181.5,backup,234.7815,27.09659,52.86485,4.91122,12.67594,1.20377,0.09925,0.13745,0.17381,0.11661,0.1287,0.7221,0.72709,0.02626,0.02713,-0.01505,-0.01447,-0.00632,-0.00568
1553341138110873472,5058.0452,2.43066,4.89868,0.00578,0.04685,0.00298,0.08025,175.54,backup,202.60593,49.33313,66.5586,6.23586,12.15787,1.16541,0.02023,0.0609,0.06514,0.06371,0.01741,0.33219,0.6918,0.00141,0.02483,0.00093,0.02385,-0.01445,-0.00818
1579296965509459456,5059.74818,3.2406,5.28879,0.00776,-0.66159,0.00369,0.16192,161.51,backup,196.81297,60.38972,56.62937,5.33766,12.79754,1.14183,0.02222,0.06552,0.08,0.02847,0.06075,0.33913,0.71398,0.00491,0.0349,-0.01257,-0.00189,-0.00162,0.02115
1077298400519011840,5061.18902,3.24872,5.09378,0.0084,-1.00261,0.0038,0.4311,177.55,backup,157.66228,72.38434,40.89668,6.12819,12.56799,1.09053,0.01575,0.40441,0.59158,0.49461,0.30542,0.03896,0.57458,0.00729,0.32416,0.00351,0.26844,-0.00386,0.15973
3667787244834027008,5061.89579,3.3473,5.0323,0.00875,-0.34256,0.00387,0.18375,147.19,backup,214.40001,3.3444,58.54176,4.41647,13.10116,1.15188,0.05419,0.08789,,,0.09998,0.61658,0.78672,,,,,0.00745,0.02446
1591282290791550464,5063.13078,2.65844,5.0186,0.00605,0.20717,0.00324,0.05555,147.76,backup,218.94874,48.43551,60.6313,6.70357,12.05985,1.19992,0.0286,0.09769,0.08138,,0.07195,0.29281,0.64655,-0.00478,0.02401,,,-0.00754,0.01791
3652985065249981952,5063.29874,2.76303,5.07368,0.00721,-0.11909,0.00327,0.11397,146.66,backup,218.08291,-1.06202,52.80099,5.94205,12.43864,1.19272,0.07289,0.10822,0.13862,0.18783,0.12691,0.6735,0.65782,0.02048,0.0183,0.05361,0.05067,0.01259,0.0106
2510257034160081024,5063.46074,2.7206,4.9602,0.00725,-0.28136,0.00329,0.20155,161.47,backup,25.62888,0.70004,-59.58041,6.22633,12.2567,1.12798,0.0288,0.1057,0.11101,0.11388,0.09977,0.27252,0.66978,0.00145,0.04555,0.00223,0.04747,-0.00162,0.03802
1284999312396980352,5063.56153,2.48181,5.08759,0.00686,-0.31479,0.00329,0.17124,160.65,backup,214.70742,30.10093,70.6222,7.66538,11.91814,1.16235,0.03374,0.07191,0.03902,-0.00454,0.04786,0.46919,0.62639,-0.01543,-0.0093,-0.03587,-0.03658,-0.01129,-0.00376
2501908992126206976,5065.38002,2.93884,4.80463,0.00631,0.33076,0.00304,-0.0463,143.02,backup,39.9469,0.84748,-51.77035,4.47931,12.67384,1.16123,0.03981,0.09096,0.07008,0.06986,0.09304,0.43769,0.75413,-0.00914,0.01304,-0.00924,0.01287,0.00091,0.03035
856372051681043840,5066.0952,2.49127,4.94332,0.00643,-0.1237,0.00297,0.18086,160.51,backup,169.05957,56.97683,55.69991,4.96986,12.63824,1.14215,0.02032,0.05103,0.03475,0.03286,0.02166,0.3982,0.73546,-0.00648,0.00524,-0.00724,0.00384,-0.01169,-0.00439
1509970764513969664,5066.22643,2.88083,4.96023,0.00755,-0.53486,0.0031,0.32797,194.5,backup,207.3773,48.02006,66.24094,6.22466,12.27004,1.11061,0.02315,0.06758,0.09584,0.10055,0.04394,0.34258,0.69158,0.00968,0.04313,0.01129,0.04639,-0.0081,0.00724
1224019229290873600,5066.84816,2.64589,4.97232,0.00713,-0.40128,0.00311,0.31428,165.29,backup,235.32017,26.99556,52.37481,4.68691,12.88707,1.14998,0.09583,0.13473,0.11627,0.11276,0.09594,0.71132,0.74125,-0.01313,-0.00965,-0.01562,-0.01225,-0.02759,-0.02472
1679850190087716864,5067.25062,2.66234,5.04946,0.00624,0.12914,0.00315,0.06505,156.54,backup,189.6554,63.7447,53.32447,4.19346,13.08992,1.18635,0.02251,0.05805,0.06333,,0.03308,0.38775,0.78348,0.00205,0.02711,,,-0.00968,0.00341
1072834318886179584,5068.10471,2.58538,5.01189,0.00632,-0.06716,0.00289,0.1144,167.02,backup,162.86787,69.86924,43.90105,5.09423,12.63954,1.15444,0.01481,0.09255,0.12465,0.03109,0.06594,0.15997,0.66343,0.00514,0.06789,-0.00983,0.00582,-0.00426,0.02894
3717512486401721472,5068.31185,3.24431,5.09124,0.00829,-0.19436,0.00368,0.12801,140.73,backup,198.64779,5.81636,67.98739,5.31122,12.69568,1.17218,0.05005,0.08515,0.07575,0.08725,0.08751,0.58785,0.75252,-0.00552,0.00695,0.00123,0.0156,0.00139,0.0158
3661141109361002112,5068.357,3.56962,5.08699,0.00925,-0.26866,0.0038,0.13521,153.23,backup,211.54267,1.627,58.83673,4.30215,13.21724,1.17485,0.05543,0.09136,0.0881,0.06267,0.10436,0.60674,0.79632,-0.00198,0.01473,-0.0174,-0.00552,0.00789,0.02767
1321929846390816640,5068.99698,2.45498,5.18436,0.0067,-0.14144,0.00305,0.11716,173.3,backup,241.7176,30.90774,47.44388,5.69363,12.61529,1.21925,0.0493,0.0967,0.07608,0.12633,0.0894,0.50976,0.64477,-0.01051,-0.00024,0.0151,0.03216,-0.00372,0.00835
1055915583713972736,5069.48151,2.27826,4.92495,0.00474,0.41868,0.00216,-0.03506,193.05,backup,164.90936,65.1657,48.07394,5.47116,12.23171,1.17149,0.01608,0.1357,,,0.06742,0.1185,0.66308,,,,,-0.00809,0.02862
1184730925754240384,5069.54457,2.97121,5.09976,0.00807,-0.21751,0.00377,0.12002,141.43,backup,221.62374,12.75815,59.49737,5.45265,12.65197,1.17809,0.03569,0.07235,0.05565,0.06256,0.05922,0.4933,0.71751,-0.00824,0.00424,-0.00483,0.0092,-0.00647,0.00681
860237835780952064,5070.56344,2.6132,4.96716,0.00688,-0.13566,0.00322,0.14648,152.32,backup,164.94697,58.18705,53.32711,6.03488,12.28951,1.14464,0.01791,0.04995,0.08144,0.04013,0.02083,0.35852,0.65466,0.01129,0.03541,-0.00352,0.00836,-0.01044,-0.00427
1055909811277952768,5074.07439,2.88123,5.07761,0.00677,-0.00368,0.00302,0.0803,173.51,backup,164.86232,65.01683,48.17771,4.89803,12.7476,1.17464,0.01634,0.12791,0.13823,0.05963,0.0668,0.12774,0.70393,0.00132,0.08096,-0.00872,0.02564,-0.00781,0.03068
1529921299921672320,5075.0433,2.69385,4.94001,0.00668,-0.02997,0.00321,0.15328,147.49,backup,195.11157,45.28577,71.75376,4.13369,12.98916,1.14989,0.02722,0.07666,,,0.04758,0.35503,0.84087,,,,,-0.01032,0.0128
3649277722494016000,5077.93292,2.45918,4.97709,0.00603,-0.0353,0.00277,0.14669,163.27,backup,218.16821,-2.3241,51.75878,5.96223,12.26128,1.18259,0.09378,0.12759,0.05332,0.0896,0.13489,0.73505,0.65141,-0.05459,-0.05905,-0.02793,-0.03542,0.00537,-0.00591
1678702196869194240,5078.84901,3.11284,5.06515,0.00803,-0.25952,0.00359,0.14853,140.74,backup,198.30075,67.54929,49.44382,5.33087,12.62211,1.14993,0.02133,0.05932,0.08646,0.07055,0.05478,0.35964,0.68024,0.00976,0.03748,0.00404,0.02665,-0.00163,0.01593
1059232118804063360,5080.47283,2.88454,5.06783,0.00714,-0.27377,0.00314,0.14566,179.82,backup,165.01108,66.26595,47.23506,5.38927,12.6537,1.15398,0.01576,0.10045,0.16155,0.10267,0.06704,0.15692,0.66371,0.00959,0.09146,0.00035,0.05238,-0.00524,0.02874
1281503415176734848,5083.88575,2.90998,4.95842,0.00727,-0.09919,0.00329,0.13754,151.71,backup,222.38955,28.52205,63.91251,4.10719,13.04933,1.14837,0.05235,0.08254,0.06801,0.04772,0.05003,0.63416,0.82612,-0.00921,0.00384,-0.02208,-0.01292,-0.02062,-0.01101
850975721627282304,5084.30016,2.96299,4.93159,0.00751,-0.19799,0.00328,0.24203,145.73,backup,160.72163,55.74863,53.23135,5.34095,12.39731,1.11766,0.01553,0.0483,0.02915,-0.04069,0.01502,0.32147,0.69877,-0.00615,0.00485,-0.02861,-0.04396,-0.0107,-0.00503
860085106743861888,5084.88949,2.88307,5.10327,0.0076,-0.27135,0.00346,0.17924,144.86,backup,179.29005,62.51473,53.49442,7.37041,11.92496,1.14232,0.0217,0.08448,0.11975,-0.04776,0.06033,0.25684,0.58208,0.00906,0.04801,-0.03397,-0.0495,-0.0062,0.01342
1052317221457859456,5086.15191,2.48479,4.89309,0.00589,0.13523,0.00303,0.06828,171.68,backup,158.04624,63.09751,47.49824,4.2197,12.88001,1.14374,0.01551,0.05447,0.00975,,0.03255,0.2847,0.75285,-0.01273,-0.00816,,,-0.00624,0.009
2562938828134920704,5086.80861,3.32274,4.90136,0.00724,0.32652,0.00318,0.01874,140.21,backup,19.01776,3.7279,-58.57603,4.66468,12.59623,1.18153,0.03701,0.1063,0.08877,0.09238,0.08535,0.34819,0.76857,-0.0061,0.03121,-0.00485,0.03399,-0.00729,0.02859
1494329249536271104,5087.74171,2.94495,5.14669,0.00714,-0.46059,0.0034,0.17552,156.35,backup,218.35067,45.37045,62.73235,5.89007,12.58497,1.1463,0.02906,0.06996,0.06242,0.05787,0.0356,0.41535,0.70099,-0.00313,0.0147,-0.00502,0.01151,-0.01427,-0.0041
1058982430881337472,5088.64277,2.70903,5.06432,0.00694,-0.34432,0.003,0.19044,191.79,backup,164.40107,65.5265,47.65993,5.25696,12.58772,1.12832,0.01605,0.15304,0.22453,0.16006,0.10751,0.10488,0.6753,0.0075,0.13557,0.00074,0.09204,-0.00478,0.05655
3562102045438459520,5089.24313,3.36787,5.12926,0.00815,-0.37262,0.00353,0.15212,165.8,backup,171.24424,-13.45074,44.3181,5.78986,12.58337,1.15681,0.04259,0.10445,,,,0.40778,0.61914,,,,,,
855185133174691456,5089.48505,2.9686,5.01543,0.0074,-0.1281,0.00332,0.12972,148.78,backup,160.85048,58.30806,51.67092,5.14622,12.64241,1.14223,0.01792,0.05113,0.09037,0.0446,0.02423,0.35053,0.70462,0.01375,0.04575,-0.00229,0.0135,-0.00943,-0.00085
1321878993977975296,5089.62424,2.30677,5.14492,0.00569,0.00034,0.00279,0.08914,179.64,backup,241.5077,30.50099,47.567,7.47227,12.0044,1.23084,0.04995,0.10444,0.09149,0.09667,0.09423,0.4783,0.54624,-0.00619,3e-05,-0.00371,0.00285,-0.00488,0.00152
4003577924158598656,5090.17375,3.007,5.051,0.00731,-0.02785,0.00342,0.09595,146.69,backup,182.6832,26.21459,80.86331,5.34704,12.59574,1.17198,0.026,0.07527,,,0.06527,0.34547,0.77172,,,,,-0.00346,0.02436
4415669109812870144,5090.97176,3.33784,4.94693,0.00772,0.02976,0.00352,0.06674,142.49,backup,230.74479,-0.70977,44.1639,4.42985,13.17208,1.28166,0.29315,0.32857,0.31414,0.32998,0.24372,0.89221,0.71584,-0.01287,-0.06828,0.00126,-0.05694,-0.0757,-0.11869
1078321221210732288,5093.80225,2.72559,5.09565,0.00693,-0.25417,0.00292,0.14448,190.29,backup,161.69341,74.34707,40.13142,6.41731,12.27747,1.15122,0.01643,0.28889,0.3089,,0.20787,0.05687,0.55224,0.00114,0.15416,,,-0.00461,0.09837
3590608877253262976,5097.04592,3.12626,5.10657,0.00782,-0.19597,0.0035,0.12566,147.71,backup,170.13259,-9.94477,46.87002,6.06189,12.38329,1.15953,0.04121,0.1165,,,,0.35375,0.61831,,,,,,
1320963032072851072,5098.54553,3.27963,4.96744,0.00848,-0.3185,0.00359,0.27092,144.96,backup,236.99034,29.41108,51.29567,4.59341,12.833,1.13715,0.05642,0.10139,0.12902,0.09195,0.08779,0.55645,0.74312,0.01538,0.03946,-0.00525,0.01191,-0.00757,0.00882
1487063607980896000,5101.08293,3.37592,4.95007,0.00783,-0.08538,0.00339,0.08671,153.58,backup,219.99761,38.47769,64.6544,5.1219,12.55983,1.1345,0.02933,0.06413,0.06379,0.01845,0.02931,0.45737,0.75624,-0.00015,0.01891,-0.02089,-0.01538,-0.01593,-0.00717
1371765069183976704,5101.219,2.97812,5.0295,0.00697,0.06309,0.00364,0.07084,138.71,backup,238.21598,34.75494,50.69271,5.72607,12.38937,1.1784,0.06238,0.095,0.13719,0.16319,0.08732,0.6566,0.66076,0.0277,0.02827,0.04477,0.04545,-0.00504,-0.00468
1315673758371448448,5103.32568,3.1203,5.18582,0.00832,-0.18605,0.00384,0.11065,139.92,backup,243.42437,26.6422,45.21631,5.83259,12.50366,1.19611,0.07818,0.15096,0.11862,0.11846,0.12582,0.51789,0.62225,-0.01675,-0.00437,-0.01683,-0.00447,-0.01302,0.00011
1265254523103815040,5104.20866,3.29008,5.15353,0.00828,-0.232,0.0038,0.11572,142.52,backup,226.91938,25.65706,59.54739,4.3916,13.11216,1.18443,0.116,0.14602,0.11712,,0.11223,0.79444,0.79203,-0.02296,-0.02324,,,-0.02684,-0.02711
1691519238273929472,5105.47225,3.18331,5.10063,0.00729,0.01863,0.00337,0.07802,146.67,backup,189.1272,74.45887,42.62998,5.62134,12.42007,1.17128,0.01961,0.07212,0.16123,0.09782,0.06863,0.27189,0.61858,0.02423,0.08012,0.00699,0.0409,-0.00095,0.02284
1187804820963704832,5105.84954,2.29492,4.97216,0.00571,-0.05083,0.00286,0.13892,156.22,backup,226.60097,17.93258,57.61998,6.4137,12.04948,1.14575,0.03393,0.0901,0.1561,0.07515,0.0979,0.37654,0.65125,0.02485,0.06773,-0.00563,0.01501,0.00294,0.02983
3654312042640993024,5107.10868,2.55908,5.03758,0.00612,-0.02522,0.00291,0.08622,164.89,backup,217.56629,1.28515,54.93898,4.33878,13.01008,1.17177,0.06532,0.09761,0.15783,0.13922,0.10184,0.66916,0.77893,0.0403,0.05762,0.02784,0.04313,0.00283,0.01401
3659727652803703552,5107.26081,3.62429,4.99335,0.00879,-0.16064,0.00381,0.10309,143.34,backup,210.82416,-0.20347,57.66912,4.13115,13.0989,1.14877,0.06858,0.10443,0.09366,0.11036,0.13772,0.65667,0.8053,-0.00708,0.00684,0.00389,0.02029,0.02186,0.04233
1506512663006150528,5108.69358,3.81031,5.16864,0.01003,-0.82314,0.00473,0.39327,144.54,backup,215.88476,45.78857,63.8952,4.15581,13.31589,1.10216,0.02856,0.06574,0.06609,,0.03079,0.43447,0.82248,0.00015,0.02579,,,-0.01519,-0.00324
2560653939893097728,5108.94166,2.88323,4.88702,0.00642,0.32813,0.00294,0.02642,143.8,backup,24.1395,3.43581,-57.55428,4.21333,12.81056,1.15594,0.04307,0.13359,0.09719,0.11307,0.10098,0.32242,0.79858,-0.01174,0.03454,-0.00662,0.04722,-0.01052,0.03756
4033446260605749632,5112.96789,3.15091,5.07022,0.00775,-0.13317,0.00331,0.10125,157.34,backup,180.53504,37.93218,75.038,4.81294,12.79378,1.14609,0.02408,0.07549,,,0.0412,0.319,0.79928,,,,,-0.01094,0.00884
3660293725198459904,5112.97492,2.80403,4.93058,0.00712,-0.46685,0.00302,0.25028,198.99,backup,212.32428,0.99989,57.88162,7.26157,11.98102,1.12369,0.04725,0.09272,0.02179,0.05654,0.0972,0.50963,0.60666,-0.03615,-0.03403,-0.01844,-0.01296,0.00228,0.01171
3573798443976092288,5113.09253,2.96773,4.9526,0.00676,0.05079,0.00321,0.0594,161.02,backup,181.24631,-13.18252,48.1426,5.95252,12.30796,1.19036,0.13247,0.16797,,,,0.78865,0.63249,,,,,,
4025593479840723200,5114.33466,2.41943,5.07601,0.00569,0.07716,0.00294,0.08942,171.36,backup,172.60361,33.48125,71.43293,4.99326,12.69187,1.16919,0.02476,0.07692,,,0.0527,0.32183,0.78102,,,,,-0.00779,0.01641
1049315249771837568,5114.47662,3.13095,5.03267,0.00757,-0.17134,0.00336,0.14407,155.24,backup,160.26334,63.07305,48.2537,4.08371,13.04954,1.1231,0.01709,0.05888,,,0.03612,0.29027,0.76814,,,,,-0.00661,0.01065
4428465088697793536,5115.46329,2.96648,4.97362,0.00688,-0.01405,0.00332,0.07949,146.78,backup,231.15927,4.42236,47.01433,4.55649,12.83332,1.1796,0.08935,0.12909,0.11933,0.09601,0.13412,0.69218,0.72317,-0.00676,-0.00306,-0.0229,-0.01992,0.00348,0.00764
1494753145628506112,5115.87253,2.87491,5.16918,0.00732,-0.21075,0.00328,0.13271,153.92,backup,219.01978,46.21204,61.87908,5.33275,12.6511,1.15926,0.03063,0.07601,,,0.03903,0.40304,0.73369,,,,,-0.0149,-0.002
1055923486453788800,5116.2063,3.29521,5.05195,0.00777,-0.14617,0.00335,0.10337,164.98,backup,165.51253,65.12574,48.2623,4.06747,13.18104,1.15023,0.01695,0.12579,0.20045,0.14597,0.08436,0.13472,0.76953,0.01006,0.13731,0.00272,0.09538,-0.00558,0.04797
3565391749868167168,5117.05137,2.90727,4.8171,0.0062,0.41144,0.0027,-0.05359,156.88,backup,170.381,-12.08459,45.12785,4.17004,12.7879,1.14863,0.05373,0.14328,,,,0.37502,0.74323,,,,,,
1679864724257503232,5117.12092,2.02519,4.9176,0.00484,0.21013,0.00256,0.09588,187.22,backup,189.1216,63.74345,53.30441,5.36648,12.31576,1.14838,0.0216,0.05854,0.08394,-0.01798,0.03524,0.36894,0.69739,0.00937,0.03694,-0.02823,-0.03413,-0.0086,0.00297
3575430604564449664,5117.78545,3.29524,4.97332,0.00767,-0.09711,0.00332,0.09629,158.62,backup,180.04977,-10.95826,49.93671,5.2912,12.56114,1.16201,0.07915,0.12669,,,,0.62477,0.68562,,,,,,
3653681026045697408,5120.24271,2.53307,5.09933,0.00632,-0.41896,0.003,0.17108,185.0,backup,215.25757,-0.1237,55.27141,4.85783,12.90394,1.13735,0.06867,0.1021,0.09203,0.09122,0.10183,0.6726,0.74166,-0.00677,-0.00042,-0.00732,-0.00102,-0.00018,0.00685
3587669577731293568,5122.2808,2.95584,4.97821,0.00702,-0.12071,0.00301,0.09545,176.41,backup,177.01762,-9.82857,49.97662,5.44254,12.43405,1.13772,0.03649,0.07934,,,,0.45996,0.67555,,,,,,
1505759153943811584,5123.01872,2.64702,5.1233,0.00665,-0.29986,0.00297,0.14412,190.04,backup,211.39576,45.38008,66.52861,5.42388,12.60555,1.13184,0.02256,0.05934,0.03413,0.00312,0.02164,0.38023,0.74152,-0.00959,0.00274,-0.02138,-0.02025,-0.01434,-0.00652
1675346453021148928,5123.65443,2.3,5.03883,0.00524,0.08292,0.00294,0.04751,165.4,backup,197.83898,60.72781,56.23077,4.18264,12.87904,1.13675,0.02349,0.06726,0.0624,-0.01034,0.03515,0.34921,0.79607,-0.0017,0.02619,-0.0271,-0.03172,-0.01121,0.00449
1503170078938432384,5124.07955,2.39433,4.92624,0.00555,0.39431,0.00267,0.0774,139.5,backup,205.13782,44.21711,70.26422,5.61599,12.11328,1.15707,0.02464,0.06679,0.06634,,0.04978,0.36899,0.73837,-0.00016,0.02434,,,-0.00627,0.01211
1558415487352962048,5127.30756,2.57622,5.0297,0.00624,-0.49804,0.00294,0.21469,192.37,backup,206.11519,49.49445,65.41829,7.41917,11.89303,1.10147,0.021,0.06176,0.05492,-0.00717,0.02412,0.34007,0.6249,-0.00233,0.01332,-0.02344,-0.02548,-0.0128,-0.00593
1073645243071304064,5128.01381,3.16251,5.03228,0.0072,-0.03001,0.00331,0.09915,148.74,backup,161.48111,70.34903,43.2315,4.2292,12.94276,1.13764,0.0158,0.16764,0.63638,0.49387,0.17287,0.09424,0.72628,0.04417,0.44639,0.03074,0.34289,0.00049,0.10976
1282599628269574272,5128.33954,3.06698,5.12105,0.00772,-0.10106,0.00376,0.07862,150.64,backup,221.5571,30.0153,64.69843,4.78451,12.78934,1.16224,0.03745,0.06568,0.02476,0.00706,0.03425,0.57011,0.77946,-0.02333,-0.01815,-0.03342,-0.03195,-0.01792,-0.01075
2500110152447824128,5129.1854,3.3207,4.92329,0.00771,0.01835,0.00352,0.07962,146.46,backup,38.44098,-0.57279,-53.82934,4.18284,12.91553,1.13222,0.04452,0.0857,,,0.06161,0.51949,0.78646,,,,,-0.01251,0.00393
741545413827362944,5130.33154,2.556,4.87919,0.00545,0.5038,0.00254,-0.04831,146.67,backup,156.11363,29.93756,57.73105,5.5765,12.12166,1.13913,0.02251,0.07715,0.05767,0.01821,0.0671,0.29173,0.7027,-0.00568,0.01802,-0.0172,-0.00971,-0.00293,0.02464
1507739202586835072,5130.7609,3.55209,4.82327,0.00872,-0.27644,0.00376,0.15793,151.08,backup,214.48227,47.65078,63.4244,4.21867,12.89903,1.08362,0.02853,0.0764,0.00334,0.07661,0.04268,0.37342,0.81658,-0.02728,-0.0258,8e-05,0.03403,-0.01259,0.00632
1469635932067255168,5130.94104,2.44383,4.86941,0.00566,0.2983,0.00284,0.05324,146.32,backup,200.65426,32.73506,81.22631,5.04307,12.3529,1.16223,0.02954,0.06658,0.18897,0.18193,0.04439,0.4437,0.79149,0.05431,0.12003,0.05118,0.11446,-0.00985,0.00559
3900838733025064320,5131.27762,3.31789,5.05746,0.00817,-0.15844,0.0038,0.12978,139.32,backup,187.59381,6.76281,69.0291,4.55498,12.88408,1.15082,0.0347,0.0707,0.10004,0.00787,0.04722,0.49073,0.80602,0.01439,0.04593,-0.03083,-0.02835,-0.01152,0.00336
1529816605799002880,5134.23268,2.48466,4.97631,0.00569,0.00227,0.00272,0.1021,171.94,backup,196.21534,44.2319,72.68459,5.6047,12.26356,1.12436,0.02711,0.07331,0.08307,,0.04292,0.36978,0.74403,0.00361,0.0347,,,-0.01124,0.00482
1580154344060544896,5135.37982,2.26175,4.9792,0.0057,-0.26458,0.00251,0.25909,195.76,backup,189.51938,61.19522,55.85859,6.60757,11.95291,1.10142,0.02152,0.05749,0.09996,0.00771,0.04165,0.37436,0.63288,0.0159,0.04174,-0.01864,-0.01664,-0.00593,0.00484
3684966736061105024,5137.38096,3.73221,4.69351,0.00907,-0.14882,0.00369,0.1651,147.0,backup,198.64938,-1.96844,60.37308,5.40041,12.34065,1.10038,0.04043,0.07351,0.0544,0.05438,0.07035,0.55009,0.7241,-0.01051,-0.00104,-0.01052,-0.00106,-0.00174,0.0105
764125950983652352,5139.49748,2.72197,4.91724,0.0068,-0.18322,0.00316,0.21329,153.46,backup,171.25222,38.73452,68.555,5.92097,12.12796,1.09844,0.0175,0.06373,,,0.05214,0.27461,0.71566,,,,,-0.00318,0.01982
3712093298530369664,5139.6662,3.43313,5.02586,0.00902,-0.47434,0.00399,0.3523,144.31,backup,201.05683,1.26543,62.96766,6.72463,12.00215,1.09694,0.03649,0.06915,0.05032,0.06561,0.08292,0.52771,0.65344,-0.00994,-0.00361,-0.00187,0.00638,0.00727,0.01769
1692148292068288000,5140.14728,3.07846,5.05258,0.00738,-0.30824,0.00339,0.15721,163.59,backup,192.1054,76.23895,40.88791,6.04719,12.26653,1.10852,0.01816,0.09062,0.15886,0.08129,0.07304,0.20044,0.57935,0.01368,0.07387,-0.00187,0.02893,-0.00352,0.02415
1223805644860082944,5141.16254,2.71253,5.02582,0.00617,0.06734,0.00308,0.10093,149.37,backup,237.06587,27.94145,51.01057,4.81895,12.58942,1.15634,0.05966,0.1021,0.10574,0.07938,0.0803,0.58431,0.72482,0.00213,0.01698,-0.01328,-0.00212,-0.01274,-0.00145
3703082491503402496,5141.45846,2.66805,4.9324,0.00629,0.20624,0.00325,0.05154,146.81,backup,192.57571,3.4913,66.36149,5.90214,12.13494,1.13614,0.04283,0.07558,0.07322,0.03306,0.08579,0.56667,0.71111,-0.00134,0.00923,-0.0241,-0.01932,0.00578,0.01818
4428459556779965568,5141.60052,3.24897,5.10658,0.0079,-0.07955,0.00363,0.08785,140.02,backup,231.45948,4.4599,46.7939,4.37039,13.05462,1.17992,0.09143,0.13037,0.14458,0.13541,0.11834,0.70136,0.73664,0.00997,0.01507,0.00354,0.00832,-0.00843,-0.00426
1077449450224357888,5141.6964,2.62631,4.89818,0.00697,-0.50342,0.00311,0.37344,175.62,backup,161.90409,73.38555,40.93298,5.09308,12.51567,1.0651,0.01631,0.44172,0.36954,0.20657,0.28391,0.03693,0.64268,-0.00267,0.22119,-0.00868,0.11645,-0.00583,0.16615
1488816951069815680,5144.37324,3.03851,5.04237,0.0072,-0.15436,0.00328,0.09529,164.28,backup,220.93012,40.31387,63.35574,4.81129,12.06908,1.14863,0.03169,0.06753,0.09132,,0.02765,0.4693,0.77377,0.01116,0.03897,,,-0.01872,-0.0103
1264648417319355392,5144.42201,2.83003,5.062,0.00674,-0.09013,0.00309,0.09551,161.87,backup,227.25463,25.0201,59.12857,4.82394,12.80647,1.19431,0.14002,0.17113,0.16983,0.23076,0.13771,0.8182,0.75911,-0.00107,-0.0111,0.04879,0.03515,-0.02735,-0.03548
742692208750660736,5145.27831,3.06062,5.17215,0.00739,-0.03673,0.00353,0.09683,140.73,backup,155.36611,31.02142,57.15462,6.8261,12.04603,1.16704,0.01779,0.06391,,,0.0726,0.27837,0.62642,,,,,0.00242,0.02769
1302254773006770688,5145.72579,2.89706,5.04709,0.00746,-0.41996,0.00352,0.2902,145.94,backup,246.93152,24.25554,41.56256,5.23613,12.57358,1.12111,0.0951,0.15898,0.15221,0.15553,0.12959,0.5982,0.6371,-0.00405,0.00187,-0.00206,0.00399,-0.01758,-0.01253
3571108115116921216,5146.52672,3.61835,5.04068,0.00869,-0.18599,0.00386,0.10028,141.35,backup,182.12223,-13.26124,48.2873,5.7818,12.52974,1.20802,0.22142,0.25518,,,,0.86769,0.64402,,,,,,
3660172332242049920,5147.28289,2.76991,4.81936,0.00659,0.06482,0.0031,0.10512,167.2,backup,212.54545,0.3069,57.18253,4.37112,12.66091,1.11831,0.06148,0.09733,0.07072,0.0946,0.10103,0.6317,0.78521,-0.01681,-0.00595,-0.00172,0.0128,0.00234,0.01785
1573908808777632896,5147.31245,3.05039,5.02399,0.00721,-0.00742,0.00353,0.08751,139.79,backup,181.57995,56.49722,59.54085,4.05747,13.0206,1.12688,0.02259,0.0604,0.06147,-0.00335,0.03587,0.37404,0.81724,0.0004,0.02765,-0.02385,-0.02533,-0.00917,0.00672
1447870107258608768,5147.55176,2.47215,4.91047,0.00578,0.10335,0.0032,0.12472,151.8,backup,199.3542,26.82,84.20428,6.12548,11.98513,1.12361,0.02354,0.06081,0.0727,0.05655,0.03872,0.38716,0.72729,0.0046,0.02933,-0.00165,0.01758,-0.00855,0.00462
4423771303623517440,5148.87754,2.98671,5.01826,0.00714,-0.11633,0.00329,0.13634,153.1,backup,234.7875,1.92044,42.61328,5.24857,12.50941,1.16369,0.12065,0.17006,0.19051,0.21455,0.17125,0.70943,0.6437,0.0145,0.00198,0.03156,0.01746,0.00084,-0.01042
3573323631048014848,5148.93316,3.13527,5.07878,0.00717,0.02117,0.00349,0.07474,143.75,backup,177.94867,-12.69744,47.626,5.55986,12.47735,1.1786,0.0869,0.12258,,,,0.70888,0.65458,,,,,,
1677140959077112448,5149.20753,4.116,5.06347,0.01152,-1.31374,0.00496,0.4659,145.21,backup,193.82806,64.48673,52.63635,4.20026,13.4642,1.0621,0.02234,0.05791,,,0.06189,0.38584,0.77993,,,,,0.00153,0.02592
1501906121602435200,5150.88924,2.29554,4.84719,0.00512,0.41597,0.00245,0.03654,154.57,backup,203.75354,44.34802,70.68365,4.89542,12.3169,1.12738,0.02509,0.06692,,,0.04693,0.37494,0.78609,,,,,-0.00749,0.0118
3829450084437727488,5154.41506,3.09395,5.07891,0.00667,0.2658,0.0033,0.01825,147.35,backup,151.02784,-2.18385,40.18665,4.82226,12.68468,1.19231,0.08835,0.16223,0.1349,0.09354,0.13813,0.54458,0.65716,-0.01489,0.0003,-0.03741,-0.02688,-0.01313,0.00242
2559821747029800960,5155.03514,2.98026,5.11111,0.00718,-0.31936,0.00358,0.13813,152.99,backup,21.94073,2.87255,-58.74613,4.60949,12.86371,1.13419,0.02976,0.07734,0.04245,0.05452,0.05017,0.38477,0.7732,-0.01343,0.00306,-0.00878,0.01239,-0.01045,0.00904
3646489807683383552,5155.26069,3.02461,5.14415,0.00739,-0.21914,0.0035,0.14189,150.77,backup,216.02465,-2.01677,53.2907,5.24197,12.65786,1.15079,0.09632,0.13001,0.09446,0.12169,0.12495,0.74088,0.70579,-0.02634,-0.02965,-0.00616,-0.01043,-0.00375,-0.00813
2498161169304017920,5156.70766,2.07537,5.20452,0.00519,-0.15513,0.00252,0.11879,198.46,backup,42.52079,-0.25557,-50.84091,7.3168,11.93041,1.1538,0.01948,0.18595,0.16104,0.18506,0.16415,0.10475,0.57164,-0.00261,0.07258,-9e-05,0.08631,-0.00228,0.07436
1675858859799883904,5157.56781,2.25433,5.16213,0.00575,-0.50801,0.00306,0.15364,184.31,backup,195.13972,62.7851,54.31148,5.78768,12.53538,1.1034,0.02185,0.06106,,,0.03837,0.3578,0.67459,,,,,-0.00812,0.00404
1556965948775915264,5157.64948,2.72634,5.05193,0.0071,-0.51149,0.00353,0.30503,147.83,backup,197.59788,51.59255,65.27556,7.31908,11.8781,1.08539,0.02245,0.06609,0.04106,-0.03635,0.0277,0.33963,0.62948,-0.0085,0.0034,-0.03479,-0.04532,-0.01304,-0.00501
1296126679308396672,5158.13443,2.73772,4.89733,0.00639,0.16316,0.00356,0.04152,138.84,backup,223.83371,38.45525,61.77984,4.65348,12.59257,1.12555,0.03118,0.06485,0.02532,0.13005,0.03922,0.48076,0.78015,-0.01901,-0.01143,0.03134,0.07028,-0.01232,-0.00058
4413917897027721728,5158.2033,2.95195,5.19801,0.00735,-0.14194,0.00343,0.11007,152.66,backup,230.04604,-3.41601,42.89044,4.61207,13.16086,1.27143,0.28914,0.3332,,,,0.86778,0.69289,,,,,,
3647741910909349888,5160.98208,2.97132,5.14971,0.00723,-0.25069,0.00334,0.12356,168.17,backup,213.03302,-1.0643,55.76893,4.1925,13.11965,1.14873,0.08439,0.12015,0.16595,0.15228,0.16068,0.70239,0.79354,0.03217,0.0473,0.02256,0.03644,0.02847,0.04311
1509990452644710656,5161.03505,3.04677,5.08421,0.00742,-0.21618,0.00357,0.11989,151.74,backup,208.09773,47.60725,66.30589,4.26874,12.99432,1.13862,0.02551,0.06727,,,0.04978,0.37923,0.82024,,,,,-0.00663,0.01532
1681607828144139136,5164.32021,2.76198,5.15917,0.00624,0.05214,0.00306,0.05114,167.69,backup,183.68013,67.02229,49.71012,5.19671,12.51932,1.14708,0.02362,0.06539,0.11253,0.05922,0.0482,0.36118,0.69095,0.01702,0.05413,-0.00223,0.0173,-0.00621,0.00969
764176077546419968,5165.06666,2.99938,5.0556,0.0074,-0.43951,0.00376,0.16147,143.85,backup,170.85322,38.90692,68.19996,5.76061,12.44081,1.08004,0.01713,0.06171,0.08953,0.03018,0.05641,0.27752,0.72457,0.00772,0.04775,-0.00875,0.00474,-0.00147,0.02375
1285173615054036480,5165.40458,2.51096,4.92148,0.00582,0.24334,0.00319,0.01994,145.36,backup,214.93729,30.85229,70.367,5.97839,12.06706,1.13763,0.03489,0.07112,0.06016,0.00169,0.04521,0.49061,0.71645,-0.00538,0.00821,-0.03406,-0.03368,-0.01271,-0.00251
1077123445026659072,5165.5132,2.95184,5.1406,0.00738,-0.48039,0.00378,0.15898,148.67,backup,163.61389,72.41145,42.01482,4.55736,13.00756,1.09625,0.01563,0.19039,0.18699,0.05821,0.14242,0.08211,0.69116,-0.00028,0.11361,-0.01085,0.0246,-0.00394,0.0828
3653270044919473280,5165.51683,2.17051,5.04537,0.00529,-0.20486,0.00254,0.15283,189.81,backup,217.15383,-0.41921,53.88312,6.19649,12.15066,1.12747,0.06808,0.10452,0.1175,,0.11377,0.65134,0.64758,0.00845,0.00801,,,0.00602,0.00559
2509262830834812928,5165.98696,3.04438,5.04374,0.00685,0.12116,0.00363,0.04042,137.18,backup,27.5236,-0.08605,-59.50595,6.50685,11.96076,1.13467,0.03165,0.10197,,,0.0929,0.31035,0.65334,,,,,-0.00282,0.02905
2510683949613853056,5166.6712,2.95814,4.94788,0.00748,-0.34941,0.00336,0.29782,156.05,backup,25.55096,1.96344,-58.44198,5.16434,12.47479,1.08137,0.03152,0.10848,0.08715,0.06158,0.07586,0.29059,0.73286,-0.0062,0.03235,-0.01363,0.0136,-0.00948,0.02407
3589779811126943744,5167.27524,2.7229,4.94353,0.00608,0.03829,0.0031,0.07467,152.19,backup,170.61558,-10.45502,46.66346,5.9513,12.07246,1.13404,0.0443,0.12454,,,,0.3557,0.62383,,,,,,
1263814850066425600,5167.92801,2.65948,4.96153,0.00592,0.09847,0.00329,0.04875,142.19,backup,227.87274,24.39736,58.44923,4.82083,12.58562,1.15342,0.12455,0.15757,0.10488,0.13624,0.10668,0.79044,0.75687,-0.04165,-0.04518,-0.01686,-0.02144,-0.04023,-0.04381
1217203592931493376,5170.95728,2.74052,5.10344,0.00664,-0.00554,0.00335,0.09143,140.5,backup,234.86418,21.43829,51.46666,5.75193,12.35892,1.17472,0.10438,0.17658,0.16718,0.16776,0.17305,0.59112,0.6631,-0.00556,0.00648,-0.00521,0.00686,-0.00209,0.01037
1223030184222187264,5171.11942,2.39185,5.14977,0.0055,0.05075,0.00295,0.05182,161.57,backup,235.4087,25.63977,52.03627,5.32498,12.6154,1.21285,0.1468,0.19314,0.21316,0.21414,0.13168,0.76004,0.69409,0.01522,0.00116,0.01596,0.00184,-0.04671,-0.05539
1579839162181084800,5171.9344,2.3957,5.09089,0.00558,0.022,0.00283,0.07091,162.79,backup,192.42196,60.54203,56.58489,5.4526,12.37292,1.13444,0.02165,0.05961,0.08244,0.02048,0.03198,0.36321,0.70614,0.00829,0.03657,-0.01421,-0.00719,-0.01004,0.00093
1677302862164276864,5172.19348,2.55361,5.21931,0.00644,-0.35619,0.00328,0.14424,165.32,backup,194.12412,65.44046,51.67946,4.96872,12.62557,1.11467,0.02127,0.05753,0.11035,0.0169,0.05349,0.36977,0.71725,0.01953,0.05788,-0.01502,-0.00915,-0.00149,0.01709
2509843171111337216,5172.80857,2.87432,5.00249,0.00694,-0.33325,0.00316,0.19707,183.63,backup,24.19848,-0.24471,-60.99248,4.69114,12.66996,1.09865,0.02801,0.08006,0.08777,0.04338,0.07158,0.3498,0.77495,0.00269,0.04001,-0.01283,0.00561,-0.00297,0.02746
864068392557134336,5173.33191,3.0459,5.13324,0.0071,-0.05765,0.00347,0.07804,145.4,backup,173.21302,64.14311,50.8852,4.30008,12.95867,1.13539,0.01975,0.09174,0.16912,,0.12745,0.21532,0.76389,0.01666,0.10944,,,0.00769,0.07761
1558541140915889664,5173.65462,2.52306,4.9416,0.00587,-0.09124,0.00276,0.09445,184.62,backup,204.51761,49.33168,66.04763,4.72876,12.55105,1.0927,0.02235,0.06222,0.03343,,0.01761,0.35922,0.78692,-0.01035,0.00395,,,-0.01603,-0.0085
1509924241428787328,5174.82375,2.11527,4.90863,0.00459,0.38137,0.00212,-0.0459,195.35,backup,206.97147,47.29822,66.99322,5.60848,12.03002,1.12128,0.02383,0.07076,0.08183,0.03261,0.04762,0.33672,0.73098,0.00372,0.03599,-0.01285,1e-05,-0.00779,0.01098
3656979354770643968,5175.68872,2.63407,4.96915,0.00612,0.19248,0.00327,0.07211,144.17,backup,208.32433,-4.16768,55.32156,4.23176,12.73758,1.13866,0.05755,0.08762,0.04594,0.08307,0.07465,0.65678,0.78873,-0.02738,-0.02132,-0.00299,0.00797,-0.00852,0.00133
1488021076449983488,5175.69349,2.64736,5.06624,0.00608,0.02143,0.00302,0.05034,163.36,backup,220.11259,39.63647,64.18197,6.20768,12.11394,1.14775,0.02949,0.06561,0.05337,0.06504,0.03061,0.4495,0.68654,-0.0055,0.00715,-0.00026,0.01516,-0.01573,-0.00848
4417791162958481536,5176.07386,2.85509,4.94896,0.00666,-0.07958,0.00335,0.1182,145.87,backup,233.03404,1.08476,43.51425,4.92045,12.52653,1.17928,0.11573,0.15636,0.20335,0.15722,0.1513,0.74013,0.67355,0.03478,0.02124,0.00064,-0.00983,-0.00374,-0.01382
5185595152135762432,5176.41711,2.51374,5.05195,0.00618,-0.17317,0.00312,0.11669,169.83,backup,42.98353,-3.20885,-52.57071,4.55808,12.8589,1.13332,0.0491,0.12535,0.07176,0.10825,0.10375,0.39175,0.75186,-0.02099,0.00485,-0.0067,0.03228,-0.00846,0.0289
4418932529043692672,5177.30738,2.5514,4.95984,0.00593,-0.1052,0.00276,0.09995,187.42,backup,228.80817,0.04779,46.12584,4.83924,12.61564,1.13582,0.13364,0.16872,0.12488,0.19535,0.14257,0.79207,0.69629,-0.03472,-0.04668,0.02109,0.00238,-0.02071,-0.03437
1467415678789469568,5178.87953,2.74206,4.90547,0.00639,0.00564,0.00327,0.17935,139.01,backup,194.62456,32.88629,84.04287,5.45306,12.14607,1.09604,0.02692,0.0648,0.10116,0.07264,0.03982,0.41553,0.76756,0.01511,0.05072,0.00326,0.02883,-0.01038,0.00364
1591219210608267008,5181.85306,2.92428,4.98765,0.00691,-0.0226,0.00341,0.12517,139.83,backup,219.63746,47.97688,60.53209,4.41807,12.67937,1.1103,0.0311,0.09234,0.1003,0.07185,0.06754,0.3368,0.7933,0.00268,0.04847,-0.0069,0.0259,-0.00835,0.02248
4418817935020802688,5183.36244,2.92123,4.91355,0.00685,-0.21201,0.00317,0.14952,166.81,backup,229.8312,0.00869,45.32526,4.17742,12.95208,1.14042,0.16612,0.19804,0.1803,0.22251,0.18162,0.8388,0.74381,-0.01488,-0.03201,0.02052,-0.00062,-0.01378,-0.03103
3729838836382788992,5184.06833,2.91388,4.98863,0.00673,-0.04214,0.00343,0.08739,142.17,backup,197.74381,6.88253,69.22953,4.36175,12.80299,1.1093,0.04954,0.08372,0.04434,0.08453,0.08594,0.59168,0.82002,-0.0233,-0.01318,0.00048,0.01978,0.00132,0.02094
1273455196221106432,5184.31949,2.42299,5.0098,0.00617,-0.48579,0.00302,0.28218,175.36,backup,232.39992,29.38477,55.26281,6.69772,11.97202,1.0786,0.05268,0.08594,0.06279,-0.08714,0.06893,0.61297,0.62527,-0.01419,-0.01342,-0.10609,-0.10716,-0.01043,-0.00958
3659831311839365760,5185.88165,2.90698,5.07995,0.00677,0.01064,0.00333,0.08523,150.11,backup,211.69672,-0.5925,56.88331,4.2157,12.97292,1.15724,0.07934,0.11645,0.08179,0.05855,0.11537,0.68133,0.79595,-0.02362,-0.01424,-0.03945,-0.03274,-0.00074,0.01248
1060520097892698496,5187.0951,2.22104,4.86177,0.00523,0.21295,0.00273,0.07138,164.91,backup,166.90632,68.79953,45.60337,4.50949,12.50141,1.10072,0.01749,0.07409,,,0.04328,0.23606,0.71849,,,,,-0.00727,0.01361
1580658195264419200,5187.92969,2.32166,5.09108,0.0057,-0.48769,0.00298,0.1738,178.52,backup,191.91258,62.35304,54.76961,7.39302,11.8792,1.07624,0.02081,0.05801,0.07841,-0.00965,0.03668,0.35879,0.58683,0.00732,0.0252,-0.02427,-0.02647,-0.00765,0.00071
3570816259203581568,5187.98033,3.44715,4.99697,0.00873,-0.39507,0.00385,0.31368,150.54,backup,182.63922,-14.09748,47.59723,4.71661,12.71577,1.12198,0.13889,0.16754,,,,0.82903,0.7142,,,,,,
1055949050099110400,5188.53459,2.85427,5.01156,0.00681,-0.48456,0.00341,0.16091,187.48,backup,165.861,65.44105,48.10117,5.19019,12.65773,1.06922,0.01604,0.14473,0.09976,0.09278,0.08548,0.11086,0.6825,-0.00499,0.05204,-0.00576,0.04728,-0.00657,0.0423
2498746792389528576,5188.96179,2.90697,5.08162,0.00686,-0.33977,0.00335,0.14036,168.52,backup,39.50932,0.03371,-52.67143,6.12286,12.22432,1.08253,0.02534,0.08904,0.06691,0.05997,0.08334,0.28463,0.64618,-0.0063,0.01789,-0.00828,0.0134,-0.00162,0.02851
4423873803018974848,5189.10255,2.28873,5.07805,0.00552,-0.12526,0.00271,0.11495,182.6,backup,235.18998,2.20313,42.45312,6.95432,11.89395,1.14481,0.12347,0.18306,0.15158,0.15368,0.18409,0.67448,0.53998,-0.02123,-0.04162,-0.01982,-0.04049,0.0007,-0.02407
1686562326322355328,5189.80527,3.26912,4.96072,0.00768,-0.35604,0.00385,0.17823,148.2,backup,194.85456,71.93696,45.17769,5.11539,12.44444,1.0698,0.02202,0.06496,0.08928,-0.01054,0.03594,0.33902,0.6702,0.00825,0.03781,-0.0256,-0.02909,-0.00984,0.00206
1504090576328829824,5190.10508,2.52484,5.03445,0.0069,-0.82542,0.00328,0.4207,216.12,backup,206.25129,47.13448,67.39741,6.75919,12.01508,1.04159,0.0236,0.07655,0.10209,0.06202,0.05106,0.30831,0.66468,0.00787,0.04426,-0.00448,0.01762,-0.00786,0.01034
3634245165160164096,5192.1366,3.10147,4.86385,0.007,0.03529,0.00334,0.03058,155.52,backup,204.84808,-3.19673,57.54296,4.33708,12.65505,1.10444,0.07571,0.10302,0.11708,0.06005,0.09984,0.73489,0.78911,0.01033,0.01668,-0.03158,-0.02832,-0.00234,0.00308
3565345673459023104,5192.54547,2.51325,4.86231,0.00588,-0.04385,0.00272,0.19819,184.27,backup,171.1648,-12.13519,45.44785,4.72195,12.37931,1.08961,0.04822,0.11622,,,,0.4149,0.701,,,,,,
1563101292375572736,5195.53523,2.35684,4.95229,0.00552,0.20575,0.0031,0.06894,138.05,backup,198.64246,52.48463,64.27706,6.11287,11.97103,1.11967,0.02433,0.07239,0.0915,0.04925,0.04281,0.33612,0.69242,0.00642,0.03903,-0.00778,0.00977,-0.00994,0.00531
1679517897058044800,5196.24692,2.70568,5.10501,0.00637,0.03512,0.00341,0.08262,139.6,backup,195.79702,68.01364,49.0763,4.43046,12.85877,1.14461,0.02182,0.05844,0.08763,0.07418,0.06555,0.37338,0.74445,0.0109,0.04341,0.00587,0.0334,0.00265,0.02698
1187755235566724608,5196.36982,2.44362,5.16721,0.00603,-0.24978,0.0032,0.13089,157.05,backup,226.00798,17.3382,57.9061,6.53172,12.11818,1.14611,0.03134,0.08071,0.07975,0.08169,0.0744,0.38838,0.6457,-0.00037,0.02015,0.00038,0.02141,-0.00245,0.0167
3562040958119489280,5197.47961,2.57424,5.08678,0.0061,0.03226,0.00303,0.07468,162.95,backup,172.3915,-13.00586,45.21801,5.01078,12.57709,1.15859,0.04547,0.09255,,,,0.49131,0.67801,,,,,,
759426707005690496,5198.23575,2.03051,5.11172,0.00484,0.01258,0.0026,0.07628,180.41,backup,173.00031,34.48614,71.4668,6.18709,12.11529,1.12505,0.02266,0.07592,0.18285,0.14995,0.07081,0.29847,0.70652,0.03191,0.10653,0.0221,0.08328,-0.00152,0.02737
757549698922843264,5198.65594,2.75731,5.07511,0.00688,-0.09946,0.00344,0.12378,144.75,backup,169.13602,33.00449,68.69754,4.86826,12.65382,1.11078,0.02725,0.07789,0.08688,,0.08121,0.34978,0.78369,0.00314,0.04084,,,0.00116,0.0364
1155104069547801216,5198.97948,2.35894,4.7784,0.00544,0.01823,0.0026,0.07569,189.81,backup,224.61142,3.93461,51.84037,5.48248,12.1418,1.09785,0.08026,0.12917,0.14009,0.13371,0.13916,0.62138,0.68252,0.00679,0.01535,0.00282,0.011,0.00621,0.01472
3729469709713466752,5198.99114,3.03517,5.09311,0.00736,-0.11702,0.00369,0.11138,138.16,backup,197.16686,6.7494,69.21429,4.38427,12.91626,1.12774,0.04966,0.08273,0.12182,0.09294,0.10088,0.60033,0.8184,0.02347,0.05003,0.00613,0.0264,0.0109,0.0329
1502699487961531136,5199.16297,3.52053,4.96905,0.00839,-0.42391,0.00403,0.18008,149.0,backup,209.81689,44.90882,67.64242,4.25437,12.97438,1.06242,0.02464,0.06081,0.08518,0.00746,0.03187,0.40511,0.82431,0.00987,0.04558,-0.02161,-0.01848,-0.01172,0.00164
1549917327621489664,5199.43606,2.52794,5.01138,0.00602,-0.09861,0.0031,0.12033,149.39,backup,202.89549,44.5373,70.81912,5.44628,12.25317,1.0918,0.02418,0.06708,,,0.05798,0.36052,0.75026,,,,,-0.00328,0.01931
3973228448294132992,5199.70051,2.89879,5.01628,0.00684,-0.07991,0.00341,0.12001,136.91,backup,176.15812,17.7899,71.98934,5.05158,12.43853,1.09789,0.03317,0.08339,-0.00224,0.0301,0.06532,0.39781,0.77822,-0.03406,-0.03491,-0.0212,-0.00974,-0.00719,0.01766
1052363714479417600,5200.00225,2.8165,5.10873,0.00682,-0.1827,0.00334,0.12285,154.52,backup,159.60393,63.73595,47.58183,4.17446,13.01322,1.10006,0.01597,0.05857,0.06651,0.12292,0.03083,0.27273,0.75702,0.00217,0.03437,0.01755,0.07708,-0.00756,0.00737
1282395978103569920,5200.12652,2.42403,5.08358,0.00606,-0.03372,0.00307,0.06291,168.46,backup,223.48079,31.18425,63.03978,5.80516,12.22812,1.13709,0.03811,0.06714,0.08222,0.02075,0.0418,0.56759,0.70721,0.00856,0.02004,-0.02633,-0.02343,-0.01439,-0.00855
3587440943735181824,5200.23037,2.98282,4.98869,0.00692,-0.20915,0.00327,0.10257,167.85,backup,176.89102,-10.89764,48.93895,5.76937,12.35034,1.11596,0.03892,0.07223,,,,0.5389,0.6485,,,,,,
1503411627899577600,5200.60976,2.49836,4.84384,0.00595,0.08199,0.00329,0.11751,142.19,backup,205.01756,44.91936,69.72522,4.57283,12.49471,1.08954,0.02561,0.07079,0.05223,0.06414,0.05068,0.36184,0.80623,-0.00671,0.0165,-0.0024,0.0261,-0.00727,0.01525
1369856974129609856,5201.56284,3.08605,5.12738,0.00773,-0.21835,0.00385,0.14099,137.15,backup,238.47721,32.84768,50.38056,4.65545,12.77171,1.12089,0.06108,0.09495,0.09957,0.12466,0.07293,0.64325,0.73385,0.00297,0.012,0.01911,0.03041,-0.01417,-0.00756
845590687335430656,5202.17398,2.0409,5.02485,0.00463,0.23185,0.00259,0.03744,169.26,backup,173.05435,56.38266,57.49167,5.37936,12.21377,1.11426,0.02181,0.05296,0.02947,,0.04036,0.41173,0.71468,-0.00967,-0.00075,,,-0.00519,0.00704
1463527049759596416,5202.7389,2.9267,4.98272,0.0072,-0.23102,0.0034,0.24678,141.74,backup,198.9761,31.94471,82.82506,5.57715,12.22288,1.08059,0.02569,0.06115,0.03233,0.02904,0.02554,0.42005,0.75906,-0.0121,-0.00114,-0.01349,-0.00365,-0.01496,-0.0063
3668496666056551424,5202.90517,2.76537,4.92789,0.00654,-0.1575,0.0031,0.1813,151.63,backup,215.85567,3.47094,57.71106,4.78717,12.53353,1.09219,0.05571,0.08988,0.10273,0.09988,0.07527,0.61985,0.75652,0.00797,0.02201,0.0062,0.01985,-0.00905,0.00124
3687937302945864192,5204.23737,3.05675,5.05524,0.00727,-0.34502,0.00374,0.14679,146.6,backup,200.15258,0.68704,62.64692,6.79147,11.95015,1.0784,0.03692,0.07164,0.01559,0.04299,0.08589,0.51536,0.64875,-0.02889,-0.02681,-0.01477,-0.00903,0.00734,0.0188
3562037930166037760,5204.2689,3.64179,4.73004,0.00812,-0.36104,0.00386,0.10922,161.13,backup,172.33135,-13.02522,45.17473,4.1602,12.8754,1.20429,0.04752,0.09267,,,,0.51279,0.74434,,,,,,
3787473547988404480,5204.70461,3.03827,4.98707,0.00703,0.03328,0.00343,0.06013,142.18,backup,171.3564,-2.92048,53.48829,5.92936,12.06217,1.09925,0.03945,0.13474,0.18252,0.09431,0.16839,0.29278,0.6619,0.01399,0.08136,-0.01184,0.02298,0.00985,0.07201
4418556319972200192,5205.30535,2.80723,4.84564,0.00642,-0.0292,0.00307,0.0836,162.05,backup,227.36554,-0.42908,46.8842,5.9073,12.08749,1.1126,0.12614,0.16736,0.1642,0.18671,0.18177,0.75371,0.62789,-0.00238,-0.02304,0.01458,-0.00891,0.01086,-0.01201
3794754964959939072,5205.97509,3.83207,4.81222,0.00944,-0.44624,0.00415,0.27146,152.38,backup,177.63724,-0.58567,58.65568,5.10729,12.4322,1.05198,0.03957,0.08159,0.18275,0.0771,0.07074,0.48505,0.73757,0.04907,0.09522,-0.00218,0.01729,-0.00526,0.0126
4414120241526894464,5206.40413,2.58699,5.15759,0.00604,0.08557,0.00321,0.07562,147.54,backup,232.1619,-3.11351,41.52156,4.87948,13.03248,1.35254,0.51021,0.56156,,,,0.90856,0.66272,,,,,,
1275312443159280640,5206.40439,2.72933,4.97274,0.00618,0.0446,0.00311,0.04949,150.85,backup,229.40027,29.97907,57.91124,4.06901,12.68665,1.10886,0.06023,0.08884,0.10606,0.13838,0.05976,0.67796,0.81094,0.01168,0.02578,0.03359,0.05199,-0.01971,-0.01177
1686587340211883776,5206.70251,2.44618,4.97926,0.00556,0.13307,0.00318,0.04218,155.79,backup,195.04251,72.05482,45.05728,5.22347,12.25336,1.094,0.02179,0.06482,0.02659,0.04376,0.03442,0.33617,0.66178,-0.01285,-0.0042,-0.00708,0.00717,-0.01022,0.00099
3669673972427495040,5207.16905,3.08917,4.95285,0.00722,-0.27924,0.00349,0.16453,150.45,backup,214.15733,4.76161,59.79098,4.35348,12.79329,1.07498,0.0476,0.08216,0.06837,0.07942,0.09161,0.5793,0.79568,-0.00799,0.0068,-0.00159,0.0156,0.00547,0.02529
3649341872126198144,5208.53116,3.08639,5.03541,0.00743,-0.41042,0.0036,0.20863,159.43,backup,217.0528,-2.77126,52.07565,4.61201,12.89635,1.11344,0.12491,0.15554,0.20619,0.22162,0.18678,0.80309,0.74546,0.04068,0.02879,0.05307,0.0403,0.02509,0.01433
4415767511807558784,5208.67813,2.83075,4.87663,0.00662,-0.23813,0.00294,0.22098,174.71,backup,230.3511,-0.293,44.73374,5.05013,12.44737,1.12407,0.17519,0.21201,0.20914,0.22291,0.1683,0.8263,0.67206,-0.00237,-0.03463,0.009,-0.02538,-0.03612,-0.06208
1680746906244385792,5210.50815,2.53693,5.18108,0.00584,-0.12722,0.00291,0.05609,187.05,backup,187.29158,66.5185,50.45893,5.88056,12.1036,1.13575,0.0222,0.06236,0.06294,0.01564,0.03434,0.35595,0.64975,0.00021,0.0187,-0.01663,-0.01204,-0.00997,0.00011
3667051014424367616,5211.0149,2.25203,4.79855,0.00528,0.1967,0.00282,0.08222,171.07,backup,215.20028,3.47014,58.13296,4.72963,12.32791,1.09112,0.05446,0.08856,0.07515,0.08173,0.09715,0.61492,0.76225,-0.00825,0.00282,-0.0042,0.00784,0.00528,0.01959
2576271467477991552,5211.55111,3.4522,4.98227,0.00915,-0.69169,0.00417,0.38284,163.23,backup,17.16366,5.74071,-56.86831,6.14542,12.08093,1.03931,0.02813,0.10025,,,0.08185,0.28059,0.66383,,,,,-0.00516,0.0262
2558316996647734272,5213.14206,2.59752,4.8456,0.00613,-0.08092,0.0035,0.05092,143.79,backup,23.00455,1.60279,-59.65242,4.06298,12.90063,1.17083,0.03211,0.07525,,,0.0571,0.42672,0.81717,,,,,-0.00774,0.01455
1173163999006278400,5213.19294,2.19432,4.91999,0.0049,0.43524,0.00252,-0.0277,139.74,backup,219.62522,9.27069,59.0604,5.71716,12.0199,1.12746,0.0402,0.07925,0.05415,0.04489,0.08608,0.50733,0.69886,-0.01273,-0.00236,-0.01743,-0.00883,0.00347,0.01996
860691659205202560,5213.2003,2.44039,4.93449,0.00558,0.01563,0.00298,0.11154,150.16,backup,165.61922,59.63265,52.50919,5.49025,12.10158,1.08186,0.01853,0.05199,0.01899,0.01568,0.01523,0.35652,0.68531,-0.01176,-0.00552,-0.01294,-0.00779,-0.0131,-0.00809
5184459421048563584,5213.47332,1.99365,5.00608,0.00458,0.21428,0.00259,0.06255,175.21,backup,44.29822,-4.58525,-52.50049,5.1009,12.25244,1.1173,0.036,0.16546,0.14632,0.17731,0.15358,0.21759,0.71185,-0.00416,0.06816,0.00258,0.09022,-0.00258,0.07332
3587187751119645440,5213.70117,2.81439,4.92591,0.00641,0.16062,0.00332,0.02131,149.89,backup,176.81704,-11.69526,48.17127,4.27466,12.63325,1.09566,0.04884,0.07844,,,,0.62261,0.75205,,,,,,
1060271024149316992,5214.04706,2.77972,5.09391,0.00658,-0.31631,0.00326,0.18663,166.84,backup,165.62458,68.04916,45.9499,4.85545,12.65492,1.07194,0.0169,0.07759,0.12532,0.05716,0.05078,0.21777,0.69401,0.0104,0.07008,-0.00445,0.02277,-0.00584,0.01834
1058435114608911744,5214.22708,2.4508,5.15413,0.00602,-0.09458,0.00304,0.10028,158.47,backup,159.62561,64.09133,47.3427,4.90378,12.65826,1.1143,0.01497,0.05926,0.05396,0.12289,0.02826,0.25259,0.69873,-0.00134,0.02273,0.01607,0.0709,-0.00783,0.00478
1078239754270548736,5214.82885,2.57022,4.92911,0.00602,-0.21041,0.00291,0.17001,171.98,backup,162.67512,73.87582,40.66997,4.90464,12.49374,1.05707,0.01671,0.45076,0.61574,,0.33276,0.03707,0.65458,0.00612,0.38634,,,-0.00437,0.20111
3702328952376941952,5215.75737,2.34731,4.94783,0.00543,0.29803,0.00288,0.02911,148.41,backup,190.05127,1.09571,63.8283,4.9658,12.28796,1.11035,0.03329,0.06336,0.02574,0.04364,0.04512,0.5254,0.76445,-0.01977,-0.01362,-0.01036,7e-05,-0.00959,0.0012
1504413008113864704,5215.86143,2.37621,5.05997,0.00557,0.19707,0.00339,0.04142,141.44,backup,214.43911,43.76084,65.93814,4.25279,12.81386,1.13935,0.02645,0.0598,0.07911,0.04044,0.02047,0.44236,0.82051,0.00854,0.03846,-0.00856,0.00673,-0.0174,-0.00965
3891198146353924992,5215.8789,2.83649,4.88807,0.00663,0.06218,0.00347,0.04343,142.87,backup,179.4737,0.47454,60.4072,4.50823,12.49431,1.08043,0.04738,0.08717,0.09698,0.06868,0.05012,0.54358,0.78627,0.00533,0.02887,-0.01005,0.00662,-0.02014,-0.00798
3661068056261895808,5215.95268,2.88753,4.72866,0.00662,-0.36966,0.00287,0.26545,205.05,backup,212.07813,1.27633,58.2483,6.03787,11.94032,1.05252,0.05272,0.09117,0.06916,0.07146,0.09982,0.57827,0.67589,-0.01273,-0.00597,-0.0114,-0.00442,0.005,0.01475
1208835003774314368,5215.99956,2.40255,4.98934,0.00569,-0.15851,0.00283,0.16429,163.43,backup,231.56746,18.03422,53.27767,6.39749,11.96778,1.11542,0.10868,0.18349,0.21521,,0.13726,0.59232,0.63297,0.01879,0.02754,,,-0.02738,-0.0218
1320966433686761856,5216.10394,2.39423,5.01425,0.00566,-0.08892,0.00282,0.12711,167.12,backup,237.03363,29.55981,51.27796,4.86705,12.50556,1.10059,0.05676,0.10212,0.15165,0.11131,0.08447,0.55579,0.72263,0.02753,0.05283,0.00511,0.02368,-0.00981,0.00428
1471900621079115520,5216.33018,2.12236,4.97742,0.005,0.23433,0.00284,0.0678,156.4,backup,203.42588,35.91215,77.43464,5.4535,12.10679,1.11305,0.02778,0.06292,0.04763,0.0702,0.04363,0.44153,0.76112,-0.00675,0.00847,0.00321,0.02565,-0.00852,0.00542
1605403524786432640,5216.4063,2.46739,4.84362,0.00563,0.35249,0.00303,-0.02665,138.08,backup,218.0882,53.10475,57.99567,4.57518,12.46026,1.09008,0.02071,0.06035,0.03799,-0.01136,0.0213,0.3432,0.773,-0.00767,0.00865,-0.02461,-0.02949,-0.0134,-0.00424
1322738640272122880,5216.45912,2.73455,5.13061,0.00681,-0.09795,0.00353,0.10552,139.56,backup,242.39037,32.92171,47.11319,6.0476,12.16188,1.11754,0.04261,0.0804,0.01873,0.01973,0.05263,0.53002,0.62063,-0.03269,-0.03099,-0.03216,-0.03037,-0.01472,-0.00995
1320425710187828608,5217.04592,1.9501,5.22717,0.00494,-0.04038,0.00269,0.08512,177.47,backup,239.78462,29.69647,48.92823,6.19247,12.21284,1.16153,0.07212,0.13216,,,0.12921,0.54569,0.62241,,,,,-0.00161,0.0083
1055288071812197632,5217.40923,2.46463,5.01923,0.00568,0.11713,0.00315,0.05694,147.11,backup,161.96673,63.28589,48.64556,4.47569,12.73439,1.11344,0.01719,0.06641,0.04961,0.08119,0.02266,0.25878,0.7386,-0.00435,0.01946,0.00383,0.04279,-0.01132,-0.00045
1550107714932144512,5217.54973,2.81338,4.98511,0.00683,-0.25526,0.00316,0.3007,152.36,backup,201.73131,44.68276,71.06011,4.80362,12.468,1.06184,0.0253,0.07116,,,0.04569,0.35554,0.79304,,,,,-0.00905,0.01094
2516553421856301696,5218.94566,2.27388,4.88709,0.00507,0.41449,0.0025,-0.02007,153.2,backup,35.86045,4.48563,-51.35783,4.9633,12.24381,1.09554,0.04567,0.13237,0.06545,0.06945,0.0905,0.34506,0.71604,-0.02309,0.00119,-0.02171,0.00405,-0.01445,0.01913
4033538963179897600,5219.77135,2.56709,5.44643,0.00651,0.17081,0.00315,0.07964,153.06,backup,181.46512,37.30731,76.00294,5.51579,12.48924,1.18314,0.02419,0.07544,0.08942,0.00706,0.06675,0.32064,0.7552,0.00448,0.04334,-0.02193,-0.01886,-0.00279,0.02622
1059602349280919936,5220.54178,2.54325,4.97884,0.00581,0.08412,0.00318,0.05756,148.08,backup,159.8307,66.17398,45.93439,4.09189,12.78656,1.08642,0.01478,0.06301,0.11892,0.07116,0.03585,0.2346,0.75459,0.01312,0.07495,0.00191,0.03891,-0.00637,0.01227
1282259604301847552,5221.49532,2.25256,4.8873,0.00509,0.41281,0.00253,-0.01009,146.98,backup,223.56129,30.03596,62.96387,5.10018,12.13025,1.11115,0.04129,0.06917,0.11061,0.07849,0.05564,0.59697,0.7527,0.02474,0.04196,0.00557,0.01779,-0.00808,0.00059
1527563534674748928,5221.92532,3.10642,5.05607,0.00721,-0.28008,0.00361,0.14799,141.34,backup,195.79672,42.52694,74.41647,4.62613,12.67786,1.08429,0.02737,0.06743,0.07366,,0.04343,0.40586,0.81095,0.00253,0.03236,,,-0.00974,0.00785
3651965783611246976,5223.10799,3.59902,4.97091,0.00807,-0.31744,0.00421,0.12244,139.86,backup,222.28236,0.76943,51.37505,4.64654,12.48076,1.16683,0.08804,0.12369,0.10265,0.12518,0.1138,0.71176,0.73948,-0.01498,-0.01213,0.00106,0.00453,-0.00704,-0.00388
3693661467856079232,5224.1668,2.62008,4.92775,0.00597,0.13455,0.00297,0.04554,148.66,backup,187.66152,-2.81513,59.63964,5.98664,11.95325,1.10519,0.04015,0.08758,0.04244,0.07898,0.08396,0.45847,0.68433,-0.02069,-0.01111,-0.00394,0.01389,-0.00166,0.0173
1550159632496782976,5225.17543,2.66526,5.11797,0.00657,-0.0641,0.00345,0.08074,140.1,backup,201.32788,44.88812,70.9912,5.87445,12.21451,1.1153,0.02515,0.07669,,,0.04391,0.32791,0.72406,,,,,-0.01075,0.00665
4032586064556170240,5226.66514,3.3168,5.02437,0.00802,-0.30467,0.00345,0.18662,164.34,backup,177.92398,37.11138,73.92118,5.02394,12.62918,1.07576,0.02399,0.07736,,,0.05299,0.31018,0.78348,,,,,-0.00756,0.01752
3569499319151109504,5227.49666,3.84048,4.95271,0.00858,-0.25469,0.00399,0.12911,143.93,backup,182.34832,-15.47692,46.1903,4.51305,12.68842,1.112,0.12828,0.15628,,,,0.82084,0.72174,,,,,,
1047817096459715072,5227.55197,2.68183,4.91611,0.00599,0.05901,0.00306,0.12216,138.82,backup,160.57127,60.09095,50.39033,5.44334,12.09252,1.07438,0.0199,0.05739,,,0.02502,0.34678,0.67769,,,,,-0.01123,-0.00295
1072997660786434816,5229.25574,2.97988,5.05378,0.007,-0.13842,0.00345,0.12683,147.51,backup,156.62072,68.35408,43.52047,5.10823,12.51145,1.09602,0.0159,0.16611,0.23433,0.22038,0.08865,0.09571,0.65987,0.00653,0.13873,0.00519,0.12953,-0.00741,0.0426
1055529242815636992,5229.84556,3.40894,4.98547,0.00813,-0.54083,0.00378,0.22682,176.32,backup,163.91184,64.79262,48.09447,4.16759,12.94671,1.03361,0.01721,0.12926,0.14321,0.12594,0.09762,0.13314,0.76036,0.00186,0.09168,-0.00044,0.07855,-0.00421,0.05702
2562693224725105024,5229.96316,2.90269,5.0385,0.00668,-0.06705,0.00316,0.09208,156.88,backup,20.4905,3.1992,-58.79114,6.30359,11.93742,1.08263,0.0254,0.08465,0.02527,0.1044,0.07256,0.3001,0.66225,-0.01782,-0.00867,0.00593,0.04374,-0.00363,0.02265
1680760650139737472,5230.06342,2.80717,5.09558,0.00664,-0.0629,0.00327,0.07043,155.94,backup,186.86415,66.28361,50.66731,5.14101,12.4489,1.09727,0.02288,0.06351,,,0.03895,0.36025,0.69989,,,,,-0.00885,0.00438
1490182166554131712,5232.7372,2.46308,5.16858,0.0059,0.09394,0.0034,0.07018,138.73,backup,222.35523,42.51216,61.53904,6.11094,12.08344,1.13897,0.03558,0.07865,0.0707,0.06534,0.04842,0.4524,0.68365,-0.0036,0.01275,-0.00602,0.00909,-0.01368,-0.00248
3646361920737109248,5233.13223,2.05159,4.81785,0.0046,0.40483,0.00224,-0.06689,175.99,backup,215.26263,-2.52613,53.31377,4.60758,12.42719,1.13435,0.11099,0.1443,0.18677,0.17228,0.1802,0.7692,0.75151,0.03267,0.02937,0.02153,0.01848,0.02762,0.02443
3564207580141166976,5233.63994,2.55375,5.02266,0.00586,0.09152,0.00298,0.04968,166.23,backup,166.73815,-13.33815,42.24782,4.14269,12.84547,1.11504,0.048,0.11801,,,,0.40679,0.72702,,,,,,
1524235003739081344,5233.64051,3.09746,5.00706,0.00721,-0.05417,0.00361,0.08963,138.8,backup,196.82287,40.28317,76.44235,4.33028,12.75034,1.08078,0.02511,0.05608,0.05904,-0.01146,0.04896,0.44779,0.83403,0.00132,0.02413,-0.03025,-0.03467,-0.00319,0.01572
1282017024546843136,5235.05679,3.14579,4.91772,0.00723,-0.22029,0.00327,0.21442,150.08,backup,224.74657,29.86086,61.9316,4.04567,12.8271,1.06852,0.04662,0.07313,0.08367,0.04885,0.05081,0.63751,0.82533,0.00672,0.02244,-0.01548,-0.0063,-0.01423,-0.00469
1055640770230816128,5235.76294,2.45046,4.85111,0.00542,0.042,0.00269,0.05627,181.2,backup,166.31015,64.4309,49.02014,4.75358,12.3459,1.05151,0.01611,0.06779,0.0817,-0.00916,0.03366,0.23764,0.71931,0.0033,0.04266,-0.01829,-0.0227,-0.00811,0.0081
5187499776857882624,5235.85704,2.30741,5.00348,0.00532,-0.2386,0.00272,0.12514,193.06,backup,43.84395,-1.76612,-50.95794,5.16887,12.0678,1.15695,0.03738,0.16785,0.19308,0.18741,0.17869,0.22271,0.69944,0.00562,0.09767,0.00436,0.0937,0.00242,0.0876
4423781375322877312,5236.80125,2.85727,5.06619,0.00661,-0.07799,0.00323,0.11455,152.68,backup,234.94592,2.13501,42.61119,4.74345,12.63432,1.12928,0.12367,0.17112,0.17486,0.1965,0.17661,0.72269,0.68076,0.0027,-0.00463,0.01834,0.0101,0.00396,-0.00344
1507016995245723904,5237.43869,2.81403,5.09876,0.00679,-0.12228,0.00326,0.073,157.18,backup,215.36204,48.12791,62.66711,5.75451,12.271,1.11185,0.02671,0.0791,0.07062,0.09892,0.07,0.33773,0.70917,-0.00286,0.02337,0.00669,0.04344,-0.00307,0.02293
1575996231603208320,5237.59933,2.97019,5.03876,0.00692,-0.19068,0.00332,0.15916,144.83,backup,181.54613,58.40984,57.73271,5.92417,12.09436,1.07423,0.02096,0.06109,0.05526,-0.00104,0.04623,0.34311,0.68077,-0.002,0.01666,-0.02132,-0.02167,-0.0051,0.01051
2509655051544014848,5238.45742,2.17525,4.93804,0.00494,0.07021,0.00255,0.05599,189.65,backup,23.64651,-0.83444,-61.74017,5.64186,12.06792,1.08324,0.02481,0.07818,0.02493,0.08518,0.09287,0.31738,0.7132,-0.0169,-0.00704,0.00222,0.03594,0.00466,0.04142
1691931589494167424,5240.24192,3.44078,4.95688,0.00785,-0.13286,0.0036,0.12108,148.37,backup,194.76228,75.71138,41.40762,4.20998,12.87738,1.08067,0.01859,0.0713,0.11959,0.10457,0.07084,0.26079,0.71545,0.01259,0.06697,0.00868,0.05622,-0.00012,0.03208
3650289170113239040,5240.26791,3.21498,4.97759,0.00728,-0.14845,0.00333,0.14875,154.51,backup,222.43274,-1.4174,49.68768,6.42439,11.93184,1.10037,0.1082,0.14972,0.16421,0.14636,0.14974,0.7227,0.61308,0.01048,-0.00752,-0.00243,-0.01847,2e-05,-0.0164
3787373492429657216,5240.61296,3.71356,5.0174,0.00851,-0.36876,0.00408,0.1937,142.29,backup,170.61929,-3.32767,52.7423,5.32583,12.39401,1.05596,0.04427,0.13167,0.13873,0.11315,0.14979,0.3362,0.69747,0.00237,0.05249,-0.00623,0.03465,0.00609,0.06021
3653707964080740352,5240.8789,1.72354,5.09985,0.00411,0.04623,0.00219,0.07066,216.58,backup,215.60882,-0.35413,54.8769,5.71248,12.26424,1.14048,0.06985,0.10489,0.0831,0.06847,0.1034,0.66594,0.68192,-0.01451,-0.01318,-0.02425,-0.02316,-0.00099,0.00066
4024908346657396096,5240.92676,2.68674,5.01745,0.00622,-0.37075,0.003,0.1908,169.32,backup,174.74081,32.88575,73.31477,5.67332,12.27238,1.05606,0.02432,0.07762,0.08906,0.02214,0.06422,0.3133,0.74095,0.00358,0.04167,-0.01738,-0.00791,-0.0042,0.02326
1552805568572383232,5241.35427,2.21295,4.97879,0.00508,0.09644,0.00287,0.05065,157.19,backup,202.19885,48.11258,67.78956,5.81055,12.0806,1.09379,0.02138,0.06682,0.0497,-0.03102,0.02114,0.31996,0.72047,-0.00548,0.01443,-0.03131,-0.04373,-0.01462,-0.00615
1320379741154111104,5242.10139,2.54969,5.04599,0.00637,-0.59173,0.00319,0.29489,173.35,backup,241.33787,30.39827,47.69753,6.82425,11.99123,1.06251,0.05473,0.10729,0.08646,0.06725,0.09829,0.51007,0.5798,-0.01063,-0.0046,-0.02042,-0.01574,-0.00459,0.00226
1713378074894450816,5243.54031,2.8484,5.16123,0.00687,-0.0918,0.00305,0.11589,165.41,backup,203.75985,76.58289,40.26501,5.85042,12.0951,1.08816,0.02027,0.07685,0.08106,0.0526,0.07582,0.2638,0.58679,0.00111,0.0273,-0.0064,0.01059,-0.00027,0.02422
1276906941177962752,5244.05274,2.61679,4.9594,0.00582,0.07393,0.00306,0.07185,146.94,backup,230.54062,31.15627,57.00054,4.36113,12.55126,1.09084,0.04529,0.07476,0.07655,0.02222,0.05175,0.60584,0.78529,0.00109,0.01483,-0.03183,-0.02784,-0.01394,-0.00465
4025485929564413312,5244.80563,2.42585,4.95668,0.00545,0.01183,0.00274,0.09032,163.93,backup,172.28451,33.00298,71.28722,4.79182,12.44948,1.07162,0.02545,0.07609,0.05374,0.00806,0.04966,0.33448,0.79428,-0.00748,0.01723,-0.02276,-0.01905,-0.00884,0.01399
4025543417701938176,5245.01834,2.15871,5.01072,0.00485,0.08842,0.00264,0.06551,176.4,backup,173.07122,33.312,71.85342,4.36305,12.66357,1.0827,0.02574,0.07716,,,0.06001,0.33361,0.8249,,,,,-0.00572,0.02376
857524374226524160,5246.9076,2.08923,4.92168,0.00466,0.10996,0.00265,0.04094,178.31,backup,170.15836,58.50368,54.86051,4.89486,12.30874,1.0669,0.02133,0.05258,0.10295,0.10285,0.03064,0.40564,0.73724,0.02043,0.05457,0.02039,0.0545,-0.0089,0.00126
1466651964884875648,5246.93512,2.06387,4.93108,0.00468,0.40781,0.00245,-0.02727,155.41,backup,198.99126,32.48841,82.45074,5.53193,11.95372,1.09069,0.02605,0.06163,,,0.02797,0.42259,0.76155,,,,,-0.01423,-0.00475
1315750247446183680,5247.40641,3.19635,4.96635,0.00727,-0.21424,0.00337,0.17028,146.31,backup,243.37193,27.16646,45.37429,6.06963,11.97377,1.0884,0.07986,0.14947,0.20848,0.19961,0.13232,0.53425,0.60861,0.03153,0.04703,0.02678,0.04163,-0.00916,0.00067
1271619733360996352,5247.59705,2.69811,4.90289,0.00598,-0.0072,0.00279,0.08502,180.45,backup,229.45368,27.97229,57.66664,4.27544,12.63586,1.09061,0.08471,0.11438,0.11331,0.12667,0.09416,0.7406,0.79424,-0.00079,0.00529,0.0091,0.0159,-0.01497,-0.00992
1315660976548776704,5249.51478,2.49948,5.0865,0.00582,0.05748,0.00309,0.08084,147.14,backup,243.94518,26.61093,44.75526,5.29717,12.38118,1.12984,0.07742,0.14746,0.16501,0.13193,0.12925,0.52501,0.6547,0.00922,0.03062,-0.00815,0.00896,-0.00956,0.0072
1509377784149596544,5249.53052,2.19427,5.03569,0.00501,0.0197,0.00255,0.06811,191.56,backup,210.77932,47.53484,65.24307,5.14667,12.308,1.08625,0.02517,0.07044,0.09866,0.00825,0.05545,0.35731,0.75623,0.01008,0.04944,-0.02222,-0.01894,-0.00536,0.01676
1676983007360061696,5250.13813,2.67316,5.12638,0.0062,-0.3544,0.00303,0.1583,175.63,backup,190.4512,64.29771,52.79822,4.58499,12.79561,1.06367,0.0219,0.05793,0.1386,0.07419,0.05377,0.37803,0.75087,0.0305,0.08217,0.00615,0.03381,-0.00157,0.01848
3786318721477131264,5250.31298,4.2575,4.78871,0.0096,-0.19511,0.0041,0.09732,137.51,backup,173.07446,-4.18342,53.31733,5.01634,12.35244,1.05161,0.0386,0.13543,0.23228,0.14802,0.20958,0.28505,0.72167,0.02761,0.12903,0.00359,0.06822,0.02114,0.11264
5108181527722869760,5250.73354,3.16625,5.06252,0.00713,-0.2574,0.00341,0.14169,156.18,backup,57.83977,-16.1665,-47.02058,6.64961,11.91461,1.05888,0.01025,0.09308,0.07293,0.07248,0.11835,0.11009,0.58529,-0.00222,0.03244,-0.00227,0.03218,0.00278,0.05902
4025376910409611264,5251.22808,2.30853,5.13037,0.00549,0.05922,0.00295,0.06802,158.29,backup,172.40099,32.2931,71.52953,4.53197,12.76578,1.12864,0.0263,0.07651,0.15053,0.08962,0.07655,0.34378,0.81256,0.02545,0.09601,0.00451,0.04652,1e-05,0.0359
1467119944521808768,5252.15545,3.37619,4.99712,0.00784,-0.31307,0.00365,0.20493,147.04,backup,195.07782,31.87041,84.88027,5.09281,12.35182,1.05157,0.02715,0.06469,0.04232,0.01916,0.03207,0.41961,0.79082,-0.00939,0.00632,-0.01911,-0.012,-0.01369,-0.00179
1577310521659492992,5252.98864,2.50033,4.9333,0.00562,0.14614,0.00298,0.08524,153.69,backup,194.03946,58.3806,58.73672,5.72018,11.8733,1.06722,0.02075,0.0582,0.08897,,0.02985,0.35648,0.69744,0.01097,0.0413,,,-0.01011,7e-05
1224592830763524480,5253.87789,3.22534,5.04597,0.00711,-0.22443,0.00338,0.13522,147.92,backup,237.36497,28.37465,50.82023,4.12044,12.88592,1.06819,0.05751,0.10304,0.14058,0.0955,0.07941,0.55808,0.77799,0.02095,0.05186,-0.00421,0.01679,-0.01319,0.00428
2501425133994987392,5253.89759,2.98525,5.10033,0.00669,-0.2957,0.00324,0.1359,161.88,backup,36.96177,1.28781,-53.31611,6.11572,12.12918,1.06675,0.0303,0.09157,,,0.08032,0.33095,0.64972,,,,,-0.00372,0.02188
845288527796861952,5254.79799,2.65847,4.97575,0.00593,0.01841,0.00296,0.10521,150.99,backup,176.05214,56.95376,57.86663,5.49197,12.07616,1.07439,0.02119,0.05568,0.00025,-0.12491,0.02242,0.38056,0.70874,-0.02109,-0.02101,-0.06872,-0.10972,-0.01266,-0.0053
1264660305788836736,5255.29062,2.35105,4.94597,0.00523,0.08124,0.00282,0.05799,162.5,backup,227.09643,25.085,59.28192,5.1491,12.33138,1.12952,0.1352,0.1662,0.1673,0.24251,0.14624,0.81348,0.73702,0.0009,-0.01189,0.06207,0.04353,-0.01624,-0.02742
1272097436800891136,5255.42708,2.82915,5.11282,0.00649,-0.15256,0.00299,0.10297,173.58,backup,229.82927,28.85699,57.44054,4.84445,12.55126,1.09153,0.0726,0.10225,0.09549,0.11335,0.06702,0.71008,0.75138,-0.0048,-0.00085,0.00789,0.01257,-0.02501,-0.02224
1689831724148455680,5255.68795,3.29611,5.06397,0.0076,-0.11946,0.00365,0.09487,138.15,backup,187.9606,72.90209,44.14978,4.71058,12.6452,1.0867,0.0242,0.07448,,,0.05596,0.32496,0.69362,,,,,-0.00602,0.01461
1552734654369327360,5256.35651,3.42624,5.03807,0.00866,-0.63943,0.00433,0.33143,141.01,backup,201.34935,47.83001,68.26183,4.66573,12.69381,1.02975,0.02296,0.06715,0.05752,0.02352,0.03075,0.34187,0.79662,-0.00329,0.02286,-0.01491,-0.00422,-0.01244,0.00154
1208443753729271808,5256.60216,3.096,5.06303,0.00745,-0.33167,0.0034,0.27702,147.79,backup,228.13374,16.72834,55.80021,4.07748,12.35226,1.14006,0.03447,0.06831,0.05144,0.0572,0.09524,0.50455,0.80264,-0.00852,0.00682,-0.00561,0.01145,0.01359,0.04198
1679702748154567936,5258.49995,2.23199,4.93802,0.00493,0.06841,0.00251,0.09079,184.14,backup,194.92058,68.01589,49.09349,5.42376,12.12486,1.06702,0.02105,0.05822,0.08386,0.01482,0.07107,0.36153,0.67201,0.00927,0.03531,-0.01569,-0.01109,0.00465,0.02671
3667296347252017152,5258.8407,3.03011,4.87644,0.00662,-0.00483,0.00304,0.05841,168.63,backup,212.82413,2.52657,58.84719,4.16744,12.73638,1.07569,0.05565,0.09022,0.08066,0.07902,0.09479,0.61689,0.80656,-0.0059,0.0094,-0.00691,0.00808,0.00282,0.0208
2558957011199395200,5259.07062,2.57589,4.8607,0.00569,0.16081,0.00303,0.0576,154.22,backup,23.44751,2.58391,-58.58216,4.39221,12.42311,1.07568,0.03468,0.09666,0.02512,0.05898,0.06752,0.3588,0.78868,-0.02567,-0.01487,-0.01352,0.01184,-0.01045,0.01857
4030666935728857984,5260.13055,3.15157,5.02815,0.00709,-0.24883,0.00337,0.15712,150.69,backup,182.658,37.98035,76.1741,4.25956,12.78268,1.05387,0.02567,0.07451,0.07854,0.03915,0.04996,0.34447,0.83857,0.00139,0.04019,-0.01218,0.00717,-0.00845,0.01623
3703266079881964928,5260.13785,3.18661,4.89935,0.00724,-0.19952,0.00311,0.29527,158.18,backup,190.8509,2.25143,65.04887,5.32621,12.12893,1.04735,0.03735,0.06843,0.08942,0.09483,0.0784,0.54579,0.74381,0.01146,0.02916,0.01441,0.03319,0.00544,0.02096
1507898971073297280,5260.46734,2.85243,4.95518,0.00644,-0.0823,0.00295,0.09646,175.24,backup,213.53824,47.88124,63.72274,5.78882,12.07455,1.07769,0.02665,0.07917,-0.01271,0.0473,0.04437,0.33658,0.71037,-0.03092,-0.03567,-0.01073,0.00696,-0.01171,0.00487
748821333240393856,5260.56334,2.79437,5.28039,0.0068,-0.15767,0.00342,0.09193,138.54,backup,155.70386,32.1522,57.47924,7.10726,11.90054,1.11772,0.01608,0.05834,,,0.04911,0.27568,0.61291,,,,,-0.00254,0.01402
5107833875890109824,5262.30767,3.67618,5.02742,0.00794,-0.2964,0.00371,0.14534,152.58,backup,58.95002,-16.90402,-46.31459,5.00437,12.45748,1.04295,0.01865,0.08514,,,0.09715,0.21899,0.68526,,,,,0.00263,0.04793
1692088299965529216,5262.53492,3.32607,5.1007,0.00754,-0.24805,0.00335,0.14137,170.19,backup,193.07296,75.43941,41.68872,5.82655,12.13668,1.04921,0.01773,0.07145,,,0.06913,0.24818,0.59875,,,,,-0.00057,0.02366
2512239487984706048,5262.90964,3.14057,4.97623,0.00687,-0.19008,0.00314,0.15665,163.9,backup,25.62258,2.21468,-58.18219,4.7079,12.4894,1.05471,0.0339,0.10602,0.00227,0.02318,0.07132,0.31975,0.764,-0.03318,-0.03217,-0.02649,-0.01619,-0.0111,0.02059
5095621256643270784,5263.11081,3.6248,4.9627,0.00858,-0.45856,0.00395,0.30334,154.98,backup,58.2395,-18.30496,-47.45184,5.48356,12.21364,1.03028,0.01424,0.10824,0.06542,0.10773,0.13708,0.13152,0.65863,-0.00563,0.02885,-7e-05,0.05672,0.00379,0.07605
1509231033706954112,5263.44199,3.01789,4.98965,0.00673,-0.10211,0.00305,0.11411,165.88,backup,208.66102,47.58663,66.09836,4.65504,12.51766,1.06584,0.02478,0.06683,0.06187,0.04934,0.04287,0.37078,0.7922,-0.00184,0.02423,-0.00648,0.01431,-0.00889,0.00918
1223557949803911424,5264.11142,2.98658,5.01,0.0066,-0.1399,0.0031,0.09931,151.94,backup,238.22654,27.64647,49.9485,4.94536,12.48801,1.06203,0.06717,0.11968,0.13494,0.08046,0.09444,0.56122,0.71012,0.00857,0.02866,-0.02201,-0.01003,-0.01416,-0.0001
1502545453254247040,5265.46324,3.81003,4.77889,0.00948,-0.83479,0.00433,0.36837,175.46,backup,208.73444,43.98753,68.8435,4.768,12.49753,0.98614,0.0254,0.06382,0.06799,-0.01579,0.02471,0.39798,0.79086,0.00166,0.02837,-0.03168,-0.03789,-0.01556,-0.00585
1505967786273425024,5265.84907,2.85113,4.83654,0.00613,-0.17824,0.00264,0.16888,198.9,backup,212.3717,45.65141,65.84854,5.44971,12.04963,1.03794,0.02272,0.05977,-0.00177,-0.00994,0.01813,0.38013,0.73802,-0.02339,-0.02403,-0.0265,-0.03006,-0.01583,-0.00934
3686818240626953856,5265.97413,2.94685,5.07319,0.00649,0.10343,0.00341,0.05246,147.09,backup,201.22016,-0.5587,61.16847,5.13136,12.35015,1.08997,0.03722,0.06428,0.01952,0.00367,0.08236,0.57895,0.74482,-0.02591,-0.02268,-0.03509,-0.03448,0.01047,0.02413
1682560898566988032,5266.65469,3.9327,5.02664,0.00861,-0.31419,0.00402,0.13634,144.09,backup,189.19355,68.5507,48.51992,5.06009,12.49774,1.04636,0.02125,0.0585,0.09466,0.01678,0.0552,0.36323,0.69409,0.01313,0.04445,-0.01516,-0.00961,-0.0012,0.01706
3691884103013256064,5266.87077,3.1749,4.93604,0.00744,-0.44537,0.00345,0.28408,159.56,backup,195.52698,1.77599,64.51906,5.87045,12.0883,1.03267,0.03481,0.06669,0.02879,0.03768,0.0638,0.522,0.70777,-0.01978,-0.01443,-0.01514,-0.00814,-0.00151,0.01034
1447741464398171776,5268.12853,3.44309,4.85684,0.0079,-0.26564,0.00347,0.30034,147.99,backup,199.12404,26.19105,84.3242,4.5168,12.45094,1.02888,0.02471,0.0593,0.04655,,0.03186,0.41673,0.82838,-0.00532,0.01385,,,-0.01143,0.00168
1224882414637616896,5268.90605,2.42672,5.11927,0.00561,-0.08713,0.00269,0.08607,179.62,backup,236.77193,29.16051,51.45043,4.2889,12.12489,1.12254,0.05521,0.09826,0.0902,0.07396,0.07686,0.56186,0.76748,-0.00453,0.01402,-0.01366,0.00155,-0.01203,0.00378
1222590791888420608,5269.58065,2.3664,5.08422,0.00536,-0.15268,0.00248,0.1318,204.1,backup,233.50963,26.15862,53.81351,5.16336,12.49786,1.12194,0.13113,0.16907,0.2015,0.20003,0.14812,0.77563,0.71364,0.02516,0.01267,0.02402,0.01162,-0.01625,-0.02543
1551761414779898368,5270.1684,2.34788,4.85978,0.00512,0.18679,0.00277,0.02506,156.65,backup,203.65811,47.06711,68.3294,5.63576,11.94632,1.06084,0.02318,0.0758,,,0.07407,0.30576,0.73265,,,,,-0.00053,0.03109
1501619454008630016,5270.61542,2.8452,4.96693,0.0061,0.02493,0.00301,0.107,142.78,backup,204.97098,43.42799,70.98261,5.88372,11.87663,1.06916,0.02448,0.06291,0.03786,-0.00134,0.02828,0.38914,0.72348,-0.00975,0.00291,-0.025,-0.02545,-0.01348,-0.00402
2512293634637224448,5270.66375,3.35944,4.95455,0.00749,-0.33354,0.00342,0.26285,160.97,backup,25.73839,2.71579,-57.67399,5.06877,12.32481,1.03698,0.03092,0.10356,0.10261,0.05941,0.07097,0.29854,0.7365,-0.00028,0.04466,-0.01318,0.01284,-0.00973,0.02136
1322063849370495360,5270.86726,3.23912,4.9457,0.00816,-0.62396,0.00401,0.34773,153.49,backup,242.82352,31.67193,46.60662,5.46918,12.2304,1.01855,0.04655,0.09381,0.072,0.10084,0.08798,0.49627,0.65455,-0.01082,0.00057,0.00349,0.01945,-0.00289,0.01103
4027276041868981888,5271.4963,2.3569,4.87174,0.00537,0.32058,0.00286,0.0165,154.13,backup,181.17263,33.29805,78.17742,5.31322,12.03272,1.07396,0.02677,0.07173,0.1227,0.05453,0.04443,0.37324,0.77093,0.01902,0.06782,-0.00642,0.01527,-0.01019,0.00748
1507602721409074048,5271.94549,2.5882,5.11804,0.00587,-0.19785,0.00261,0.12161,200.73,backup,213.80244,46.96192,64.23105,5.48495,12.30902,1.08223,0.02595,0.07177,0.09596,0.00162,0.0329,0.36154,0.73112,0.00875,0.04421,-0.02536,-0.02476,-0.01406,-0.0019
1549210376004380416,5272.47441,3.01063,5.04538,0.00667,-0.00817,0.00328,0.06608,145.22,backup,180.66605,53.84844,61.80789,4.30425,12.70037,1.07628,0.0227,0.0641,0.02414,,0.03924,0.35409,0.80566,-0.01415,-0.00324,,,-0.0088,0.00891
1056466434743338624,5273.71537,2.45277,4.95631,0.00529,0.04258,0.00268,0.05629,176.56,backup,170.00688,64.92699,49.514,5.22335,12.21171,1.06115,0.01588,0.05393,0.04861,-0.00566,0.03114,0.29443,0.68804,-0.00157,0.01757,-0.01754,-0.01977,-0.00671,0.00555
3895645396009801600,5274.10983,3.524,5.0271,0.00768,-0.07788,0.00354,0.0911,136.92,backup,177.12984,2.84485,61.43017,4.9882,12.45639,1.08134,0.04878,0.0916,0.08924,0.08604,0.06809,0.53253,0.75549,-0.00126,0.01864,-0.00296,0.01623,-0.01252,0.00267
842055899187023360,5275.09124,2.72659,4.97548,0.00594,-0.06231,0.00276,0.10494,161.79,backup,178.10953,56.27368,58.99278,6.09776,11.87366,1.05721,0.02008,0.05756,-0.09754,,0.02642,0.34895,0.67518,-0.05412,-0.08594,,,-0.01087,-0.00225
2501062810553912576,5275.32334,3.25131,5.12026,0.00738,-0.04705,0.00347,0.09318,139.84,backup,35.28818,0.37632,-55.05001,4.43898,12.70708,1.0992,0.05374,0.10269,0.09591,,0.09665,0.52335,0.77172,-0.00355,0.02027,,,-0.00316,0.02084
1221572266163725824,5275.88363,2.81408,5.03055,0.00616,-0.14285,0.00286,0.10048,167.42,backup,234.76107,25.4573,52.56985,4.59636,12.68209,1.09505,0.1193,0.16317,0.21925,0.19184,0.14637,0.73111,0.74896,0.041,0.04492,0.02096,0.02438,-0.01229,-0.00967
3789959956095540224,5278.12952,3.12668,5.03013,0.00667,-0.00837,0.00317,0.07662,153.3,backup,169.75991,-3.75959,51.90345,5.7607,12.04512,1.07614,0.04249,0.12032,0.14588,0.12291,0.1265,0.35315,0.66475,0.00903,0.05448,0.00091,0.03921,0.00218,0.0416
3649381282746193152,5280.16417,3.09353,5.0317,0.00692,-0.04483,0.00326,0.07916,149.78,backup,217.38411,-2.36595,52.20251,4.25162,12.83356,1.1054,0.10231,0.13137,0.08993,0.11053,0.13805,0.77883,0.77391,-0.03227,-0.03271,-0.01623,-0.01677,0.00521,0.00453
1224606643378229632,5280.25703,3.1775,5.07205,0.00735,-0.41928,0.00377,0.12176,143.98,backup,237.33032,28.61459,50.8875,4.59591,12.64454,1.05943,0.05706,0.10353,0.13777,0.03973,0.08895,0.5511,0.74092,0.01887,0.04502,-0.03516,-0.02762,-0.00804,0.00885
1271899078030444288,5281.61402,2.20324,5.01257,0.00483,0.19264,0.00261,0.01908,182.49,backup,231.45679,28.58089,55.99121,5.63034,12.08582,1.09977,0.0628,0.09309,0.06004,0.05635,0.07442,0.6746,0.69206,-0.0223,-0.02125,-0.02479,-0.0238,-0.01259,-0.01129
2512298204482583808,5282.25427,2.60043,5.08346,0.00562,0.09664,0.00292,0.05611,161.33,backup,26.02875,2.81444,-57.47402,4.89358,12.37332,1.08334,0.03156,0.09904,,,0.06851,0.31865,0.74801,,,,,-0.00973,0.01969
1055517148187757440,5282.44606,3.08337,4.84081,0.00744,-0.51305,0.00321,0.3341,199.31,backup,163.41146,64.56702,48.12671,4.90917,12.32586,0.99594,0.01658,0.11658,0.17983,0.08762,0.11146,0.1422,0.70283,0.00899,0.10981,-0.00412,0.04501,-0.00073,0.06176
864651133719717632,5283.98097,3.29226,5.12359,0.00736,-0.09349,0.00339,0.1021,144.29,backup,178.56495,65.92474,50.18678,5.59593,12.24096,1.08462,0.02042,0.06551,0.07675,0.01039,0.04343,0.31162,0.66651,0.0035,0.03074,-0.01718,-0.01349,-0.00688,0.00853
1572602829483014528,5286.08626,3.23739,5.11514,0.00745,-0.12453,0.00337,0.13164,150.75,backup,185.30579,53.74506,62.8049,4.93258,12.4747,1.08095,0.02528,0.06803,0.11382,0.00917,0.05854,0.37162,0.76368,0.01702,0.06164,-0.02187,-0.01828,-0.00352,0.01943
856265334629517568,5287.41528,2.9479,4.92432,0.00628,-0.03547,0.00292,0.11827,152.28,backup,168.34576,56.16505,56.06182,5.6092,11.96977,1.04408,0.01939,0.04998,0.04356,0.01406,0.02529,0.38793,0.69372,-0.00249,0.01083,-0.01394,-0.00964,-0.00958,-0.00184
3634315774422352384,5288.30665,3.69179,5.03516,0.00837,-0.25151,0.00394,0.10432,144.28,backup,205.87925,-2.8933,57.45689,4.42428,12.74139,1.08449,0.09056,0.11856,0.07672,0.07418,0.1006,0.76386,0.78223,-0.03196,-0.03055,-0.0339,-0.03254,-0.01372,-0.01187
1223904811362855040,5289.24933,2.3245,5.1507,0.00526,-0.03439,0.00245,0.08492,190.03,backup,235.39602,26.71611,52.2578,5.07095,12.49391,1.1244,0.10797,0.14829,0.23024,0.20225,0.14269,0.72808,0.71279,0.05967,0.05615,0.03929,0.0362,-0.00408,-0.00626
1296056619801826688,5290.18346,3.39019,5.13804,0.00755,-0.12754,0.00349,0.09163,140.36,backup,224.2757,38.09204,61.52984,5.58735,12.27173,1.0895,0.03026,0.06406,0.08757,0.06109,0.03326,0.47239,0.71596,0.01111,0.03244,-0.0014,0.01347,-0.01455,-0.00645
3646670466891915904,5290.47538,2.49958,4.96312,0.0053,0.01059,0.00245,0.06767,196.68,backup,215.02265,-2.06417,53.83015,5.4806,12.14728,1.09114,0.09838,0.13428,0.1661,0.1626,0.15559,0.73265,0.69222,0.02331,0.01659,0.02075,0.01417,0.01561,0.00932
1320717974121749632,5290.95621,3.27048,5.08995,0.00718,-0.22676,0.00331,0.13278,153.12,backup,238.0971,29.06637,50.29108,4.24232,12.82494,1.07112,0.06587,0.12318,0.15617,0.1204,0.09914,0.53474,0.7656,0.01764,0.05369,-0.00149,0.02631,-0.01285,0.01003
1499376935621073536,5291.46544,3.51739,4.95057,0.00801,-0.45344,0.00374,0.18108,163.51,backup,210.82301,43.61977,68.04142,4.26793,12.78677,1.01545,0.02614,0.06082,0.0415,-0.01466,0.027,0.42976,0.82421,-0.0083,0.00807,-0.03244,-0.03822,-0.01453,-0.00388
861577620763026048,5291.66629,3.28796,5.12641,0.0074,-0.24545,0.00354,0.1491,140.23,backup,165.32561,60.67425,51.63494,6.71889,11.85416,1.05257,0.01867,0.05528,0.09323,0.00564,0.01913,0.33781,0.60685,0.01282,0.0379,-0.01677,-0.01525,-0.01221,-0.00706
856324948775574400,5291.83209,3.19356,5.08043,0.00716,-0.33166,0.00349,0.16705,147.64,backup,168.29841,56.49797,55.79431,4.18161,12.26694,1.14789,0.02074,0.05047,0.12097,-0.05309,0.02659,0.4109,0.79448,0.02897,0.07537,-0.04255,-0.06291,-0.00981,0.00039
1463427097280785024,5292.96784,3.57826,5.03094,0.00791,-0.21994,0.00364,0.13844,142.26,backup,199.39483,31.21712,82.98243,4.61439,12.53496,1.04584,0.02719,0.06184,0.11907,0.06221,0.02498,0.4397,0.82106,0.02516,0.07057,0.00016,0.02388,-0.01621,-0.00668
1504237464210516480,5295.6257,2.34541,5.0128,0.00497,0.31906,0.00259,-0.01615,163.66,backup,214.01561,42.22941,67.08022,4.68598,12.37917,1.07645,0.02719,0.06175,0.04682,0.04971,0.03047,0.44028,0.79246,-0.00657,0.00992,-0.0053,0.0122,-0.01377,-0.00304
861554672754152832,5295.67911,3.28339,4.99935,0.0071,-0.05652,0.00324,0.09712,142.56,backup,165.10773,60.64798,51.58359,5.99554,11.91421,1.0462,0.01892,0.05568,,,0.01919,0.33984,0.64847,,,,,-0.0124,-0.00648
2560171731029346176,5295.92154,2.78978,5.1067,0.00623,-0.16629,0.00283,0.11071,178.31,backup,22.73488,3.95018,-57.49088,6.04342,12.04975,1.06411,0.02643,0.09221,,,0.04494,0.28659,0.67252,,,,,-0.01355,0.00379
3686685581972900224,5296.34761,3.13723,4.84151,0.00656,0.25329,0.00339,0.0179,138.62,backup,199.91341,-0.47871,61.57142,4.95856,12.06409,1.05362,0.04031,0.07061,0.05629,0.05434,0.06368,0.57089,0.758,-0.00818,0.00235,-0.00929,0.00088,-0.00396,0.00796
1582317663253221248,5298.186,2.92313,4.87488,0.00629,0.42699,0.00293,0.01197,136.92,backup,181.81778,60.6472,55.65213,5.08763,11.91955,1.05671,0.02242,0.06211,0.07234,0.03554,0.0522,0.36093,0.72699,0.00369,0.03017,-0.00959,0.00342,-0.00358,0.01553
3575661910026382336,5299.87267,2.77227,4.81002,0.00577,0.19275,0.00285,0.0293,179.61,backup,179.02534,-10.79102,49.77525,4.8448,12.00765,1.08058,0.0588,0.10181,,,,0.57751,0.71656,,,,,,
3655566855991032320,5301.99584,3.34195,5.06868,0.0072,-0.10069,0.00325,0.06978,151.02,backup,220.65193,2.4615,53.72422,5.85006,12.1059,1.08459,0.07569,0.11691,0.12009,0.11458,0.12078,0.64743,0.66794,0.00206,0.00452,-0.00151,0.00084,0.00251,0.00498
3589382926083488768,5302.11641,3.89575,4.86482,0.00904,-0.44045,0.00399,0.2745,150.4,backup,171.67671,-11.72698,46.04246,4.44388,12.46363,1.01064,0.04661,0.10325,,,,0.45146,0.72635,,,,,,
1052211947515183872,5302.80599,2.80474,4.98923,0.00596,-0.02317,0.00269,0.10655,182.62,backup,156.98588,62.68934,47.39505,4.39513,12.51689,1.04262,0.01531,0.05416,0.05736,0.08192,0.02756,0.28262,0.73808,0.0009,0.02703,0.00784,0.04516,-0.00752,0.00503
1683140989734361984,5302.96973,3.97654,5.04683,0.00851,-0.09378,0.00368,0.1129,146.14,backup,188.43835,70.30237,46.75119,4.87973,12.41684,1.05097,0.02409,0.06535,0.08259,0.00507,0.04861,0.36868,0.69704,0.00635,0.03347,-0.02223,-0.02056,-0.00617,0.00979
3645453204441314688,5303.15213,2.66667,4.90049,0.00551,0.15589,0.00278,0.06226,167.77,backup,209.8751,-3.8337,54.9486,4.94491,12.22108,1.07378,0.07704,0.10811,0.1145,0.08762,0.12397,0.71258,0.73404,0.00455,0.00701,-0.01461,-0.01273,0.0113,0.01396
2535465983926714624,5303.5211,3.61863,4.52711,0.00709,0.23078,0.00354,-0.00263,149.73,backup,19.55677,1.73114,-60.42803,4.78246,11.93274,1.01471,0.03753,0.09881,0.08143,0.08555,0.08598,0.37988,0.76657,-0.0066,0.02489,-0.00503,0.02805,-0.00487,0.02838
1504420837837506816,5303.95801,2.69714,5.02569,0.00593,-0.38758,0.00291,0.15802,192.51,backup,213.79669,43.30669,66.583,5.7857,12.15986,1.02585,0.02488,0.06032,0.05696,0.02277,0.02981,0.41254,0.71884,-0.00139,0.01606,-0.01549,-0.00852,-0.01258,-0.00345
3898735951396974976,5304.7751,3.22051,4.98816,0.00717,-0.27699,0.00341,0.15202,152.18,backup,180.53525,6.9888,66.70782,5.56747,12.16768,1.03658,0.03218,0.07189,0.09614,0.03789,0.04013,0.4476,0.73281,0.01085,0.03827,-0.01522,-0.00441,-0.01422,-0.00277
3656930525287415936,5308.06047,3.11664,4.94404,0.00648,0.0537,0.00306,0.06545,160.82,backup,208.1623,-4.53666,55.05243,4.0432,12.70812,1.05789,0.05385,0.08372,0.05134,0.06232,0.06376,0.6432,0.80246,-0.02083,-0.01265,-0.01376,-0.00384,-0.01284,-0.00268
4418935067369008384,5312.56832,2.65432,5.01876,0.00546,0.02174,0.00244,0.0489,206.35,backup,228.70181,0.02205,46.18903,5.56606,12.1121,1.11874,0.12907,0.16747,0.12408,0.21138,0.1431,0.77069,0.64555,-0.03344,-0.04897,0.03384,0.00738,-0.01878,-0.03669
861196983581976448,5313.16448,3.36913,5.08861,0.00744,-0.2724,0.00362,0.13812,141.9,backup,168.94761,60.85284,52.60909,5.67809,12.1743,1.03682,0.01881,0.05233,0.02294,0.12503,0.02422,0.35945,0.67353,-0.01056,-0.00336,0.02613,0.0654,-0.01011,-0.0025
1446008256115487488,5313.92187,3.37057,4.91318,0.00708,-0.05709,0.00325,0.17267,141.38,backup,198.65394,23.08157,83.37549,5.06018,12.15511,1.0377,0.02975,0.061,-0.01016,0.01163,0.03266,0.48764,0.79204,-0.0347,-0.03779,-0.02407,-0.02054,-0.01382,-0.00388
3954005686506273408,5314.8218,3.23761,4.90584,0.00763,-0.40515,0.00354,0.31037,153.64,backup,184.80211,23.65338,81.93674,5.26432,12.12295,1.00579,0.02608,0.0747,0.07537,-0.00392,0.04974,0.34914,0.7779,0.00023,0.03255,-0.02745,-0.02913,-0.00871,0.01262
3586224407135386752,5315.10189,3.06006,4.97347,0.00625,0.08658,0.00286,0.07611,175.25,backup,173.06405,-12.0741,46.34343,4.42395,12.38466,1.05226,0.04741,0.09009,,,,0.52627,0.72972,,,,,,
3693199054497038848,5315.63236,3.14846,4.73509,0.00634,0.25789,0.00309,-0.03174,160.08,backup,186.37184,-3.47868,58.75882,4.13099,12.4461,1.03963,0.04557,0.08982,0.10356,0.05485,0.09876,0.50739,0.80905,0.00698,0.03822,-0.01774,-0.0012,0.00454,0.03433
1493351130864878592,5316.13397,3.60188,4.9625,0.00751,-0.0109,0.00344,0.08378,138.05,backup,218.35242,43.82025,63.55249,4.27812,12.59411,1.04794,0.0327,0.07006,0.07338,0.05373,0.03453,0.46669,0.81256,0.00155,0.02693,-0.00762,0.01096,-0.01658,-0.00464
4416299091320002432,5316.22346,3.18699,4.93422,0.00645,-0.01438,0.00297,0.06567,163.4,backup,233.15413,-0.53401,42.41846,5.68107,12.11938,1.12037,0.25916,0.30925,0.27537,0.32277,0.27814,0.83802,0.61321,-0.02839,-0.09029,0.01133,-0.06123,-0.02607,-0.0886
1222710191979326976,5317.1179,2.93412,5.06394,0.00641,-0.28004,0.00305,0.12581,176.85,backup,233.25164,26.84289,54.16418,4.03388,12.93603,1.06874,0.11576,0.15146,0.18737,0.17788,0.15293,0.76431,0.79967,0.02745,0.03407,0.0202,0.02649,0.00112,0.00653
1531599773139539584,5317.28946,3.10238,4.94793,0.00669,-0.246,0.0032,0.11712,159.62,backup,184.30437,37.22166,77.59081,4.60526,12.50332,1.01891,0.02468,0.0698,0.12891,0.02724,0.05641,0.35354,0.81669,0.0209,0.0806,-0.01504,-0.00243,-0.00473,0.02139
1265295926588649984,5317.78067,3.25015,4.9915,0.00664,0.04747,0.0031,0.07345,151.52,backup,227.53977,26.16883,59.08734,4.20241,12.7079,1.09378,0.13215,0.16172,0.17884,0.20478,0.14528,0.81716,0.80471,0.01399,0.01176,0.03519,0.03264,-0.01343,-0.01524
1680964957439429888,5319.03517,3.42585,5.04498,0.00735,-0.17225,0.00318,0.10492,173.14,backup,186.25995,67.75951,49.17274,4.64857,12.51796,1.02842,0.02269,0.06148,,,0.04581,0.36905,0.72807,,,,,-0.00579,0.01066
3957157470946738816,5319.50328,3.48358,5.07155,0.00753,-0.12784,0.00348,0.10179,141.18,backup,196.41608,24.4908,85.85223,4.99879,12.38779,1.04964,0.02563,0.05712,0.06485,0.05573,0.04639,0.4487,0.79733,0.00347,0.02608,-0.00062,0.01881,-0.00482,0.01136
796952489108091392,5319.74997,2.13728,5.14556,0.00508,-0.56862,0.00243,0.19151,266.25,bright,148.00399,37.19138,51.0981,4.03297,13.02746,1.01771,0.02116,0.04996,,,0.04795,0.42351,0.78642,,,,,-0.00085,0.01655
1066964747859941248,5321.16285,2.8661,4.90926,0.00594,-0.1182,0.00267,0.11873,186.47,backup,154.47914,67.84153,43.27067,5.74566,11.89579,1.01325,0.01595,0.1736,0.13773,0.2309,0.0805,0.09188,0.61495,-0.0033,0.06875,0.00527,0.12604,-0.00855,0.03356
3882584331743164672,5322.84218,3.90126,5.06264,0.00826,-0.25356,0.00387,0.12823,146.89,backup,157.58788,11.46532,53.39316,5.23777,12.39435,1.0459,0.05996,0.10536,0.08363,0.11143,0.09146,0.56912,0.70656,-0.01237,-0.00087,0.00345,0.01877,-0.00791,0.00466
2496961258520596480,5324.2751,4.15308,4.95218,0.00896,-0.31868,0.00407,0.12375,147.39,backup,39.96235,-0.76132,-52.96306,4.0136,12.87664,1.0239,0.04749,0.088,0.07989,0.0589,0.08606,0.53966,0.7963,-0.00438,0.01613,-0.01571,-0.00059,-0.00105,0.02104
3684582284948515328,5325.76838,4.20811,5.04791,0.00913,-0.20887,0.00403,0.10197,137.7,backup,197.82828,-3.19039,59.30446,4.79686,12.45108,1.03796,0.03715,0.06928,0.0507,0.06441,0.08409,0.53622,0.76167,-0.00996,0.00147,-0.00261,0.01191,0.00794,0.0269
1572575754009143296,5328.53356,3.11024,4.96495,0.00665,-0.32447,0.00341,0.11708,157.94,backup,186.38674,54.63046,62.09309,4.82067,12.11404,1.09367,0.02428,0.06372,0.07015,0.11055,0.04518,0.381,0.76928,0.00245,0.02969,0.01784,0.06077,-0.00706,0.01048
1677445867395532544,5329.49985,2.79683,4.96763,0.0059,-0.22889,0.00282,0.12621,181.87,backup,191.10492,65.45207,51.66017,4.23606,12.6416,1.01896,0.02175,0.05766,0.14333,0.03964,0.05444,0.37717,0.77265,0.03232,0.089,-0.0068,0.00888,-0.00121,0.02032
3687964928175912064,5329.82413,4.00614,4.98107,0.00807,-0.02156,0.00367,0.0268,138.05,backup,199.54328,0.50233,62.61092,5.00595,12.31029,1.05369,0.04154,0.07328,0.08555,-0.00036,0.06835,0.5669,0.75803,0.00696,0.02331,-0.04175,-0.04181,-0.00279,0.01027
3573662658586422016,5330.60588,3.40467,4.89737,0.00778,-0.4318,0.00342,0.2697,187.23,backup,180.20131,-13.8762,47.19399,5.89031,11.91659,1.02299,0.10959,0.14695,,,,0.74574,0.6308,,,,,,
1676899410116523136,5330.61848,3.55342,4.79627,0.00859,-1.54355,0.00452,0.40044,187.39,backup,192.48178,63.81508,53.31235,6.92338,12.14297,0.9557,0.02109,0.05821,0.0636,-0.00786,0.04549,0.36224,0.6041,0.00195,0.01734,-0.02393,-0.02583,-0.00461,0.00639
3586339542321337344,5330.66999,3.12649,4.98453,0.00657,-0.05241,0.00277,0.07933,192.63,backup,172.5446,-11.87369,46.29865,4.58761,12.46121,1.03641,0.04479,0.09022,,,,0.49644,0.71654,,,,,,
1502843352185952896,5331.20395,3.5153,5.0187,0.00757,-0.2969,0.00352,0.11758,162.18,backup,208.23122,44.91325,68.38224,4.99836,12.42995,1.02484,0.02467,0.06444,0.06186,0.06982,0.02987,0.3828,0.77416,-0.00099,0.02322,0.00206,0.02938,-0.01324,-0.00155
1563260927720269696,5333.04462,3.21891,5.07082,0.00685,0.01307,0.00311,0.07007,146.88,backup,198.65923,53.49571,63.28504,5.50546,12.13848,1.06899,0.02465,0.07584,,,0.06704,0.32506,0.72692,,,,,-0.00286,0.02408
845075261195860864,5334.54369,3.00827,4.84829,0.00601,0.29048,0.00308,-0.01157,148.34,backup,176.85167,56.76399,58.24127,4.43367,12.31338,1.03752,0.02173,0.05723,0.06326,-0.02685,0.02559,0.37958,0.78437,0.00229,0.0279,-0.03192,-0.04278,-0.01201,-0.00165
1178790268725013120,5335.11761,2.70201,4.78597,0.0055,0.4264,0.00263,-0.02348,152.41,backup,220.78856,12.87688,60.24705,5.23096,11.89642,1.04933,0.03072,0.06375,0.10431,0.0746,0.0621,0.48189,0.73493,0.01955,0.04594,0.00523,0.02411,-0.00079,0.01492
3669463381591114112,5341.44678,3.72701,4.94987,0.00857,-0.56478,0.0042,0.28268,149.51,backup,215.94436,4.48633,58.4169,4.12213,12.78788,1.00767,0.05353,0.08771,0.07942,0.01901,0.07636,0.61025,0.80858,-0.00506,0.01069,-0.04192,-0.03815,-0.00693,0.00822
854415852992709760,5341.80879,3.14249,4.93945,0.00649,-0.05082,0.00291,0.12436,165.53,backup,161.15991,58.05887,51.95688,5.15747,12.0763,1.02313,0.01776,0.05086,0.045,-0.0114,0.02787,0.34916,0.70524,-0.00204,0.01398,-0.02174,-0.02579,-0.00802,0.0019
3702014079734476160,5342.95499,3.64007,4.84113,0.00724,0.02313,0.00336,0.07811,150.94,backup,191.52811,0.56049,63.40148,4.51634,12.25742,1.02801,0.03703,0.06645,0.04984,0.0561,0.05498,0.5573,0.79482,-0.00925,0.00258,-0.00577,0.00756,-0.00639,0.00667
5108094253987509504,5343.44067,3.38174,4.98236,0.00662,0.12054,0.00312,0.05514,157.58,backup,57.74093,-16.56946,-47.26221,5.75675,11.87052,1.04762,0.01442,0.0945,0.18194,0.15259,0.11434,0.15255,0.63965,0.01334,0.10196,0.00886,0.08319,0.00303,0.05872
1679122313390086272,5343.85465,3.06326,4.94247,0.00605,0.1964,0.00303,0.04017,161.02,backup,191.94619,66.741,50.38324,4.07947,12.52077,1.0432,0.0215,0.05701,,,0.06657,0.37706,0.77923,,,,,0.0036,0.03038
1506827741806953472,5344.60136,3.06898,4.66514,0.00598,0.14492,0.00291,0.03171,178.79,backup,214.38949,46.62788,64.15787,4.25588,12.26265,1.01009,0.02747,0.06854,0.10221,0.17274,0.02858,0.40075,0.81581,0.01349,0.05592,0.04176,0.11346,-0.01601,-0.00415
3566237549187841920,5345.63858,3.95779,5.07258,0.00834,-0.07537,0.00339,0.12521,159.67,backup,166.9347,-11.44844,43.94723,4.0269,12.86404,1.07153,0.04923,0.13302,,,,0.37006,0.7481,,,,,,
3649393446093468032,5346.34989,2.93394,4.92653,0.00605,-0.00746,0.00269,0.13392,176.17,backup,216.90752,-2.67669,52.23783,4.99327,12.2313,1.07932,0.11811,0.14964,0.1837,0.15941,0.17131,0.78927,0.71821,0.02688,0.01383,0.00771,-0.00361,0.01711,0.00493
1054862973128913024,5348.318,2.69206,4.88124,0.00533,0.26647,0.00266,0.00307,175.65,backup,168.64685,63.87227,50.07081,4.99541,12.01646,1.02222,0.01629,0.05436,0.05187,0.04481,0.03218,0.29965,0.70714,-0.00074,0.02039,-0.00286,0.0154,-0.00665,0.00647
2496935312622618240,5348.8004,3.73129,4.87041,0.00754,-0.05786,0.00332,0.10023,158.42,backup,39.9356,-1.03048,-53.1798,4.86326,12.2139,1.02007,0.03378,0.08741,0.08286,0.06903,0.08641,0.38645,0.73202,-0.00176,0.02688,-0.0071,0.01675,-0.00038,0.02948
1509126442663111040,5348.94856,3.06038,4.91099,0.00627,-0.03141,0.00276,0.08594,181.47,backup,208.51755,47.23173,66.44061,4.22939,12.42113,1.02742,0.02547,0.06666,0.0877,,0.04935,0.3821,0.8234,0.00804,0.04674,,,-0.00662,0.01516
3587162153114707968,5349.24267,5.14163,4.84894,0.01198,-0.85839,0.0053,0.38782,143.41,backup,177.75316,-11.46474,48.71665,4.21159,12.77764,0.99521,0.07739,0.1093,,,,0.70801,0.76007,,,,,,
1580303048713284736,5349.92498,3.09893,4.93042,0.00721,-0.54629,0.00348,0.31951,175.39,backup,191.6605,61.37415,55.74459,4.03341,12.62814,0.98076,0.02268,0.05821,0.13248,,0.03204,0.3896,0.8059,0.02894,0.08409,,,-0.01019,0.00315
1077286550704973440,5351.32007,2.80621,4.89965,0.0056,0.06184,0.00267,0.08051,177.74,backup,159.12498,72.3584,41.21184,4.49173,12.32323,1.03364,0.01618,0.2965,0.30686,0.21557,0.24664,0.05459,0.6907,0.00057,0.19576,-0.00442,0.13271,-0.00272,0.15417
1580506286565633920,5351.91404,2.84098,5.08803,0.00602,-0.14654,0.00279,0.11244,172.83,backup,190.76932,61.60173,55.49802,5.24358,12.24279,1.0361,0.02137,0.05711,0.10163,0.01851,0.03937,0.37426,0.71558,0.01666,0.05135,-0.01444,-0.00813,-0.00664,0.0068
1556850946728983040,5356.05808,3.75395,5.03181,0.0076,0.0232,0.00347,0.06293,138.95,backup,198.73984,50.90848,65.8036,4.41465,12.54668,1.04678,0.02388,0.06418,0.05491,0.04193,0.02599,0.37209,0.80851,-0.00345,0.02051,-0.00828,0.01002,-0.01421,-0.00286
1554135088587017600,5357.62241,3.59803,4.94799,0.00827,-0.54757,0.00413,0.30405,144.91,backup,196.07891,46.80529,70.16002,4.802,12.38337,0.98031,0.02287,0.06185,0.06137,0.04664,0.0304,0.36982,0.79135,-0.00018,0.02569,-0.00562,0.01403,-0.01163,0.00118
5109342474562947072,5357.78047,3.45772,4.95284,0.00654,0.21271,0.00331,0.01987,155.65,backup,59.08048,-16.66657,-46.11002,4.67934,12.16789,1.02602,0.02394,0.08584,0.05092,0.04168,0.09883,0.27891,0.70832,-0.00974,0.01212,-0.01232,0.00558,0.00362,0.04606
1276425217645934464,5358.08248,2.38182,4.87687,0.00469,0.47118,0.00209,-0.03997,188.43,backup,228.07219,31.292,59.11484,5.11532,11.89457,1.04269,0.04866,0.07772,0.07646,0.02973,0.05228,0.62609,0.73872,-0.00079,0.00782,-0.03004,-0.0267,-0.01593,-0.01004
1154823973256248704,5358.30661,4.33431,4.82956,0.00965,-0.66683,0.00461,0.17705,157.96,backup,225.43045,3.4008,50.87251,4.26533,12.78961,0.99076,0.09363,0.13859,0.12786,0.12059,0.13532,0.67558,0.76659,-0.00725,0.00439,-0.01216,-0.00119,-0.00221,0.01011
1530300627136030976,5358.71942,3.39362,4.94021,0.0077,-0.74476,0.00383,0.34374,176.02,backup,194.56008,45.04386,72.03287,6.04351,11.91615,0.9712,0.02624,0.08207,0.06299,0.08569,0.05987,0.31977,0.71611,-0.0061,0.01886,0.00116,0.03512,-0.0071,0.01663
1713428794163936256,5358.72917,3.61212,4.87815,0.00762,-0.18442,0.0032,0.20486,168.15,backup,201.02353,76.79232,40.18121,4.53997,12.24957,1.00126,0.02048,0.08156,0.10253,,0.07397,0.25108,0.6792,0.00526,0.04916,,,-0.00191,0.02976
4423923482904997376,5360.37365,3.43094,4.88361,0.00671,0.12684,0.00317,0.04138,159.03,backup,235.77127,2.79016,42.31867,4.7033,12.37413,1.08848,0.1547,0.20167,0.2057,0.22851,0.20542,0.76709,0.68183,0.0031,-0.01444,0.02059,0.00111,0.00288,-0.01463
1573756320258878848,5361.05999,3.35145,4.8849,0.00682,0.07131,0.00319,0.11597,149.18,backup,181.30722,55.66799,60.26375,4.45603,12.26826,1.01719,0.02209,0.05957,,,0.03095,0.37081,0.78963,,,,,-0.01061,0.00235
1316527121130437248,5361.09785,3.3473,5.14593,0.00715,-0.17038,0.00331,0.12354,149.54,backup,240.10468,27.50652,48.28618,4.90983,12.41526,1.06639,0.08656,0.15664,0.18135,0.17018,0.11502,0.55262,0.70368,0.01366,0.04105,0.00749,0.03319,-0.023,-0.00563
845608455616204160,5362.26961,2.89346,5.08661,0.0061,-0.11796,0.0028,0.11207,169.13,backup,173.10697,56.60843,57.32072,4.91064,12.35647,1.02718,0.0224,0.05367,0.0547,0.01332,0.04418,0.41748,0.74621,0.00043,0.01841,-0.01684,-0.01247,-0.00396,0.01056
1488064743381318912,5362.4364,3.78207,4.88405,0.00835,-0.38935,0.00379,0.13479,162.12,backup,220.64267,40.19303,63.60386,5.34777,12.19285,0.99235,0.03104,0.06738,0.04918,-0.00589,0.02941,0.46077,0.73815,-0.00838,0.00526,-0.03376,-0.03539,-0.01749,-0.00933
1281771073242668800,5362.72188,3.54351,4.98473,0.00777,-0.35986,0.0038,0.15177,149.26,backup,221.74739,29.05888,64.50574,4.18949,12.74727,1.01705,0.0475,0.07716,0.07981,0.06252,0.0449,0.6156,0.82158,0.00163,0.01807,-0.00901,0.00387,-0.01986,-0.01061
1303481175148470656,5362.97972,3.47777,5.08788,0.0074,-0.14046,0.00345,0.10775,138.97,backup,245.29015,26.11976,43.46991,4.33963,12.64908,1.05205,0.06377,0.12258,0.13828,0.12932,0.11296,0.52026,0.71868,0.00817,0.03561,0.00351,0.02917,-0.005,0.01741
3658088796362820864,5363.2042,3.96399,4.65439,0.00864,-0.32373,0.00364,0.1091,178.9,backup,206.98461,-3.16564,56.78089,5.33239,12.11555,1.11316,0.07512,0.10631,0.11213,0.10939,0.1256,0.70666,0.71495,0.00411,0.00504,0.00218,0.00309,0.01363,0.01467
1444477594197563264,5363.42893,3.36691,4.85283,0.00672,0.20009,0.0033,0.06463,147.14,backup,206.26065,25.21095,77.82694,4.17034,12.33582,1.02732,0.03172,0.06185,0.04451,-0.00219,0.03201,0.51288,0.84667,-0.00889,0.00596,-0.03284,-0.03357,-0.0153,-0.00462
1187703936476851072,5364.10381,3.2894,5.08319,0.00688,-0.12858,0.00328,0.07262,149.9,backup,226.30962,17.25292,57.6081,5.65715,12.09078,1.05162,0.03091,0.07495,0.05525,0.03551,0.07657,0.41238,0.69702,-0.00812,0.0076,-0.01626,-0.00616,0.00067,0.02246
3899082709876830080,5364.65755,2.49486,4.83744,0.00488,0.2851,0.00247,0.01131,193.73,backup,178.09978,6.55276,65.09874,4.9565,11.94394,1.0201,0.03494,0.07436,0.02464,-0.00212,0.02613,0.46986,0.76869,-0.02337,-0.016,-0.03593,-0.03657,-0.02266,-0.01485
1224228681958905856,5365.68165,2.86074,5.06522,0.00601,-0.21313,0.00289,0.10695,178.61,backup,233.52326,27.2961,54.00159,4.30668,12.66418,1.04829,0.09105,0.12554,0.1314,0.10219,0.11,0.72524,0.7775,0.00425,0.01111,-0.01694,-0.0116,-0.01127,-0.00552
1499232590360035456,5366.00445,2.97987,4.7849,0.00576,0.299,0.00283,-0.02962,171.93,backup,210.33754,42.64688,68.95853,4.80463,12.00359,1.01367,0.02601,0.0619,0.07809,0.06488,0.03392,0.42019,0.78861,0.0068,0.03557,0.00125,0.02516,-0.01176,0.00074
1503801061173502080,5366.89096,3.12038,4.93705,0.00605,0.26895,0.00294,-0.01448,169.86,backup,207.17152,46.16274,67.84867,4.64509,12.20999,1.03276,0.02505,0.07014,0.09108,0.07375,0.04814,0.35719,0.79712,0.00748,0.04755,0.00129,0.03374,-0.00786,0.01332
3658136380304796800,5367.14231,3.71048,4.87002,0.00812,-0.39283,0.00378,0.15553,166.66,backup,206.57068,-2.87863,57.20725,4.56999,12.47156,1.0013,0.0863,0.11557,0.10798,0.08539,0.11044,0.74672,0.77044,-0.00567,-0.00311,-0.02254,-0.02051,-0.00383,-0.00121
1559922711635621248,5367.20131,3.29633,4.7729,0.00634,0.25319,0.0033,-0.00752,154.26,backup,201.41094,52.43479,63.89662,5.03554,11.96902,1.00582,0.02262,0.06473,-0.00224,-0.01304,0.03086,0.34936,0.75989,-0.0234,-0.02432,-0.02717,-0.03252,-0.01184,0.00083
1055870435017740800,5368.06421,2.48336,4.64999,0.00471,0.38881,0.00235,-0.09391,200.26,backup,165.63643,64.92425,48.45346,4.38967,12.09353,0.98641,0.0165,0.10117,0.19317,0.06419,0.07913,0.16312,0.74435,0.01501,0.12729,-0.00603,0.03128,-0.0036,0.0424
4404450586517292032,5368.88469,3.24725,5.0955,0.00684,-0.07275,0.00285,0.13335,185.85,backup,235.89565,-0.82462,40.08197,5.0869,12.35743,1.12155,0.22211,0.27683,0.30983,0.31506,0.29247,0.80235,0.63673,0.02648,-0.02483,0.03067,-0.02151,0.01255,-0.03589
2559161554721309952,5369.33878,3.49824,5.06297,0.00682,0.11108,0.00312,0.04348,154.65,backup,23.73126,3.40932,-57.70953,4.73284,12.34429,1.06625,0.03448,0.11248,0.05418,0.10886,0.10529,0.30658,0.76043,-0.01787,0.00672,-0.00111,0.0483,-0.0022,0.04558
3585983511009535872,5371.67452,4.05753,5.00337,0.00912,-0.50247,0.00419,0.18992,159.2,backup,175.72815,-11.06209,48.3491,4.7555,12.49534,1.00638,0.03778,0.06997,,,,0.54002,0.71549,,,,,,
1218237786698822016,5371.86757,3.6185,5.18112,0.0077,0.03597,0.00323,0.07256,147.09,backup,239.16368,22.3421,47.90299,5.68596,12.18242,1.13442,0.12756,0.19882,0.18742,0.20683,0.17962,0.64157,0.64795,-0.00731,-0.00612,0.00514,0.00646,-0.01232,-0.01117
3691847578611102720,5372.32727,3.26359,4.92271,0.00642,0.11928,0.00298,0.06436,158.88,backup,195.33764,1.52987,64.2915,4.7916,12.21072,1.02365,0.03576,0.06591,0.0703,0.02197,0.06073,0.54257,0.77783,0.00238,0.01892,-0.02384,-0.01868,-0.00281,0.01147
3585038171528485376,5372.65751,3.14014,4.8741,0.00621,0.07574,0.00288,0.04912,170.59,backup,174.96282,-13.39329,45.91172,4.71026,12.19569,1.02823,0.05363,0.09265,,,,0.57889,0.70475,,,,,,
3974783462681790720,5376.40042,3.47483,5.01531,0.00756,-0.32823,0.00374,0.13269,144.43,backup,176.07943,18.02439,72.05771,5.42442,12.16272,1.0017,0.03138,0.08168,0.16142,-0.08201,0.06582,0.38417,0.75416,0.03063,0.09036,-0.06288,-0.09323,-0.00609,0.01826
1691863449837005568,5377.31024,3.4796,5.29404,0.00742,-0.12187,0.00301,0.07206,175.17,backup,196.05726,75.35952,41.74183,6.35666,11.84889,1.04462,0.01764,0.06664,0.12336,0.13253,0.07606,0.26468,0.56738,0.01501,0.05235,0.01744,0.05755,0.00249,0.02551
1320634067640868352,5377.87719,2.41925,4.87336,0.00472,0.20389,0.00239,0.03503,201.57,backup,239.8602,30.72829,49.00245,4.44029,12.22601,1.03278,0.05378,0.09844,0.0994,0.10235,0.08121,0.54629,0.74329,0.00052,0.02011,0.00213,0.0223,-0.00942,0.00658
3643017824840691712,5381.00399,3.66289,4.98031,0.00694,0.1942,0.00339,0.01436,151.34,backup,217.23371,-3.79377,51.14317,4.56136,12.49395,1.10972,0.18905,0.21986,0.24355,0.23183,0.2655,0.85987,0.74481,0.02037,-0.00765,0.01029,-0.01638,0.03925,0.0087
1499381883423387008,5381.09577,3.6001,5.06893,0.00725,0.05332,0.00301,0.06011,167.93,backup,210.74371,43.77559,67.97711,4.12955,12.594,1.03832,0.02615,0.06056,,,0.02378,0.43182,0.83402,,,,,-0.01588,-0.00632
1583588836133563136,5382.09183,2.50273,5.17651,0.00546,-0.17266,0.00276,0.10811,194.24,backup,189.40796,62.2751,54.77847,5.55443,12.00931,1.03283,0.02153,0.05737,0.06375,0.00367,0.03184,0.37531,0.69168,0.00239,0.02256,-0.02015,-0.01899,-0.00958,0.0005
1186896452560656512,5382.28748,2.99734,4.94913,0.00644,-0.0627,0.00291,0.10805,166.23,backup,225.79718,15.65659,57.38129,5.04549,12.08469,1.02543,0.03419,0.07135,0.07557,,0.07131,0.47924,0.73697,0.00203,0.0215,,,-1e-05,0.01836
3647293855625127296,5382.61288,3.39859,4.91095,0.00707,-0.22304,0.00318,0.11336,176.16,backup,212.24387,-1.81672,55.55399,4.72895,12.44705,1.04105,0.10931,0.14608,0.17817,0.17405,0.18131,0.74832,0.75219,0.02401,0.0247,0.02093,0.0216,0.02636,0.02707
1506502629962608896,5383.15279,2.79689,5.14469,0.00578,-0.04252,0.00255,0.08167,193.48,backup,216.36535,45.72928,63.66433,5.41095,12.10934,1.04162,0.02713,0.06613,0.09933,0.08472,0.04079,0.41028,0.73421,0.01362,0.0458,0.00762,0.03507,-0.0104,0.00282
3638688012474389504,5383.55546,4.0176,4.87865,0.00821,-0.08523,0.0037,0.14708,143.52,backup,201.9289,-1.08266,60.46897,4.90653,12.12193,1.01381,0.0395,0.06595,0.04891,0.073,0.09133,0.59893,0.75796,-0.01021,-0.00243,0.00422,0.01583,0.0152,0.02973
1663823188910107776,5385.12809,2.97656,4.84824,0.00664,-0.40236,0.00322,0.23062,169.16,backup,200.11897,61.61947,55.16716,4.28817,12.43087,0.97831,0.02382,0.06613,0.14174,0.04846,0.05442,0.36022,0.78375,0.02724,0.08727,-0.00636,0.01416,-0.00422,0.01884
3669355045336129152,5385.26651,2.65532,4.78113,0.00515,0.3425,0.00253,0.015,176.1,backup,215.8205,4.21062,58.29254,4.18748,12.24803,1.0389,0.05329,0.08713,0.04813,0.06118,0.07855,0.61161,0.80315,-0.02386,-0.01464,-0.01587,-0.00415,-0.00525,0.00979
858221881211100416,5385.52739,2.88218,4.86645,0.00605,-0.11806,0.00272,0.20216,181.22,backup,171.60141,58.29099,55.47425,4.47713,12.24342,0.99248,0.02266,0.05456,0.0596,0.04091,0.03551,0.41526,0.77057,0.00209,0.02327,-0.00567,0.00887,-0.00791,0.00471
1499565708023828608,5386.75234,3.39748,5.13019,0.00694,0.00991,0.00286,0.0717,174.54,backup,210.34167,43.67988,68.25371,5.67354,11.96523,1.04951,0.02425,0.06146,0.09061,0.03168,0.02497,0.39459,0.7301,0.0115,0.0419,-0.01175,-0.00113,-0.0144,-0.00602
2558805729566441088,5391.67872,3.61723,4.86319,0.00745,-0.14641,0.00334,0.20051,153.02,backup,24.67592,2.34847,-58.39831,4.35787,12.32118,0.99886,0.04148,0.13741,,,0.11884,0.30186,0.79061,,,,,-0.00561,0.05248
758361589476091648,5392.4868,3.65413,5.06303,0.00716,0.17454,0.00341,0.044,142.44,backup,168.99047,33.74901,68.44113,4.22067,12.55372,1.04879,0.02713,0.07554,0.11698,0.00516,0.09356,0.35918,0.82844,0.01488,0.06978,-0.02528,-0.02286,0.00647,0.05038
858122993884088448,5392.93088,3.47201,4.88127,0.00743,-0.17273,0.00338,0.19135,144.78,backup,175.46344,58.86368,56.04098,5.61091,11.81521,0.99017,0.02162,0.06304,0.06016,0.00381,0.02658,0.34291,0.69352,-0.00099,0.02011,-0.02031,-0.01897,-0.0125,-0.00319
1271164157586886272,5394.8968,3.68105,5.11917,0.00805,-0.33322,0.00393,0.11938,137.18,backup,228.90702,26.25961,57.8938,4.83254,12.60583,1.08174,0.14464,0.17473,0.21056,0.22776,0.15598,0.82782,0.75396,0.02966,0.01411,0.0439,0.02708,-0.01552,-0.02704
1305151672612278528,5394.93865,3.42762,5.01234,0.00706,-0.00213,0.00328,0.07776,146.74,backup,246.23006,27.2571,42.91176,5.16892,12.12962,1.04906,0.05808,0.13779,0.1513,0.11105,0.09517,0.42147,0.65139,0.00569,0.04048,-0.01127,0.01426,-0.01796,0.00392
4031528020837508224,5395.13226,3.18134,5.11644,0.00656,0.0098,0.00262,0.04977,198.98,backup,178.80912,35.88188,75.18999,5.13387,12.20808,1.03756,0.02432,0.07694,0.10697,0.0805,0.0561,0.31616,0.77832,0.00949,0.05893,0.00113,0.03833,-0.00659,0.01934
3596765528189520256,5395.96109,2.90713,4.84119,0.00562,0.41956,0.00278,-0.06702,150.09,backup,183.83695,-5.46125,56.26232,4.36072,12.2491,1.02698,0.04178,0.10598,0.19338,0.10948,0.18296,0.39425,0.78251,0.03446,0.10954,0.00138,0.04388,0.03035,0.10139
3717375219246784640,5396.53431,3.48123,5.0993,0.00734,-0.23824,0.00351,0.12327,141.64,backup,199.89923,5.81591,67.65904,5.45664,12.17747,1.02385,0.05123,0.08794,0.07233,0.05127,0.10014,0.58252,0.74232,-0.00909,0.00246,-0.02136,-0.01317,0.00711,0.02311
1677052959491371776,5397.34756,2.4689,4.92091,0.00491,0.10081,0.00237,0.13354,188.02,backup,194.22703,63.9172,53.20039,5.00528,11.98916,1.02287,0.02173,0.05839,,,0.04151,0.37216,0.72191,,,,,-0.00628,0.00823
1554108769027438848,5397.67314,2.98866,5.08762,0.00642,-0.16383,0.00314,0.10564,155.46,backup,195.97804,46.61861,70.35478,5.48609,12.1115,1.01724,0.02244,0.06249,0.08148,,0.02959,0.35899,0.74674,0.00682,0.03841,,,-0.01181,-0.00034
1471847874584332160,5398.28073,2.6855,4.76235,0.00524,0.46406,0.00245,-0.04695,155.96,backup,203.26412,35.37609,77.88396,4.6073,11.97749,1.01098,0.02959,0.06411,0.03911,0.02836,0.03515,0.46154,0.81689,-0.01154,0.00235,-0.0165,-0.00642,-0.01337,-0.00088
746052002751974656,5398.41645,3.38298,4.99233,0.00693,0.05621,0.00321,0.1065,148.26,backup,154.04721,32.23774,56.07956,4.01691,12.54851,1.02669,0.02282,0.06013,0.14197,0.08566,0.04945,0.3795,0.80846,0.03105,0.09195,0.00969,0.04643,-0.00405,0.01716
844597111077148288,5399.94225,3.42255,5.16106,0.00729,-0.06034,0.0033,0.09706,150.18,backup,174.8164,55.66963,58.62628,5.39942,12.12556,1.04268,0.02072,0.05297,0.04244,,0.04166,0.39115,0.71776,-0.00412,0.00974,,,-0.00443,0.00918
1691853833406178816,5400.41313,3.55701,4.87156,0.00733,-0.07676,0.00321,0.07962,172.18,backup,197.2697,75.27536,41.80139,5.47614,11.85499,0.98431,0.01825,0.06632,0.05616,,0.07638,0.27526,0.62234,-0.0028,0.01669,,,0.00277,0.02928
1277375539289268736,5400.57782,2.99994,4.87046,0.00579,0.4304,0.00272,-0.06633,142.79,backup,232.3712,31.96376,55.47788,4.94458,11.93836,1.02415,0.04684,0.07927,0.10681,0.14665,0.06658,0.59091,0.73632,0.01628,0.03181,0.03982,0.06115,-0.00749,0.00219
857857152588296320,5400.65965,3.48265,5.13435,0.0078,-0.37741,0.00376,0.14784,153.56,backup,170.83477,59.74345,54.05523,5.39399,12.24731,1.00588,0.02098,0.05404,,,0.02995,0.38832,0.69902,,,,,-0.00935,-5e-05
4032977417680196352,5401.81212,3.41318,4.99683,0.00694,0.01279,0.00296,0.05135,166.81,backup,180.09354,35.90725,76.04023,4.30096,12.41487,1.00467,0.02608,0.07446,0.10455,,0.04971,0.35021,0.83554,0.01054,0.06128,,,-0.00867,0.01546
1529017054688238592,5402.22946,3.70827,4.93428,0.00722,0.30245,0.00339,0.02226,141.23,backup,197.0712,42.53395,74.21683,4.44241,12.20027,1.0227,0.03015,0.07075,0.07645,0.07127,0.04675,0.4261,0.82323,0.00243,0.03279,0.00022,0.02852,-0.01023,0.00834
2560380122842842880,5404.22802,3.83416,5.04192,0.00813,-0.33814,0.00389,0.15772,151.42,backup,25.08438,2.94538,-57.69631,4.22885,12.7064,1.00456,0.04188,0.12676,,,0.09464,0.33036,0.7979,,,,,-0.01061,0.03363
3717539695018925312,5404.50398,3.57546,4.99643,0.0073,-0.05477,0.00325,0.10406,145.23,backup,198.79206,6.12462,68.25135,4.54732,12.33507,1.01746,0.0525,0.08749,0.13727,0.10656,0.08486,0.60008,0.80486,0.02987,0.05798,0.01145,0.03327,-0.00158,0.0158
1210393668881345280,5405.84972,3.58937,4.97104,0.00773,-0.41509,0.00401,0.132,143.66,backup,232.62221,18.9013,52.65097,4.50624,12.60213,1.02062,0.10742,0.17639,0.21925,0.19057,0.17445,0.60897,0.75617,0.0261,0.05838,0.00863,0.03668,-0.00118,0.0245
1560242703879093504,5406.37631,3.44598,4.7847,0.00677,0.23725,0.00343,0.05039,139.8,backup,202.66283,52.50262,63.5877,4.27208,12.17447,1.00299,0.02317,0.0627,0.06362,,0.03792,0.36955,0.81309,0.00034,0.02855,,,-0.00916,0.00766
3684583899856223488,5407.5663,4.02687,4.97493,0.00769,0.17636,0.00334,0.02536,157.37,backup,197.84646,-3.11281,59.37839,5.18379,11.98793,1.03879,0.03675,0.06947,0.0507,0.06441,0.08409,0.52908,0.73501,-0.00993,0.00051,-0.00267,0.01059,0.00774,0.02505
2509024030653566080,5407.6143,3.70103,4.9126,0.00782,-0.40882,0.00362,0.1285,179.27,backup,24.94139,-0.57808,-61.02492,4.6567,12.42636,0.98068,0.03051,0.08483,0.05058,0.04379,0.09133,0.35963,0.77752,-0.01232,0.00882,-0.01476,0.00354,0.00234,0.04051
3668483952953358592,5410.21296,2.83311,4.91296,0.00541,0.37024,0.00257,-0.04292,168.15,backup,215.83331,3.29924,57.59501,4.66734,12.1549,1.0328,0.05675,0.09084,0.10186,0.1083,0.07266,0.62464,0.76476,0.00688,0.02116,0.0109,0.02608,-0.01136,-0.00118
3584188867514714624,5411.26967,3.16077,4.92039,0.00659,-0.00376,0.00304,0.08686,160.99,backup,184.24679,-6.80497,55.0571,4.66093,12.19498,1.01213,0.04133,0.1059,0.09542,0.12068,0.12116,0.39029,0.75512,-0.00409,0.03072,0.00577,0.0498,0.00596,0.05016
4028061191955486848,5411.50241,4.18758,4.92748,0.00946,-0.60131,0.00447,0.38655,143.78,backup,180.75228,33.82776,77.61454,5.06706,12.1053,0.96443,0.02734,0.07365,,,0.04593,0.3713,0.78606,,,,,-0.01029,0.00876
4025977273823090432,5412.09086,2.54799,5.13077,0.00536,-0.10526,0.00251,0.08194,194.19,backup,173.88322,34.01206,72.30692,5.26618,12.2145,1.03496,0.02374,0.07609,0.17475,-0.03693,0.0535,0.31205,0.76479,0.03079,0.1099,-0.03527,-0.05198,-0.00705,0.01717
1487486159746747776,5412.09536,3.66297,4.85,0.00774,-0.20951,0.00325,0.1804,177.7,backup,218.61935,38.49262,65.66751,4.96751,11.93545,0.97749,0.03002,0.06516,0.03938,0.04241,0.02532,0.46072,0.76948,-0.01188,0.00028,-0.01048,0.00262,-0.01835,-0.01053
3690375160743101056,5414.56786,3.57016,4.85814,0.00746,-0.17641,0.00329,0.24968,151.46,backup,194.48774,1.26284,64.08745,4.82139,12.0628,0.98554,0.03622,0.06609,0.0437,0.07083,0.05305,0.548,0.77518,-0.01227,-0.00234,0.0026,0.01869,-0.00715,0.00491
1527820786035766528,5416.52225,2.96283,4.86666,0.00612,-5e-05,0.00278,0.14621,180.48,backup,195.04065,42.92866,74.10054,4.12448,12.33184,0.99353,0.02666,0.06667,,,0.03557,0.39991,0.84517,,,,,-0.01243,0.0034
1216238775776465024,5418.57499,3.41146,4.8083,0.00716,-0.18649,0.00324,0.22265,154.0,backup,236.93577,21.07665,49.51579,4.48193,12.29654,1.00405,0.07354,0.12139,0.13337,0.16955,0.11209,0.60582,0.74272,0.00726,0.02552,0.02918,0.05239,-0.00563,0.00971
1273188182397039104,5419.20555,3.38153,4.86746,0.00709,-0.21319,0.00321,0.20918,150.72,backup,233.70972,29.89492,54.18371,4.00015,12.49688,0.99403,0.05633,0.09096,0.05835,0.073,0.06971,0.61926,0.80244,-0.0202,-0.00951,-0.01112,0.00225,-0.01316,-0.00039
4025313894649376128,5419.74004,3.18819,4.7761,0.00758,-0.74148,0.0038,0.14304,208.88,backup,173.52731,32.74852,72.36151,4.33713,11.9196,1.02298,0.02671,0.07813,0.12398,,0.07546,0.34181,0.82758,0.01567,0.0759,,,-0.00091,0.03574
1489763527501712256,5420.25337,3.47842,4.92249,0.0073,-0.19019,0.00346,0.14971,148.75,backup,221.58156,41.74405,62.36697,5.333,11.93884,0.99018,0.03423,0.07454,0.07392,,0.04158,0.45921,0.73525,-0.00028,0.02012,,,-0.01514,-0.00366
4414527640649246592,5420.87482,3.10037,4.99596,0.00643,-0.03994,0.00293,0.0744,163.11,backup,232.12272,-2.08092,42.22615,5.81141,12.15525,1.17598,0.42603,0.48097,0.41777,0.46378,0.43873,0.88577,0.60353,-0.05599,-0.17389,-0.01523,-0.14612,-0.03742,-0.16124
1265441680598657792,5421.07198,3.46791,5.07512,0.00737,-0.33335,0.00361,0.13541,155.36,backup,227.50278,26.33476,59.14759,4.38381,12.68704,1.05061,0.12947,0.15905,0.17457,0.1434,0.13571,0.81403,0.79126,0.01264,0.00866,-0.01274,-0.01601,-0.019,-0.02209
1224435978557034112,5422.39527,3.21394,5.08749,0.0067,-0.13876,0.00314,0.08385,166.93,backup,236.16626,27.54993,51.73015,4.05908,12.74202,1.03536,0.07239,0.11136,0.13088,0.14078,0.09159,0.65006,0.78719,0.01269,0.03064,0.01912,0.03843,-0.01285,-0.00029
4403908183685366400,5422.4545,5.17836,4.84206,0.01198,-1.17318,0.00495,0.41615,191.89,backup,234.38848,-1.78783,40.67086,5.90464,12.39013,1.06954,0.32983,0.38838,0.43202,0.43297,0.35642,0.84925,0.58645,0.03706,-0.07647,0.03787,-0.07591,-0.02714,-0.12081
3570321345827784960,5422.75593,3.97908,4.8008,0.00836,-0.25167,0.00345,0.21987,174.99,backup,180.77147,-15.12946,46.14355,4.61753,12.21384,1.00366,0.10971,0.14172,,,,0.77416,0.71329,,,,,,
2499139936515934208,5422.82032,3.20374,4.85872,0.00678,-0.11682,0.00319,0.05104,155.86,backup,43.39266,1.32541,-49.09756,4.1999,12.64177,1.02118,0.11079,0.21785,0.24182,0.23502,0.22801,0.50858,0.763,0.01219,0.07371,0.00873,0.06853,0.00517,0.06318
2498622444496390144,5422.83757,2.84748,5.14534,0.00591,-0.12202,0.00272,0.10713,184.98,backup,41.57531,0.20119,-51.16231,4.7185,12.37268,1.02176,0.03926,0.11603,0.03104,0.10883,0.08424,0.33837,0.73303,-0.02876,-0.01651,-0.00244,0.04051,-0.01076,0.02249
1503870983241026688,5424.23726,2.94657,4.89016,0.00637,-0.1792,0.00267,0.19691,197.18,backup,206.72883,46.57737,67.6837,4.69684,12.1107,0.979,0.02519,0.07345,,,0.05402,0.34296,0.79314,,,,,-0.00666,0.01765
1498843633825520000,5424.59784,4.29561,4.93081,0.00934,-0.76966,0.00445,0.33063,164.62,backup,209.90081,42.27691,69.44548,4.81992,12.31872,0.95875,0.02615,0.06138,0.10705,0.0188,0.02974,0.42601,0.78862,0.01945,0.05827,-0.01814,-0.01132,-0.01348,-0.00269
1568956093011079168,5425.54584,2.75709,4.87002,0.00562,0.12671,0.00271,0.063,174.62,backup,190.07982,51.63768,65.40096,5.05015,11.86591,1.00628,0.02389,0.06375,0.09187,0.02165,0.04635,0.37474,0.76315,0.01054,0.04622,-0.01578,-0.00737,-0.00652,0.01148
3585195195532628352,5425.56449,3.27307,4.98227,0.00639,0.09154,0.00294,0.07046,169.71,backup,174.12825,-13.30741,45.66472,4.2928,12.2815,1.01711,0.05235,0.0925,,,,0.56588,0.7363,,,,,,
3584081287173983872,5427.75584,2.93255,5.094,0.00632,-0.2914,0.00314,0.15472,169.42,backup,183.73118,-7.08665,54.66152,5.73006,11.99121,1.00864,0.0391,0.11579,0.13761,0.10898,0.13319,0.33765,0.67983,0.00737,0.05445,-0.0023,0.03499,0.00588,0.05145
1502726322917146112,5429.36414,3.5917,5.13224,0.0074,-0.03427,0.0032,0.0607,165.48,backup,208.98027,44.73788,68.16845,4.58601,12.42796,1.03295,0.02484,0.06262,0.03995,0.00572,0.02694,0.39665,0.80197,-0.00899,0.0072,-0.02257,-0.02025,-0.01415,-0.00324
1072494668576674176,5430.35407,3.29467,4.9047,0.00709,-0.47849,0.00344,0.19404,192.82,backup,161.72115,68.45527,44.73783,4.78561,12.29118,0.95487,0.0148,0.0763,0.10919,-0.03377,0.04166,0.19392,0.69169,0.00638,0.06073,-0.02134,-0.03815,-0.00672,0.01402
1504787559325127680,5430.44651,3.36163,4.9231,0.00715,-0.67638,0.00368,0.17762,179.37,backup,214.45696,43.75073,65.93381,6.20594,11.84247,0.96116,0.02419,0.05983,0.03415,0.00385,0.0205,0.40427,0.69181,-0.01038,-0.00056,-0.02263,-0.02152,-0.0159,-0.01
4420974798877745792,5430.59726,3.18845,5.02509,0.0066,-0.06678,0.00313,0.05607,155.5,backup,231.7556,2.08472,45.13687,4.44361,12.49104,1.03402,0.08551,0.1206,0.14932,0.1256,0.15041,0.70901,0.72087,0.02036,0.02213,0.00355,0.00503,0.02114,0.02292
859514425849309952,5431.60224,3.13814,5.00994,0.00645,0.02892,0.00298,0.07506,154.55,backup,174.15047,61.04857,53.80871,4.10083,11.83346,1.01228,0.02163,0.07601,0.10243,0.06316,0.0765,0.28452,0.79287,0.00752,0.05959,-0.00366,0.02845,0.00014,0.03903
763672432501333632,5432.14825,3.40417,4.909,0.00666,0.23455,0.00332,0.01028,146.23,backup,167.97012,36.92193,66.83031,4.37957,12.31701,1.01236,0.01903,0.05677,0.05264,-0.051,0.03974,0.33518,0.8135,-0.00138,0.0238,-0.03612,-0.06051,-0.00571,0.0133
3644779482986846336,5432.39225,2.70549,4.75943,0.00526,0.47669,0.00246,-0.03383,150.11,backup,209.99174,-4.6055,54.20725,4.38172,12.01496,1.01987,0.05896,0.09,0.08892,0.10332,0.08918,0.65514,0.77258,-0.00071,0.00973,0.00873,0.02086,-0.00054,0.00993
1265315202401850240,5432.52701,3.22848,4.88895,0.0067,-0.36079,0.00321,0.24125,178.16,backup,226.79575,25.97519,59.71303,4.81803,12.18263,1.00244,0.11339,0.14345,0.16312,0.16474,0.11468,0.79044,0.7616,0.01554,0.01084,0.01682,0.01207,-0.02274,-0.02605
3686264434659685632,5433.38998,3.93958,4.95663,0.00826,-0.22391,0.00369,0.10591,154.37,backup,199.952,-1.57006,60.49965,5.78382,11.86025,0.98884,0.03882,0.06993,0.05932,0.09235,0.07206,0.55518,0.69996,-0.00589,0.0027,0.01245,0.02582,0.00118,0.01162
1300734526383172992,5433.63875,2.83579,4.9883,0.00599,-0.17101,0.00294,0.11115,161.52,backup,248.62836,24.45379,40.12787,5.14166,12.10169,1.00662,0.05979,0.12528,0.11134,0.07403,0.09686,0.47725,0.63314,-0.00665,0.0107,-0.02446,-0.01292,-0.01356,0.00154
1224447282910988800,5434.72276,3.28055,5.0351,0.00698,-0.34782,0.00345,0.13955,169.55,backup,236.11934,27.74292,51.80334,4.43145,12.53256,0.99742,0.06958,0.10857,0.09576,0.10186,0.07572,0.64091,0.75798,-0.00821,0.003,-0.0043,0.00762,-0.02106,-0.01219
1679860665512883584,5435.41539,3.75929,5.02643,0.00844,-1.19099,0.00407,0.39398,193.41,backup,189.35888,63.6928,53.36473,6.04985,12.1601,0.93489,0.02143,0.05833,0.11349,0.00293,0.03156,0.36736,0.65393,0.02026,0.05278,-0.02035,-0.01952,-0.00984,-0.00079
3573662241973215232,5435.51039,4.40904,4.96759,0.00928,-0.54782,0.00446,0.16281,163.24,backup,180.30687,-13.84729,47.251,4.84254,12.50225,0.99081,0.10824,0.14198,,,,0.76237,0.70274,,,,,,
1675438434040844672,5435.60785,2.55968,4.99472,0.00511,0.03292,0.00257,0.0333,188.93,backup,196.7351,61.34352,55.6854,4.97393,11.96604,1.00223,0.02293,0.06654,0.07333,-0.05796,0.04434,0.34454,0.73511,0.00234,0.03098,-0.04289,-0.06553,-0.00765,0.00967
2499366264112253440,5436.65828,2.86852,5.01796,0.00605,-0.28187,0.00295,0.1168,182.93,backup,42.37341,1.38986,-49.74816,5.12337,12.23569,1.00076,0.03704,0.17258,0.15799,0.12691,0.15096,0.21462,0.69631,-0.00313,0.07297,-0.0098,0.05133,-0.00464,0.06808
1272628810153555072,5436.83667,3.68145,4.84973,0.00778,-0.31716,0.00343,0.26956,162.58,backup,232.55479,28.5479,55.03025,4.06018,12.48905,0.97774,0.06068,0.09126,0.05055,0.10462,0.06393,0.665,0.80103,-0.02707,-0.02019,0.00889,0.02312,-0.01817,-0.00947
1680571400995982592,5437.59672,4.88057,4.17009,0.01213,0.04861,0.00482,0.012,188.33,backup,189.98321,66.15882,50.92822,4.18499,12.04086,1.05402,0.02179,0.05807,0.13845,0.06974,0.08923,0.37531,0.77329,0.03017,0.08527,0.00438,0.03213,0.01169,0.0472
3570402434810326272,5438.05539,4.27557,4.90901,0.00897,-0.30977,0.00394,0.17442,152.33,backup,182.10365,-14.60494,46.98055,4.46144,12.48782,1.01411,0.13924,0.16768,,,,0.83036,0.73045,,,,,,
1276373987276003968,5438.24252,2.87972,4.98608,0.00575,0.03543,0.00264,0.06337,184.75,backup,228.29507,31.13241,58.92004,4.52448,12.2049,1.02726,0.05044,0.07907,0.11708,0.10651,0.05911,0.63801,0.78005,0.02425,0.04088,0.01751,0.03264,-0.01273,-0.00433
3573068814931201920,5439.86779,4.11999,5.14261,0.00844,-0.06444,0.00372,0.12641,137.01,backup,176.99644,-14.08666,46.00249,4.34053,12.52879,1.04612,0.06379,0.09939,,,,0.64177,0.73443,,,,,,
1519366847286934016,5440.71432,3.50727,5.05352,0.00733,-0.15683,0.00363,0.08349,138.37,backup,187.02629,36.45715,79.44126,5.00583,12.19144,0.99175,0.02472,0.06538,0.07019,-0.00802,0.02964,0.37806,0.79218,0.00182,0.03088,-0.02775,-0.03107,-0.01351,-0.00124
3570672429338508928,5441.04143,3.83352,4.95389,0.00792,-0.27463,0.00354,0.13376,173.31,backup,181.3503,-14.13242,47.25345,5.15835,12.23232,1.02056,0.12808,0.15963,,,,0.80234,0.67983,,,,,,
1208840295174020992,5442.07653,3.13794,4.88871,0.00644,-0.00173,0.00308,0.11742,155.81,backup,231.82851,18.17874,53.09911,4.37554,12.2753,1.03018,0.11415,0.18965,0.12107,0.12687,0.1246,0.60189,0.76825,-0.04127,-0.02113,-0.03779,-0.01668,-0.03915,-0.01842
2497669167915056384,5444.95474,2.51573,4.83737,0.00507,0.14159,0.00246,0.10566,202.72,backup,42.23645,-1.11048,-51.65016,4.36917,12.22599,1.0282,0.0745,0.1579,0.19743,0.16145,0.15359,0.47179,0.76211,0.01865,0.07596,0.00167,0.04854,-0.00203,0.04256
1065876128269270016,5445.13787,3.36964,4.91868,0.00713,-0.28882,0.0033,0.1471,175.79,backup,155.2627,66.15555,44.59797,4.03058,12.58411,0.9617,0.01524,0.09881,0.14379,,0.05185,0.15428,0.75182,0.00694,0.09286,,,-0.00724,0.02374
714839925656130816,5445.56002,4.33669,4.95947,0.00892,-0.33568,0.00427,0.12655,144.42,backup,139.19546,36.31256,44.02361,4.75073,12.31932,0.99983,0.02709,0.07029,0.04982,,0.04409,0.38535,0.68972,-0.00789,0.00728,,,-0.0101,0.00333
1584570326355997440,5447.32988,3.73686,4.9424,0.00775,-0.12388,0.00358,0.10549,142.89,backup,182.0813,63.68097,52.78277,4.32997,12.29365,0.97651,0.02369,0.06808,0.06221,0.02595,0.04653,0.34793,0.77038,-0.00204,0.02423,-0.01466,-0.0037,-0.0075,0.01216
1304194826914354560,5447.40607,3.55749,5.11416,0.00746,-0.20554,0.0036,0.11909,147.49,backup,246.95453,26.3205,42.06683,4.77862,12.38889,1.00976,0.06429,0.15118,0.15756,0.15325,0.14463,0.42527,0.67426,0.00271,0.04194,0.00088,0.03904,-0.00279,0.03323
1155053492012924928,5447.79028,3.25635,4.90423,0.00683,-0.07611,0.00286,0.11102,185.23,backup,224.87613,3.86134,51.59226,5.0307,11.96724,1.00466,0.08287,0.13043,0.14791,0.17216,0.13933,0.63534,0.71238,0.0111,0.0225,0.02651,0.03978,0.00566,0.01639
1549609670524188800,5448.96739,3.20343,4.92046,0.00661,-0.03693,0.00303,0.0985,161.5,backup,200.52217,43.35876,72.62423,5.05833,11.92689,0.97935,0.02674,0.06763,0.13638,0.07306,0.06349,0.39545,0.77895,0.02719,0.07949,0.00215,0.03017,-0.00164,0.02271
4025682849520223488,5449.16966,2.54554,5.14644,0.00524,-0.00782,0.00237,0.0693,198.18,backup,174.36068,33.25623,72.90754,5.79698,11.88751,1.02578,0.02379,0.07731,,0.0027,0.06707,0.30769,0.73262,,,-0.02296,-0.02181,-0.00315,0.02535
1682887384801271296,5451.33899,4.34085,4.9639,0.00916,-0.44014,0.00428,0.16637,163.3,backup,190.16205,69.33668,47.7619,4.90614,12.27582,0.95477,0.02241,0.06091,0.07873,0.07149,0.05129,0.36789,0.70098,0.00655,0.03278,0.00389,0.02771,-0.00354,0.01355
2497478716180508928,5451.71616,2.85423,4.9698,0.00595,-0.22167,0.00277,0.15299,194.99,backup,42.48642,-1.15578,-51.50602,4.66996,12.31213,1.00724,0.05247,0.17244,0.18461,,0.16481,0.30427,0.73836,0.00371,0.08385,,,-0.00232,0.06922
1524252080529024000,5452.72182,4.41684,4.85374,0.00926,-0.4094,0.00419,0.29544,142.71,backup,196.57671,40.42472,76.35297,4.71604,12.14671,0.9491,0.02454,0.05624,0.07697,0.00822,0.04947,0.4363,0.80765,0.00904,0.03763,-0.02095,-0.0179,-0.00295,0.01542
1056548455734535040,5453.24393,3.33526,4.91348,0.00694,-0.06026,0.00303,0.11493,165.19,backup,172.68601,65.51773,49.56845,4.01178,12.40346,0.97366,0.01824,0.05855,0.08094,0.0506,0.02513,0.31151,0.78083,0.00697,0.04496,-0.00248,0.02127,-0.01041,0.00139
1290455638850436608,5454.68236,2.90578,5.05215,0.00575,0.06764,0.00254,0.02459,203.21,backup,228.55233,34.11576,58.66756,5.525,11.84751,1.01724,0.04091,0.07382,0.09791,0.05446,0.05488,0.55417,0.70969,0.01335,0.02858,-0.01072,-0.00225,-0.0105,-0.00196
1470366355682255488,5454.79509,3.95087,4.93764,0.00814,-0.52335,0.00427,0.14502,147.62,backup,202.42034,34.92692,78.70023,5.23793,12.14039,0.95526,0.02903,0.06387,0.07253,0.05359,0.03056,0.45447,0.77636,0.00393,0.02728,-0.00467,0.01258,-0.01514,-0.0053
1056142117468903552,5455.03213,3.36897,5.00524,0.00684,-0.17124,0.00319,0.09723,165.03,backup,172.25408,64.24565,50.59348,4.55874,12.3578,0.98831,0.01847,0.06999,0.10592,,0.02457,0.26392,0.74229,0.00948,0.06015,,,-0.01199,-0.00023
1278814525131589504,5455.05068,2.85828,5.01498,0.00594,-0.08863,0.00258,0.11892,193.47,backup,229.61471,34.02564,57.79269,5.15859,11.92242,0.99394,0.04365,0.07633,0.12194,0.04452,0.05373,0.57191,0.73077,0.02608,0.04545,-0.01819,-0.01112,-0.01292,-0.00439
698582134411444096,5455.13707,3.88824,5.10761,0.00808,-0.30313,0.0039,0.15249,150.9,backup,137.39565,29.47787,41.57688,5.58381,12.04328,0.98916,0.04583,0.09728,0.12338,0.05672,0.06525,0.4711,0.61356,0.01229,0.02987,-0.01911,-0.01103,-0.01509,-0.0058
6340971724472991232,5457.90052,4.01627,4.79477,0.0084,-0.17555,0.00356,0.09242,162.78,backup,225.53474,-0.70279,48.0298,5.0632,12.01627,1.00443,0.12794,0.1673,0.11764,0.20292,0.16283,0.76472,0.6911,-0.03798,-0.04664,0.02723,0.0123,-0.00342,-0.0154
1211760774151764864,5458.63292,3.31269,4.965,0.00699,-0.00478,0.00336,0.06551,137.1,backup,227.36374,17.8261,56.90886,4.60312,12.21653,1.00654,0.03348,0.07978,0.10699,0.10563,0.08202,0.41966,0.76685,0.01142,0.04857,0.01084,0.04752,0.00094,0.02941
1491419323294059648,5459.10152,3.43616,4.94118,0.00713,-0.47155,0.00399,0.09018,144.36,backup,218.40474,41.50311,64.62676,5.9177,11.87502,0.95888,0.03188,0.07038,0.08229,0.04915,0.04062,0.45289,0.7052,0.00539,0.02616,-0.00962,0.00278,-0.01348,-0.00323
1253533488633398144,5459.28856,3.51353,4.9175,0.00737,-0.04082,0.00342,0.06178,142.57,backup,211.54642,22.28252,72.36619,4.18308,12.40066,1.01945,0.04105,0.09156,0.09234,0.05573,0.06075,0.44833,0.8384,0.00035,0.03637,-0.01607,0.00567,-0.01381,0.00989
1451622568645651840,5459.88993,3.90686,5.13522,0.00774,0.09201,0.00355,0.04383,139.01,backup,206.24051,27.26123,78.10307,4.70224,12.3114,1.03938,0.03017,0.06195,0.02169,0.0739,0.03319,0.48695,0.81077,-0.01961,-0.01259,0.00582,0.02974,-0.01401,-0.00326
1507911173077346432,5460.27547,3.57929,4.69557,0.00731,0.20054,0.00329,0.00884,162.12,backup,213.41456,48.15149,63.58983,4.09042,12.18563,0.97767,0.02877,0.0793,0.07653,0.02756,0.03852,0.36276,0.82652,-0.00101,0.03449,-0.01877,-0.00599,-0.01479,0.00307
1072955574403698816,5463.39152,3.2329,5.14764,0.0066,-0.13206,0.00309,0.10348,161.12,backup,165.38126,70.46379,43.92946,5.02232,12.22716,1.00686,0.01542,0.08657,0.07678,0.11759,0.06378,0.17809,0.66882,-0.00174,0.03594,0.00552,0.06323,-0.00406,0.02724
1487033023517675008,5463.76032,4.5154,4.90359,0.00937,-0.45622,0.00454,0.14046,152.82,backup,220.15133,38.02252,64.67987,4.5672,12.43583,0.95168,0.0296,0.06349,0.03069,-0.04821,0.02638,0.46623,0.79471,-0.01529,-0.00521,-0.05207,-0.06791,-0.0173,-0.00863
4413783099478381568,5465.39642,2.76191,4.91469,0.00569,-0.09013,0.00259,0.13068,184.88,backup,231.47555,-3.38356,41.85624,4.99493,12.20577,1.10795,0.38417,0.43724,,,,0.87864,0.65655,,,,,,
1532590772417731712,5466.06473,2.98944,5.13454,0.00612,-0.14801,0.00293,0.07823,168.78,backup,184.6207,38.87427,76.38727,5.63033,11.96755,1.00787,0.02251,0.07285,0.0455,0.0417,0.05596,0.30896,0.74866,-0.00845,0.01156,-0.00962,0.00872,-0.00522,0.01939
1525020501719043968,5466.27334,3.64582,4.9358,0.00717,0.13605,0.00336,0.05529,144.14,backup,199.50016,41.44557,74.68,4.28418,12.2188,0.99196,0.02898,0.0631,0.0046,,0.04181,0.45921,0.83486,-0.02686,-0.02513,,,-0.00978,0.00593
845297804926218368,5467.16698,3.27496,5.09952,0.00668,0.05277,0.00311,0.06719,150.89,backup,176.63837,57.17148,57.82661,5.21232,12.0441,1.01661,0.02131,0.05865,0.01219,0.01327,0.02308,0.36329,0.72723,-0.01688,-0.01244,-0.01648,-0.01165,-0.01292,-0.00453
3569085563478594688,5468.37066,4.14114,5.00941,0.00853,-0.18574,0.00381,0.10641,150.2,backup,179.8352,-14.88457,46.1262,4.33373,12.49297,1.02213,0.09945,0.13264,,,,0.74973,0.73571,,,,,,
1273504090128849024,5468.41322,2.73465,4.79082,0.00551,0.2632,0.00276,0.07614,172.87,backup,231.92017,29.49343,55.6896,4.2076,12.12788,1.00901,0.05364,0.08419,0.09541,,0.07464,0.63718,0.79206,0.00715,0.02193,,,-0.00608,0.00548
1061116372496894848,5469.42953,3.90382,5.11943,0.00778,0.06754,0.0035,0.04536,137.78,backup,171.36146,68.82629,46.4104,5.6347,11.84758,1.01146,0.01797,0.06309,0.06524,-0.02291,0.03089,0.28488,0.6424,0.00061,0.02394,-0.0245,-0.03269,-0.00917,0.00187
698310456256042240,5470.22522,4.25276,5.05503,0.00866,-0.30829,0.00406,0.14674,147.83,backup,138.45497,28.83912,42.35509,5.64682,11.94815,0.97872,0.04325,0.09258,,,0.06369,0.46717,0.61499,,,,,-0.01349,-0.00408
1680526179284552960,5471.18328,3.63932,4.73222,0.00764,-0.12362,0.0032,0.13349,184.5,backup,189.15926,66.11616,50.94373,4.64821,12.05792,0.95663,0.02161,0.05916,0.10979,0.03659,0.05996,0.36534,0.73723,0.0185,0.05933,-0.00825,0.00536,0.00029,0.02259
2559468249746355072,5472.58523,4.61235,4.9459,0.00935,-0.0561,0.00406,0.0896,139.12,backup,20.57037,2.16209,-59.78123,4.21035,12.43427,0.99209,0.03523,0.08371,0.15591,0.07434,0.07577,0.42085,0.80638,0.03038,0.09049,-0.00394,0.02472,-0.00334,0.02587
2501229940616811136,5474.0666,3.381,4.93454,0.00697,-0.15859,0.00322,0.10989,153.84,backup,36.87736,0.53307,-53.96464,4.99237,12.02161,0.97497,0.03945,0.09243,0.05269,0.02376,0.08328,0.42682,0.72633,-0.01696,-0.00118,-0.02931,-0.02219,-0.00391,0.02104
1060756699051167232,5474.10478,3.72267,5.11676,0.00756,-0.06498,0.00345,0.08756,146.37,backup,171.42095,67.45236,47.62793,4.96896,12.16383,1.00642,0.01784,0.05962,,,0.0268,0.29923,0.69561,,,,,-0.00982,0.0008
3683673465573500544,5474.10521,3.25867,4.78219,0.0064,0.34273,0.00305,0.04558,153.78,backup,190.72158,-1.56326,61.23468,4.63325,11.85084,1.00733,0.04511,0.07998,0.06264,0.10003,0.09321,0.56398,0.77988,-0.00978,0.00374,0.01131,0.0329,0.00746,0.02758
3561135609076603008,5476.48078,3.69857,5.0028,0.00762,-0.28596,0.00371,0.12702,151.56,backup,173.13769,-13.874,44.74899,4.5984,12.37398,0.97674,0.04776,0.08989,,,,0.53128,0.70618,,,,,,
1210376145414759808,5476.54074,3.73933,5.13427,0.00751,-0.02698,0.00356,0.05457,138.42,backup,232.08298,18.75516,53.07867,4.73003,12.47178,1.08807,0.13125,0.22234,0.44516,0.41314,0.26914,0.59031,0.74132,0.13153,0.19875,0.11263,0.17501,0.02762,0.06826
1662300163442598400,5477.77068,3.90319,4.93784,0.00793,-0.35135,0.00409,0.10743,137.32,backup,203.69654,59.67818,56.60644,4.88959,12.17728,0.95419,0.02148,0.06007,0.08848,0.09384,0.03683,0.35751,0.74488,0.01016,0.04443,0.01207,0.04843,-0.00831,0.00596
758454012877297280,5478.14966,3.02059,5.17426,0.00627,-0.1808,0.00318,0.0666,161.12,backup,169.29154,33.85155,68.66522,5.92047,11.90405,1.01152,0.02453,0.07454,0.13719,-0.02923,0.07207,0.32904,0.71596,0.02061,0.0737,-0.03414,-0.04545,-0.00081,0.02707
1282324647286701184,5478.87252,3.47007,4.98566,0.00709,-0.10897,0.00335,0.09199,145.79,backup,223.99746,30.89559,62.59911,4.02612,12.49583,0.98461,0.04187,0.06904,0.05145,0.04915,0.05207,0.60649,0.82866,-0.01067,0.00076,-0.01206,-0.00114,-0.01029,0.00128
1504702626348552448,5480.30398,3.00672,4.98034,0.0062,-0.1368,0.00275,0.19338,180.56,backup,212.79959,44.08545,66.66401,4.40641,12.22989,0.97325,0.02536,0.05886,0.04,0.05503,0.01642,0.43086,0.81119,-0.00812,0.00709,-0.00165,0.01928,-0.01828,-0.01204
698974011523920640,5481.59282,4.06803,4.91852,0.00815,-0.08858,0.00363,0.08111,146.14,backup,138.15442,29.74608,42.27612,4.56516,12.16622,0.96926,0.04617,0.09355,0.10096,0.05927,0.06133,0.49349,0.69237,0.00365,0.02373,-0.01692,-0.00513,-0.0159,-0.00371
1681303984977861376,5485.82115,4.07101,4.78282,0.00829,-0.26841,0.00366,0.26411,141.95,backup,181.84221,66.3308,50.20428,4.67248,12.0044,0.93972,0.02258,0.06706,0.169,0.07367,0.04925,0.33665,0.73166,0.03432,0.10108,0.00222,0.03132,-0.006,0.01346
1501949552311728512,5485.83649,4.75126,5.01856,0.01003,-0.8274,0.00479,0.34619,143.9,backup,204.03153,44.89939,70.10817,4.70653,12.44426,0.94642,0.02512,0.06923,0.11021,0.09596,0.0474,0.3628,0.79777,0.01487,0.06281,0.0097,0.05143,-0.00792,0.0127
1071989271185129728,5486.81772,3.89317,4.96014,0.00809,-0.57104,0.00418,0.18583,161.33,backup,158.74197,67.63081,44.59428,4.48326,12.46645,0.93068,0.01509,0.08473,0.06758,0.07321,0.04946,0.17809,0.7143,-0.00305,0.03319,-0.00205,0.0372,-0.00628,0.02024
1510147992045002496,5487.88416,3.3742,4.7293,0.0069,-0.30749,0.00305,0.18712,199.31,backup,206.54277,48.07491,66.49659,4.84296,11.8792,0.93355,0.02419,0.06955,0.06572,0.03745,0.05846,0.34783,0.78016,-0.00133,0.02708,-0.01117,0.00502,-0.00386,0.02142
1305775168720789632,5489.06103,3.87257,5.12149,0.00787,-0.29341,0.00395,0.12913,140.59,backup,247.06168,28.32609,42.42338,4.66918,12.3817,1.0026,0.05172,0.14227,0.128,0.13461,0.12143,0.36357,0.68521,-0.00519,0.03598,-0.00278,0.04051,-0.00757,0.03148
1465582758546232320,5491.28731,4.90559,4.97534,0.01059,-0.77216,0.00494,0.38486,144.74,backup,194.65404,31.41589,85.43578,4.44981,12.33765,0.93216,0.02868,0.06675,0.07091,0.08165,0.04103,0.4296,0.83339,0.00179,0.03042,0.0064,0.03937,-0.01105,0.00552
3896586681042561920,5491.40835,3.30945,4.86214,0.00684,-0.53178,0.00344,0.27323,191.8,backup,177.66287,5.10063,63.63786,5.07543,11.99139,0.96529,0.04052,0.08056,0.10651,0.02245,0.05361,0.50299,0.75642,0.01305,0.04005,-0.02923,-0.02354,-0.01356,3e-05
1463384285047189376,5493.11824,3.84594,4.95828,0.00769,-0.37927,0.00405,0.11198,139.4,backup,200.29136,31.85879,81.98986,4.6748,12.2773,0.94735,0.02924,0.06633,,,0.0377,0.44088,0.81633,,,,,-0.01262,0.00153
1574734267132627328,5493.19689,4.55508,4.86519,0.00922,-0.32517,0.00412,0.28485,140.76,backup,187.21526,57.00712,59.852,4.93328,11.8878,0.94233,0.02139,0.05684,0.06521,0.32211,0.02904,0.37636,0.75396,0.00315,0.02778,0.09984,0.22147,-0.01046,0.00051
1677111753299517312,5493.60357,2.74144,4.98863,0.00565,-0.11176,0.00265,0.09287,178.64,backup,193.69669,64.14299,52.98132,4.10053,12.42022,0.97462,0.02239,0.05775,0.03292,0.02358,0.05374,0.38775,0.78939,-0.00963,0.0036,-0.01325,-0.00378,-0.00155,0.02003
3681427751728827648,5493.68978,3.88394,4.82881,0.00806,-0.33769,0.0037,0.11076,159.23,backup,187.87689,-3.81819,58.68168,5.67848,11.86393,0.96335,0.04395,0.10005,0.09853,0.10076,0.09473,0.43927,0.69987,-0.00067,0.02501,0.00031,0.02657,-0.00234,0.02235
1550339673228970624,5493.87403,3.14755,5.03734,0.00646,-0.08874,0.00327,0.04567,142.05,backup,202.16794,46.14002,69.6081,4.96598,12.0969,0.98578,0.025,0.07964,0.07973,0.06505,0.06086,0.31395,0.77909,3e-05,0.03711,-0.00458,0.02568,-0.00589,0.02241
1478037682671856384,5493.94131,3.73937,4.97942,0.00751,-0.20262,0.00376,0.0783,136.78,backup,214.65371,32.46373,70.38927,4.6836,12.22443,0.96827,0.03113,0.06685,0.13181,,0.03616,0.4657,0.79991,0.03025,0.07431,,,-0.01429,-0.00221
1691234670920764032,5495.34856,3.75525,5.07892,0.00756,-0.15218,0.00338,0.12282,153.3,backup,192.87527,73.61778,43.51047,5.53026,11.90359,0.97824,0.01964,0.06484,0.10876,0.09591,0.04589,0.30296,0.63063,0.01331,0.04894,0.00941,0.04084,-0.00574,0.0093
1272580874021913088,5495.92156,3.16273,5.10754,0.0064,-0.2702,0.00314,0.11202,178.88,backup,232.64081,28.47911,54.94643,5.24196,12.16166,0.99492,0.06128,0.09279,0.09673,0.13046,0.06522,0.66048,0.7133,0.0026,0.00771,0.02488,0.03178,-0.01821,-0.01476
4033412553702449664,5496.98178,4.23291,4.70958,0.00874,-0.55115,0.0042,0.15229,174.23,backup,180.11406,37.64967,74.97746,4.81883,12.21985,0.91834,0.02432,0.07598,,,0.04311,0.3201,0.79879,,,,,-0.01052,0.01011
2515648351987843712,5498.81731,5.0283,4.87944,0.01018,-0.54189,0.00523,0.16064,137.39,backup,35.88589,3.67052,-52.0182,4.30292,12.48108,0.94505,0.06026,0.13016,0.11764,0.1148,0.09792,0.46298,0.76902,-0.0058,0.03021,-0.00711,0.02802,-0.01493,0.01504
3812884842253766400,5499.9723,4.36577,5.08427,0.00811,0.20102,0.00374,0.05856,136.82,backup,172.83257,3.93505,59.93905,4.0466,12.41235,1.01938,0.05494,0.09972,0.06201,0.06165,0.06932,0.55089,0.81932,-0.02078,-0.00413,-0.02097,-0.00442,-0.01675,0.00186
1182880589419841536,5500.14169,3.30469,4.85849,0.00685,-0.08512,0.00317,0.09593,156.15,backup,229.41641,14.27857,53.63677,4.19235,12.28527,0.97782,0.0643,0.10163,0.07992,0.06852,0.11405,0.63273,0.7849,-0.01374,-0.00157,-0.02095,-0.01052,0.00786,0.02521
1459969541232386944,5500.26272,3.3169,5.15332,0.00669,-0.0392,0.00326,0.05961,149.04,backup,198.7532,27.41817,84.75395,5.34863,12.0223,1.01466,0.02394,0.05894,-0.00906,0.04062,0.02989,0.40624,0.7745,-0.02762,-0.03096,-0.00744,0.00752,-0.0118,-0.0008
1058259463330341504,5501.23999,3.81402,4.91541,0.00784,-0.04834,0.00354,0.07693,143.07,backup,178.57729,68.60225,47.66506,4.22628,12.26881,0.95827,0.0229,0.06206,,,0.05346,0.36899,0.75323,,,,,-0.00317,0.01737
3575532683050095488,5501.31834,4.85575,4.89025,0.01012,-0.72813,0.00468,0.30727,172.02,backup,180.35882,-10.78723,50.19185,5.88238,11.84708,0.9491,0.07863,0.13147,,,,0.59809,0.64822,,,,,,
1713040803998446720,5502.02187,4.40771,4.85794,0.00895,-0.32664,0.004,0.12375,160.78,backup,200.25648,76.37447,40.62194,4.22394,12.38461,0.96423,0.02029,0.07677,0.20943,0.20114,0.0806,0.26425,0.70861,0.03506,0.12812,0.03287,0.12224,0.00101,0.03683
3654767854634844672,5502.04051,3.23767,4.93135,0.00666,-0.00115,0.0031,0.09123,153.71,backup,219.02332,0.6054,53.47242,4.80224,11.94948,0.99304,0.0728,0.10721,0.06733,0.14504,0.11084,0.67909,0.7378,-0.02708,-0.02313,0.02569,0.03421,0.00247,0.00897
3664833613004468608,5502.40045,4.52616,5.06454,0.00897,0.01614,0.004,0.08382,133.17,backup,206.81967,1.63134,61.20303,4.10842,12.49037,0.99361,0.0415,0.06521,0.02782,0.08109,0.07146,0.63644,0.81848,-0.0238,-0.01874,0.01011,0.02487,0.00398,0.01698
4418343083436358528,5502.68596,4.49309,4.97223,0.00888,-0.16919,0.00399,0.08439,145.14,backup,227.21953,-1.30891,46.3927,4.69978,12.37013,1.05186,0.16149,0.19641,0.23328,0.2733,0.2057,0.82217,0.70845,0.03031,0.00378,0.06321,0.03213,0.00763,-0.01576
1276377010932958976,5503.69228,3.80432,4.90069,0.00775,-0.61428,0.00394,0.28721,184.47,backup,228.62341,31.16102,58.64005,4.68143,12.26041,0.94514,0.04987,0.07888,0.09767,0.09858,0.06109,0.63219,0.76759,0.01188,0.0251,0.01245,0.0258,-0.01125,-0.00298
1270803552130036608,5505.99313,2.6323,4.98953,0.00528,-0.15954,0.00255,0.11105,197.53,backup,232.41832,27.26706,54.96622,5.10309,11.98519,1.00386,0.10272,0.13683,0.13533,0.14531,0.12323,0.75073,0.72297,-0.00112,-0.00488,0.00637,0.00234,-0.0102,-0.01363
2500233847505949824,5506.2311,3.55113,4.87129,0.00722,-0.19317,0.00322,0.08629,177.06,backup,38.53062,-0.12762,-53.43252,4.69631,12.10881,0.95108,0.03627,0.08409,,,0.06467,0.43125,0.74542,,,,,-0.00838,0.01194
2563683575464096128,5508.12715,4.13231,4.96641,0.00843,-0.27173,0.00377,0.1214,162.9,backup,18.52725,3.7967,-58.59439,4.43214,12.25267,0.9557,0.03726,0.09914,0.04299,0.16935,0.06957,0.37588,0.78574,-0.0211,-0.00348,0.02639,0.0958,-0.01111,0.0174
1174717574576546432,5508.53671,3.77796,4.92817,0.00751,-0.3367,0.00388,0.11306,145.2,backup,220.21645,9.99109,59.0455,4.10756,12.51844,0.95788,0.04096,0.0782,0.06049,0.07316,0.07219,0.52376,0.8118,-0.00928,0.00815,-0.00264,0.01843,-0.00315,0.01765
1580646031917095680,5508.99248,2.64439,4.94747,0.00545,0.01299,0.00256,0.05767,181.3,backup,190.89672,62.31759,54.78655,4.9643,11.9605,0.96383,0.02159,0.05722,,,0.03617,0.37739,0.73196,,,,,-0.00794,0.00488
3655292394696146944,5509.28092,3.94073,4.98576,0.00775,0.06099,0.00337,0.08231,154.24,backup,220.82071,1.77151,53.11253,4.32969,12.33258,1.01077,0.08237,0.11872,0.11874,0.1477,0.10079,0.69382,0.77187,2e-05,0.00928,0.02011,0.03164,-0.01244,-0.00457
860187189526507520,5509.55173,4.24193,4.84913,0.00853,-0.23947,0.00397,0.18041,130.52,backup,179.93968,63.40589,52.75671,4.54594,12.09127,0.94237,0.0228,0.07505,0.08916,0.01426,0.05336,0.30376,0.75363,0.00429,0.0444,-0.01846,-0.01205,-0.00659,0.01742
1527618475895781120,5509.88177,3.64758,4.92962,0.00727,-0.46623,0.00384,0.10939,165.91,backup,194.98722,41.73417,75.2904,5.08414,12.16331,0.93676,0.02288,0.05759,0.10529,0.05054,0.05898,0.39721,0.78171,0.01895,0.05943,-0.0028,0.01663,0.00055,0.02323
795385165345326720,5510.05968,4.33693,4.79637,0.00874,-0.49165,0.00452,0.23304,141.49,backup,148.74694,34.84872,51.71594,4.99287,11.94703,0.92345,0.01976,0.05011,0.05405,,0.03588,0.39436,0.7157,0.00156,0.01893,,,-0.00561,0.00592
1489523868326508928,5510.22661,3.7333,4.97543,0.00766,0.04173,0.00361,0.04887,128.86,backup,223.29486,42.73523,60.8152,4.78005,12.08238,0.98802,0.03838,0.08126,0.0503,,0.06792,0.47227,0.76803,-0.01462,0.00025,,,-0.0063,0.01379
3654764663474316672,5510.93202,3.3788,4.8328,0.0066,-0.1898,0.00325,0.12783,160.59,backup,218.71786,0.58518,53.6579,5.25249,11.80644,0.97157,0.07059,0.10563,0.10552,0.10669,0.10543,0.66832,0.70678,-7e-05,0.00399,0.00071,0.00482,-0.00013,0.00393
3657471519367434624,5511.55675,3.50335,4.94537,0.00704,-0.25764,0.00342,0.08431,160.45,backup,208.07981,-2.66009,56.79144,4.63726,12.23582,0.97383,0.07924,0.10984,0.11056,0.11845,0.12918,0.72139,0.76388,0.00052,0.00521,0.00621,0.01124,0.01395,0.01944
1569103358849466240,5512.1443,3.82321,4.92795,0.00776,-0.56401,0.00404,0.14002,164.89,backup,190.09999,52.41235,64.63158,5.01825,12.16588,0.93063,0.02371,0.0633,0.12377,0.07861,0.0345,0.37457,0.76318,0.02265,0.07075,0.00574,0.03629,-0.01079,0.00262
3598141081659013376,5512.15512,4.27154,4.94226,0.00862,0.05076,0.0038,0.06168,132.74,backup,182.70206,-3.62562,57.72028,4.32515,12.24052,0.98515,0.04616,0.08942,0.10647,0.09221,0.09251,0.51624,0.79066,0.0088,0.03801,0.00144,0.02674,0.00159,0.02698
1247213113544016640,5512.66779,3.67041,4.85135,0.00761,0.07398,0.00367,0.08084,127.61,backup,211.57316,21.26687,71.97574,4.09246,12.23158,0.9955,0.04105,0.10709,0.05901,0.01373,0.07481,0.38329,0.84415,-0.01843,0.00877,-0.03579,-0.02946,-0.01237,0.0221
3601394643940433408,5512.78173,4.10741,5.01159,0.00797,-0.03113,0.00364,0.04546,143.16,backup,182.39811,-2.30318,58.88841,5.28078,11.98771,0.99493,0.04286,0.08224,0.08149,0.01093,0.07399,0.5211,0.72666,-0.00039,0.01636,-0.03716,-0.03492,-0.0043,0.0109
1605019245471857024,5512.90022,3.88153,5.04772,0.00777,-0.13919,0.00364,0.11815,138.25,backup,218.55035,52.00247,58.5473,4.58589,12.25455,0.96771,0.02084,0.06366,0.04305,0.07419,0.02207,0.32734,0.77421,-0.00674,0.0125,0.00345,0.0366,-0.01361,-0.00375
796104005431899392,5513.12988,4.52971,4.96298,0.00905,-0.3597,0.00465,0.10499,129.01,backup,147.03524,34.92,50.31376,4.29573,12.47213,0.94,0.01929,0.04698,-0.01329,-0.08931,0.02886,0.41069,0.76144,-0.02475,-0.02941,-0.05597,-0.0873,-0.00744,0.00269
5187161814470769792,5513.3473,2.58858,4.83004,0.00516,0.33673,0.00241,0.01801,178.31,backup,44.30785,-2.95227,-51.41977,4.48984,11.94801,0.99043,0.06306,0.16192,0.13059,,0.12719,0.38946,0.75165,-0.0122,0.0351,,,-0.01353,0.03254
1463591847930394752,5513.54374,3.84736,5.04752,0.00769,0.09874,0.00365,0.02678,128.2,backup,200.00593,32.15059,82.01601,4.1266,12.42638,0.9903,0.02943,0.06477,0.02414,0.03413,0.03172,0.45443,0.85337,-0.01846,-0.00884,-0.01392,-0.00031,-0.01502,-0.00236
3653745519274833152,5514.32762,2.36458,4.7693,0.00479,0.31879,0.0023,-0.01809,191.02,backup,216.04437,0.03814,54.92647,4.22111,12.11159,0.98793,0.06797,0.09936,0.05447,0.10749,0.09396,0.68408,0.78798,-0.03071,-0.02505,0.00556,0.01673,-0.00369,0.00607
3662051848586169472,5518.64586,4.90674,4.92302,0.00973,-0.22785,0.00446,0.1199,127.93,backup,207.08681,-0.53179,59.13978,5.06441,11.93433,0.95479,0.06321,0.09105,0.02754,0.08222,0.07228,0.69421,0.74231,-0.04409,-0.04277,-0.00613,-0.00217,-0.01303,-0.00956
861004710781702400,5519.2235,4.14349,5.1545,0.00828,-0.18185,0.00408,0.07685,129.78,backup,170.17573,60.7205,53.06589,4.32113,12.52013,0.98555,0.02006,0.0524,0.0774,0.00446,0.02545,0.38282,0.77233,0.00957,0.03972,-0.01835,-0.01662,-0.01032,-0.00041
1603943132825658240,5519.30791,3.9305,5.07751,0.00773,0.02608,0.00356,0.04235,135.84,backup,219.45917,50.62396,59.01801,4.76947,12.14755,0.98757,0.02353,0.08187,0.02387,-0.0011,0.03874,0.28738,0.7626,-0.01667,-0.00532,-0.02384,-0.02437,-0.01239,0.00602
4028646922415471616,5521.376,3.68927,4.81051,0.00784,0.0728,0.00361,0.06417,129.02,backup,183.83564,33.93338,79.67781,4.12543,12.15857,0.96631,0.02718,0.06592,0.11699,0.07764,0.03073,0.41231,0.85159,0.02105,0.07244,0.00483,0.03893,-0.01451,-0.00101
1568210246170445952,5523.23739,3.35452,4.95564,0.00671,-0.27273,0.00352,0.06933,145.45,backup,191.06106,51.56457,65.52596,5.29809,11.95111,0.9479,0.02398,0.0637,0.01884,0.05904,0.04307,0.37645,0.74698,-0.01689,-0.00991,-0.00175,0.02012,-0.00777,0.00819
3654774382985130368,5523.55505,3.65867,4.97048,0.00724,-0.28329,0.00368,0.09612,148.29,backup,218.91646,0.80247,53.69101,4.96067,12.10555,0.96497,0.07156,0.1063,0.11077,0.1297,0.11345,0.67317,0.72735,0.00301,0.00901,0.01575,0.02278,0.00481,0.01096
3788046599705027968,5524.42283,3.90964,4.86851,0.00793,-0.18854,0.00339,0.1192,166.02,backup,165.5485,-5.3397,48.15178,4.23813,12.30736,0.94521,0.05063,0.1017,0.07176,0.0598,0.11589,0.49784,0.75491,-0.0149,0.00354,-0.02086,-0.00549,0.00706,0.03685
4009341525455541632,5524.96941,3.8303,5.00012,0.00757,-0.09421,0.00355,0.09495,137.28,backup,184.531,26.2889,82.51437,4.13195,12.40356,0.95909,0.02743,0.07388,0.07965,-0.02339,0.07642,0.37123,0.85334,0.00215,0.04055,-0.03611,-0.04738,0.00095,0.03779
1278394236812675200,5525.07206,4.15393,4.78328,0.00855,-0.61881,0.00426,0.24366,184.38,backup,228.81058,33.33852,58.48494,4.69934,12.12947,0.91836,0.04403,0.07536,,,0.04645,0.58426,0.76573,,,,,-0.01689,-0.00847
3651660566055353216,5526.26979,4.07594,4.93617,0.00814,-0.29712,0.00405,0.09694,135.61,backup,219.80009,0.04949,52.54179,4.07432,12.32332,1.04902,0.08336,0.11557,0.16323,0.07901,0.11541,0.72129,0.78958,0.03437,0.04552,-0.02638,-0.02098,-0.00012,0.00776
1532914582887914752,5526.43838,3.37403,4.8884,0.00665,-0.29083,0.00326,0.13105,169.39,backup,185.63249,38.81945,76.84178,4.14812,12.37547,0.93751,0.02442,0.07047,0.07241,-0.00362,0.05226,0.34661,0.8471,0.00067,0.03691,-0.02568,-0.02749,-0.00631,0.01984
3693195618523140480,5527.29815,3.72151,4.74869,0.00782,-0.00182,0.00313,0.08779,171.92,backup,185.8753,-3.38784,58.74805,4.25743,12.06624,0.96449,0.04523,0.08761,0.14398,0.06769,0.10778,0.51625,0.79939,0.0291,0.06987,-0.01028,0.00888,0.01041,0.04093
1320175197631226112,5527.89157,3.71444,4.93971,0.00736,-0.50285,0.00399,0.09733,158.19,backup,240.54066,29.28183,48.21512,4.20008,12.60684,0.95782,0.07659,0.1386,0.13176,0.12652,0.11243,0.55256,0.75835,-0.00378,0.02333,-0.00668,0.01936,-0.01446,0.00867
1683163705817270272,5528.29412,4.65529,4.91817,0.0092,-0.34922,0.00395,0.23511,169.49,backup,187.72526,70.15068,46.87585,4.84155,11.97051,0.94072,0.02383,0.06469,,,0.05669,0.36844,0.70061,,,,,-0.00295,0.01588
1551003919988313856,5528.41958,3.90463,4.83638,0.00791,-0.09351,0.00353,0.09572,144.03,backup,200.16273,45.64931,70.58913,4.14205,12.21683,0.94362,0.02715,0.08036,,,0.14525,0.33785,0.83824,,,,,0.02192,0.0946
1526385751562835840,5528.65159,3.13883,4.93045,0.00622,-0.1187,0.00284,0.09937,183.62,backup,199.31511,43.54736,72.77118,5.28941,11.79493,0.96104,0.02699,0.06866,0.05623,,0.04945,0.39314,0.76416,-0.00489,0.01597,,,-0.00755,0.01079
1175505958773341568,5529.30874,3.47756,5.08257,0.00698,-0.10588,0.00333,0.09383,146.37,backup,216.81651,7.90766,60.26341,4.53023,12.29153,0.98558,0.04758,0.08589,0.0458,0.06667,0.06225,0.554,0.78419,-0.02221,-0.01167,-0.01064,0.0047,-0.01309,0.00124
1577376153056343168,5529.59395,4.47156,4.87871,0.00891,-0.36611,0.0044,0.16134,137.13,backup,192.78497,58.63024,58.49796,4.78104,12.11593,0.92725,0.02115,0.05679,0.05432,-0.00911,0.02243,0.37236,0.75989,-0.00092,0.02013,-0.02454,-0.02807,-0.0128,-0.0041
3897963956795489536,5529.92686,3.43732,4.95411,0.00681,-0.45723,0.00361,0.0928,166.98,backup,179.64215,5.47133,64.95043,4.60049,12.40598,0.9444,0.03935,0.07731,0.08773,-0.0146,0.05243,0.509,0.79307,0.0053,0.03022,-0.04678,-0.05093,-0.01267,0.00222
3693656520053750656,5529.98606,4.35837,4.71861,0.00911,-0.10914,0.00369,0.08852,143.64,backup,187.69958,-2.93133,59.53094,4.41924,12.09539,0.9493,0.0439,0.08886,0.05828,0.08224,0.08304,0.494,0.78992,-0.01511,0.00214,-0.00327,0.02106,-0.00288,0.02169
1490867024859496064,5531.25312,3.95373,5.14084,0.00778,-0.03275,0.00354,0.10245,141.76,backup,217.29494,40.18624,65.95716,5.1617,11.96241,0.98974,0.03013,0.06586,0.06541,0.04076,0.02619,0.45749,0.75717,-0.00021,0.0194,-0.01148,0.00073,-0.01815,-0.0103
3637380491286014720,5532.10851,3.47243,4.95453,0.00684,-0.14755,0.00329,0.07875,179.42,backup,204.50641,-2.72153,58.10625,4.91977,12.13119,1.00955,0.10136,0.12845,0.15418,0.15043,0.14211,0.78915,0.74857,0.02031,0.01405,0.01735,0.01124,0.01078,0.00502
1499347248807171968,5540.30804,3.76388,5.04441,0.00745,-0.09506,0.00342,0.0571,156.46,backup,210.93555,43.07733,68.3449,4.46171,12.29852,0.98307,0.02631,0.06147,0.00878,0.0148,0.02396,0.42809,0.81109,-0.02256,-0.01919,-0.01998,-0.01431,-0.01606,-0.00688
1322009384888978304,5541.92675,3.36007,4.85802,0.00673,-0.16708,0.00314,0.09391,162.7,backup,242.98344,31.45325,46.44311,5.01427,11.81573,0.9417,0.04641,0.09561,0.10709,0.09928,0.0819,0.48545,0.68532,0.00557,0.02698,0.00178,0.02163,-0.00666,0.00971
1563175994743302784,5542.61604,4.72688,4.90823,0.00913,-0.33061,0.00468,0.12277,129.36,backup,199.5819,52.94964,63.69782,4.37287,12.12341,0.99292,0.02503,0.07194,0.07786,0.04339,0.03634,0.34787,0.80603,0.00206,0.03773,-0.00993,0.00995,-0.01238,0.00426
1504338722359357568,5542.92597,3.03387,5.02541,0.00594,-0.11104,0.0027,0.1121,188.98,backup,213.35327,43.14981,66.93535,4.25903,12.33557,0.95089,0.02672,0.06045,0.02738,-0.01666,0.03046,0.44204,0.8224,-0.01462,-0.0042,-0.03409,-0.04042,-0.01326,-0.00167
4414231184825910400,5543.18556,3.55343,4.8553,0.007,-0.06587,0.00305,0.11139,171.29,backup,232.03569,-2.41509,42.07459,4.69533,12.37512,1.20459,0.61796,0.6643,,,,0.93024,0.68073,,,,,,
3569474133463473152,5543.63799,4.45708,4.86528,0.00881,-0.06993,0.00368,0.0799,154.96,backup,181.55636,-15.75523,45.73551,4.47823,12.10442,0.99258,0.11753,0.14666,,,,0.80137,0.72177,,,,,,
3669933555955430784,5545.93273,3.70417,4.91925,0.00729,-0.22993,0.00376,0.07257,133.76,backup,216.89188,5.45248,58.48349,4.9705,12.01543,0.95208,0.0537,0.09151,0.06482,0.0904,0.08045,0.58676,0.74642,-0.01566,-0.00531,-0.00065,0.01378,-0.00649,0.00635
1373899324333081344,5546.15552,3.1681,4.73309,0.0063,0.29115,0.00302,0.00291,165.72,backup,232.6781,33.81759,55.25574,4.31485,11.89391,0.96129,0.04939,0.08245,0.09194,0.11693,0.0836,0.59907,0.78205,0.00569,0.02251,0.02066,0.04206,0.00069,0.01598
3882471971106912640,5546.3555,3.63748,4.79421,0.00743,0.0874,0.00321,0.06932,159.21,backup,156.63455,10.92374,52.31251,4.40484,11.90605,0.96917,0.06244,0.10506,0.13246,0.13103,0.08901,0.59428,0.76242,0.01628,0.03855,0.01543,0.03747,-0.00954,0.00542
1294499260363970176,5547.17546,3.51958,5.12476,0.00698,-0.12497,0.00333,0.07668,153.99,backup,222.82726,37.69785,62.73357,4.62366,12.2578,0.97304,0.02982,0.06248,0.06263,0.04103,0.02638,0.47721,0.78518,7e-05,0.01936,-0.01024,0.0024,-0.01723,-0.00911
1056813334957597952,5551.78523,4.32997,5.08721,0.0083,-0.14562,0.00391,0.09512,136.95,backup,178.38928,66.11464,49.98391,4.44072,12.35481,0.96584,0.0207,0.06322,0.0917,-0.01302,0.03595,0.3274,0.74835,0.00932,0.04792,-0.02496,-0.03044,-0.00893,0.00621
1554429276666695168,5551.86914,3.39969,4.93262,0.00668,-0.17314,0.00326,0.07557,155.0,backup,197.73796,47.6481,69.12801,4.97829,11.95809,0.94227,0.02246,0.06099,0.09091,0.05071,0.02256,0.36824,0.77721,0.01102,0.0482,-0.00379,0.01695,-0.01415,-0.00493
854099812119017472,5552.03276,3.62809,4.83717,0.00733,-0.33447,0.00348,0.1307,174.75,backup,160.6053,56.90257,52.46622,4.48379,12.21171,0.91172,0.01634,0.04748,,,0.01365,0.34407,0.75704,,,,,-0.01164,-0.006
3658342332577224576,5554.33348,3.74017,4.83724,0.0074,-0.08559,0.00331,0.07438,169.25,backup,206.3167,-2.66081,57.50637,4.82577,11.94569,0.97164,0.09717,0.12636,0.09068,0.1469,0.12742,0.76902,0.75297,-0.02744,-0.02889,0.0158,0.01344,0.00081,-0.00123
1324180748554509056,5554.89348,4.15743,5.05354,0.00816,-0.10117,0.00391,0.06492,126.44,backup,247.63126,31.12875,42.46817,4.36675,12.31388,0.9674,0.02903,0.07487,0.04793,0.05032,0.07125,0.38773,0.70973,-0.01045,0.00499,-0.00952,0.00669,-0.0014,0.02154
4012718056944978816,5555.52094,3.46412,4.82829,0.00694,0.18286,0.00327,0.05217,150.15,backup,182.95519,27.57083,81.19404,4.46397,11.81325,0.95713,0.02726,0.07415,,,0.05966,0.36757,0.82984,,,,,-0.00533,0.02225
1501586782193627776,5556.45572,3.22119,5.18022,0.00635,-0.11054,0.00315,0.07914,156.36,backup,205.47217,43.41694,70.77983,5.67508,11.8528,0.98839,0.02467,0.0629,0.05281,-0.03382,0.03396,0.39221,0.73581,-0.00396,0.01419,-0.03793,-0.04956,-0.01135,0.00032
1285738012412866944,5556.77659,3.83523,4.9149,0.00765,-0.12567,0.00365,0.09309,130.52,backup,216.31145,32.33222,69.02841,4.65364,12.01812,0.94544,0.0299,0.06306,0.07514,0.05082,0.0256,0.47414,0.79915,0.00572,0.03015,-0.0058,0.01071,-0.01776,-0.00944
1155500752727180800,5557.16697,5.04158,4.99683,0.00973,-0.18266,0.00436,0.14125,128.27,backup,227.60113,3.54837,49.30131,4.63429,12.13277,0.96132,0.08295,0.12769,0.08965,0.12645,0.11741,0.64962,0.72985,-0.02471,-0.01752,-0.00081,0.00934,-0.00668,0.00274
698971292807740160,5557.40439,4.46337,4.8181,0.00875,-0.12218,0.00374,0.11922,145.26,backup,138.92069,30.2678,43.02431,4.17309,12.09992,0.92657,0.04174,0.08702,,,0.06941,0.4796,0.72964,,,,,-0.00845,0.00891
1171292454121690368,5558.06993,4.20412,4.80935,0.00831,-0.37287,0.00434,0.11486,130.2,backup,218.22917,5.78911,57.78483,4.34919,12.27517,0.93256,0.05549,0.0924,0.0815,0.06098,0.09141,0.60052,0.78907,-0.00654,0.00882,-0.01887,-0.00737,-0.00059,0.01664
1272016588336434944,5558.0981,3.21954,4.84939,0.00636,-0.13604,0.00281,0.07572,196.33,backup,229.81172,28.42117,57.4078,4.45881,12.14294,0.95841,0.07807,0.10792,0.1062,0.03851,0.06922,0.72344,0.77946,-0.00124,0.00471,-0.05021,-0.04805,-0.028,-0.02412
1056187437963936768,5559.06892,3.22987,4.92467,0.00642,-0.01944,0.00284,0.07049,175.76,backup,169.98094,64.21491,50.10922,4.06179,12.24654,0.94155,0.01734,0.0546,0.08657,0.08153,0.02701,0.31763,0.77935,0.01015,0.05012,0.00855,0.0462,-0.00877,0.0037
3654146153824125440,5560.63704,2.44257,5.03612,0.00487,0.0512,0.00239,0.01206,196.62,backup,217.04257,0.42917,54.6147,5.29252,11.94691,1.00512,0.064,0.09831,0.12824,0.1231,0.09367,0.65103,0.70839,0.01949,0.02685,0.01614,0.0232,-0.00302,0.00235
1060143339065751552,5562.87003,3.66285,4.92579,0.00717,-0.16479,0.00303,0.12083,188.31,backup,164.48182,67.36419,46.23893,4.33466,12.1622,0.9297,0.01617,0.0761,0.12074,0.08694,0.0346,0.21251,0.7363,0.00949,0.07273,0.0023,0.04784,-0.00882,0.00931
841840772865149568,5563.46607,4.52267,4.83562,0.00844,-0.38316,0.00457,0.04956,145.01,backup,178.26268,55.8372,59.42231,4.32981,12.28866,1.01729,0.02116,0.05655,0.0546,-0.01679,0.03453,0.37409,0.79622,-0.00073,0.02232,-0.02744,-0.03453,-0.00824,0.00634
3703656853186200960,5564.44842,4.35556,4.8244,0.00857,-0.16105,0.00388,0.09718,135.07,backup,191.4126,2.57991,65.4126,4.04094,12.25689,0.94452,0.04181,0.07088,0.10223,0.08899,0.07239,0.58989,0.83474,0.01849,0.04352,0.01068,0.03247,0.00089,0.01862
1217035883048541056,5564.54718,3.17804,4.92416,0.00638,0.06908,0.00294,0.06454,162.3,backup,237.31555,22.63787,49.6258,4.19906,12.12387,1.00335,0.11403,0.18297,0.21942,0.24884,0.17,0.6232,0.76576,0.02271,0.054,0.04105,0.07652,-0.00808,0.01615
3583808573929842560,5564.94784,3.76704,5.1707,0.00735,-0.08168,0.00361,0.07706,130.76,backup,184.63195,-7.53562,54.43162,4.50715,12.38433,0.99302,0.04428,0.1085,0.09056,0.05205,0.09248,0.40812,0.76397,-0.00732,0.0249,-0.02304,-0.00452,-0.00654,0.02637
1552137104159060352,5565.00276,3.34356,5.01743,0.00653,-0.18747,0.0033,0.07867,153.49,backup,204.18014,47.35445,67.91153,4.56696,12.24173,0.95197,0.02456,0.0782,0.10455,0.07021,0.06927,0.31406,0.80272,0.00828,0.05937,-0.00251,0.0318,-0.0028,0.03105
3586899266755384704,5565.51363,3.42791,4.72656,0.00697,-0.0606,0.00276,0.07176,204.8,backup,174.02745,-10.68522,48.00429,4.36296,11.99482,0.96303,0.042,0.07922,,,,0.53021,0.74404,,,,,,
1524018640466667136,5566.06534,4.2686,4.89592,0.00853,-0.42124,0.00415,0.15444,161.24,backup,196.91888,39.76359,76.9227,5.1813,11.93481,0.91037,0.02409,0.05523,,,0.04153,0.43616,0.77775,,,,,-0.00598,0.00821
1572670067194462720,5566.42677,3.72782,4.9148,0.00735,-0.35092,0.00382,0.09894,154.36,backup,184.81014,54.61168,61.89266,5.19128,11.94503,0.9257,0.02392,0.06436,0.06335,0.03017,0.04627,0.37159,0.74316,-0.00038,0.02316,-0.01271,-0.0015,-0.00672,0.01047
1284891560257523968,5566.73185,3.67442,4.94957,0.00736,0.01785,0.00348,0.03598,132.04,backup,215.57755,30.10781,69.87021,4.39132,12.12944,0.96464,0.03917,0.07321,0.06756,0.04669,0.06603,0.53495,0.81922,-0.00302,0.01618,-0.01419,-0.00092,-0.00384,0.01493
3703261613115975296,5566.77962,3.64798,5.05117,0.00698,-0.09813,0.00318,0.09834,164.88,backup,190.90395,2.16207,64.9636,5.22139,12.015,0.9623,0.03727,0.06822,0.07376,0.12145,0.079,0.5463,0.75047,0.00303,0.01809,0.02908,0.05388,0.00589,0.02202
3670422082716015488,5566.79561,3.32638,4.83645,0.00652,-0.07347,0.0032,0.04616,150.54,backup,216.24009,6.89551,59.96804,4.79407,11.93179,0.944,0.04992,0.08939,0.04965,0.03615,0.06777,0.55839,0.76418,-0.02219,-0.01198,-0.02973,-0.02229,-0.01208,0.00187
3669613254474619776,5567.44517,3.21239,4.87017,0.00621,-0.18158,0.0029,0.08156,188.79,backup,214.15502,4.52002,59.60697,4.75162,11.99896,0.94156,0.04754,0.08222,0.03968,0.07483,0.07996,0.57821,0.76596,-0.02459,-0.01714,-0.00427,0.00978,-0.00131,0.01371
1371516308973262208,5567.6582,3.13371,4.93297,0.00638,0.15448,0.00299,0.02359,156.9,backup,239.86305,34.05662,49.30475,5.01038,11.81595,0.99372,0.06343,0.09642,0.09509,0.08644,0.08204,0.65785,0.70198,-0.00088,0.00332,-0.00656,-0.00275,-0.00946,-0.00584
1589901067965046272,5568.20644,4.08127,4.89207,0.00791,-0.24473,0.00386,0.08413,141.29,backup,221.76756,46.2585,60.23883,4.95041,11.94396,0.94366,0.03375,0.08386,0.07706,,0.05999,0.40246,0.75411,-0.00274,0.02436,,,-0.00961,0.01149
1558902051310667776,5569.34338,3.70936,5.03497,0.00718,-0.1896,0.00327,0.08564,175.69,backup,205.57042,50.48327,64.71407,4.66343,12.1662,0.94414,0.02268,0.05973,0.04097,,0.03711,0.37978,0.78799,-0.00712,0.0096,,,-0.00859,0.00656
1285537763857045888,5569.53585,3.0788,4.74965,0.00635,0.30506,0.00296,-0.00457,153.42,backup,216.12114,31.25796,69.31865,4.1436,11.95802,0.96282,0.03578,0.06953,0.0234,0.08053,0.04627,0.51456,0.83573,-0.02374,-0.01622,0.00566,0.03153,-0.01197,0.00289
1511786401809170048,5571.12774,3.82357,4.84284,0.00763,-0.02046,0.00348,0.06467,135.93,backup,213.46397,51.59999,61.0217,4.78905,11.80471,0.94717,0.02238,0.06528,0.06854,0.01814,0.04213,0.34285,0.76807,0.00112,0.03026,-0.01616,-0.00845,-0.00794,0.00998
1490866234585512448,5571.32092,4.64782,5.08921,0.00889,-0.11505,0.00414,0.08698,126.96,backup,217.29732,40.15126,65.97048,4.64206,12.15696,0.95925,0.03084,0.06582,0.06541,0.04076,0.02619,0.46848,0.79279,-0.00019,0.02102,-0.01174,0.00148,-0.01857,-0.01007
1216671605399711488,5571.50308,3.71255,5.06126,0.00726,-0.10598,0.00343,0.09184,144.97,backup,237.56328,21.83793,49.18174,4.01462,12.53454,1.00101,0.11763,0.18371,0.17946,0.22176,0.14065,0.64028,0.77866,-0.00272,0.02211,0.02436,0.05505,-0.02757,-0.00811
3649588879989672960,5571.71863,3.59153,4.96285,0.00692,-0.14209,0.00329,0.06883,154.75,backup,217.77296,-1.54211,52.61812,4.31238,12.32469,0.96779,0.07993,0.10945,0.09957,0.13105,0.12161,0.7303,0.77101,-0.00722,-0.00316,0.01577,0.02111,0.00888,0.01383
2509663671542979584,5572.71903,4.73069,4.69938,0.01038,-0.66839,0.00458,0.20399,181.19,backup,23.79256,-0.70801,-61.57031,4.63715,12.25273,0.89432,0.0284,0.07818,0.1061,0.03752,0.09577,0.36334,0.78066,0.01015,0.05443,-0.01477,0.00089,0.00639,0.04636
846024960068554240,5575.13154,4.71884,4.90871,0.00925,-0.39343,0.00454,0.10872,142.65,backup,175.64514,58.26761,56.60997,4.74797,12.14171,0.916,0.0219,0.05986,0.02116,-0.01004,0.02615,0.36577,0.75508,-0.01416,-0.00592,-0.02557,-0.02948,-0.01233,-0.00215
2516500091247025152,5576.31879,4.89713,4.92756,0.00943,-0.24537,0.00424,0.15872,136.26,backup,35.15293,4.4088,-51.81095,4.72404,12.06066,0.92509,0.05235,0.13426,0.2224,0.11935,0.10831,0.3899,0.73579,0.03437,0.11129,-0.00581,0.03547,-0.01012,0.02735
757339284180637440,5576.68997,3.26182,4.8078,0.00675,0.27081,0.00329,-0.02286,143.76,backup,170.75478,32.55018,70.11636,4.43094,11.98003,0.95258,0.02661,0.07584,0.17946,0.06001,0.06436,0.35092,0.81692,0.03636,0.11999,-0.00555,0.02241,-0.00403,0.02596
2516534897662001792,5577.98576,4.34583,4.84678,0.0084,-0.20423,0.00364,0.12785,153.8,backup,35.84861,4.40304,-51.43299,4.44503,12.12937,0.92597,0.05248,0.13212,0.11913,0.03729,0.09002,0.39723,0.75517,-0.00516,0.03748,-0.03767,-0.02432,-0.01672,0.0155
1218285855970587520,5578.94806,3.31246,5.12983,0.00643,-0.04966,0.00307,0.04037,152.43,backup,239.46174,22.72688,47.74519,4.96833,12.13448,1.05785,0.11708,0.18406,0.19058,0.22076,0.18432,0.6361,0.69633,0.00415,0.01563,0.02334,0.03664,0.00017,0.01127
2560204136558154240,5579.19081,3.86738,4.90188,0.0077,-0.38746,0.00376,0.17849,170.13,backup,22.93923,4.12811,-57.26208,4.28684,12.2385,0.92306,0.03636,0.09357,-0.01986,0.02671,0.0545,0.38862,0.7919,-0.04408,-0.05209,-0.02598,-0.01521,-0.01518,0.00679
1277748028916111104,5581.01409,3.87175,4.94786,0.00742,0.40383,0.00315,0.03839,136.76,backup,231.27659,33.21848,56.42537,4.13609,11.90352,0.98163,0.04837,0.08056,0.09672,,0.06381,0.6004,0.80041,0.0097,0.02905,,,-0.01006,0.0027
1055283089649720576,5581.47105,2.69812,4.70139,0.00524,0.42198,0.00234,-0.02608,177.63,backup,161.12395,63.32388,48.35407,4.11491,11.87294,0.92892,0.01724,0.0623,0.04953,0.08447,0.02319,0.27667,0.76608,-0.00353,0.02071,0.00613,0.04747,-0.01082,0.00053
1508014802047868160,5581.99481,3.87387,4.95774,0.00745,-0.07953,0.00326,0.04766,169.27,backup,213.89057,48.56893,63.07069,4.87359,11.96279,0.94442,0.02667,0.07882,0.07238,-0.04172,0.03607,0.33835,0.76858,-0.00218,0.02896,-0.04079,-0.05874,-0.01446,0.00105
1502572150770962176,5583.46768,3.78388,4.74338,0.0074,-0.16602,0.00314,0.10232,186.81,backup,208.81537,44.23397,68.62209,4.30701,11.93449,0.92906,0.02569,0.06289,0.07899,0.06327,0.0299,0.40844,0.82265,0.00658,0.0393,0.00016,0.02637,-0.01348,-0.00109
1564228394873281536,5583.52621,3.16493,4.77922,0.00666,0.10808,0.00305,0.03223,159.27,backup,195.59429,54.07578,62.97738,4.20714,12.03659,0.95028,0.02451,0.07014,0.13177,0.09746,0.04816,0.34941,0.81621,0.02153,0.08304,0.00954,0.05504,-0.00768,0.0148
4420379619488696960,5586.07048,3.3761,4.86449,0.00655,-0.20287,0.00297,0.09436,192.26,backup,230.08105,0.71517,45.58879,4.82355,12.01306,0.96479,0.12515,0.16057,0.16607,0.21151,0.15461,0.77942,0.69418,0.00429,-0.00986,0.0397,0.02168,-0.00464,-0.01782
1265340521233211648,5588.04665,3.63743,4.90873,0.00702,-0.42092,0.00355,0.24755,180.82,backup,227.06097,26.07471,59.49517,5.01076,11.96357,0.96826,0.11656,0.1468,0.1676,0.12499,0.12979,0.79399,0.74731,0.01651,0.00869,-0.01732,-0.02315,-0.01351,-0.01957
1577363435656962944,5588.1244,4.86245,4.84482,0.00962,-0.35096,0.0046,0.14829,133.28,backup,193.59844,58.58464,58.53938,4.18921,12.32785,0.90782,0.02203,0.05767,0.05573,0.04087,0.02097,0.38203,0.80386,-0.00074,0.02277,-0.00642,0.01083,-0.01402,-0.00517
1591502815888855296,5591.74686,3.91438,4.96106,0.00758,-0.03687,0.00349,0.07409,138.02,backup,222.09412,48.83224,58.70294,4.52738,12.01422,0.95636,0.03045,0.10254,0.07946,0.06246,0.07487,0.29694,0.77907,-0.00685,0.03146,-0.0119,0.01821,-0.00822,0.02788
1603584490173355648,5592.23695,4.11708,4.6606,0.00887,-0.54897,0.00409,0.16647,185.55,backup,217.45043,49.35329,60.82381,4.96748,11.89703,0.8848,0.02578,0.08441,0.07941,0.05436,0.05354,0.30546,0.75491,-0.00153,0.03417,-0.00918,0.01525,-0.00943,0.01464
3800815369972538112,5592.32536,4.59115,4.86778,0.00872,-0.19137,0.00387,0.12202,146.56,backup,173.71119,3.60185,60.19625,4.92917,11.8052,0.9413,0.04507,0.08809,,,0.05746,0.51163,0.75545,,,,,-0.01567,-0.00166
3670111956012693248,5592.50882,3.56334,4.87701,0.00692,-0.14381,0.00318,0.08272,163.81,backup,216.95256,6.14,58.93317,4.02958,12.28548,0.93695,0.05243,0.08912,0.09852,0.06981,0.08948,0.58831,0.81742,0.00553,0.0281,-0.01136,0.00463,0.00021,0.02071
2559781305617820288,5592.84856,3.48145,4.95192,0.00665,0.14346,0.00302,0.02901,166.48,backup,23.12216,3.00165,-58.28467,4.46778,11.9876,0.979,0.03342,0.09188,0.06308,0.06824,0.06279,0.36379,0.78199,-0.01048,0.0159,-0.0086,0.01994,-0.01058,0.01568
856052780992023808,5594.09278,3.52869,5.14515,0.0067,-0.01903,0.00317,0.05556,156.64,backup,165.14104,56.0083,54.93829,4.52534,12.24184,0.9777,0.0181,0.04858,0.0532,0.01828,0.02958,0.37247,0.76473,0.00172,0.02259,-0.01129,-0.00412,-0.00708,0.00453
1491874830345919104,5594.5374,4.67054,5.00606,0.00892,0.17491,0.00388,0.04264,126.79,backup,215.22136,40.9429,67.00201,4.09337,12.21457,0.9584,0.02933,0.06185,0.05509,0.0456,0.02438,0.47422,0.83454,-0.00321,0.01664,-0.00771,0.00873,-0.01777,-0.00898
1320307929300945536,5594.6073,3.09356,5.22206,0.0059,-0.07907,0.00282,0.06521,170.08,backup,241.55287,29.97946,47.45277,4.98332,12.16003,1.01425,0.06403,0.11985,0.11348,0.08424,0.09946,0.53429,0.69355,-0.0034,0.01467,-0.01903,-0.00561,-0.01089,0.00495
1056524816234531584,5595.97585,3.53611,4.95544,0.0068,-0.30858,0.00331,0.157,176.57,backup,172.59019,65.28337,49.7557,5.46105,11.79992,0.913,0.01736,0.05976,0.13466,0.0649,0.02743,0.29057,0.67312,0.02176,0.07328,0.00149,0.02632,-0.00939,0.0011
1683969991437596416,5597.14091,5.50948,4.88391,0.01083,-0.34427,0.00482,0.16786,145.74,backup,186.5803,70.8604,46.12294,4.20858,12.33074,0.90778,0.02413,0.06588,0.06183,0.04118,0.04203,0.36632,0.74595,-0.00148,0.02199,-0.00905,0.00658,-0.00874,0.00722
1526100767595832320,5597.84137,5.51647,4.9062,0.01112,-0.56284,0.00523,0.15457,144.32,backup,197.63274,42.59039,74.05679,4.9968,12.07682,0.89915,0.02945,0.07043,0.11115,0.07386,0.04421,0.41809,0.7855,0.01702,0.05786,0.00143,0.02857,-0.01096,0.00528
1580556834036209408,5598.03302,3.23375,5.13315,0.00597,-0.17302,0.00299,0.07142,195.25,backup,190.21321,61.68965,55.39317,4.968,12.01514,0.95899,0.0217,0.05695,0.06565,0.01106,0.03573,0.38107,0.7343,0.00332,0.02651,-0.01749,-0.01358,-0.00809,0.00453
863935454729800704,5598.35868,3.35594,4.84068,0.00658,0.05955,0.00275,0.05814,193.38,backup,170.30813,63.36682,50.90092,4.12726,12.10007,0.92756,0.01837,0.05609,0.08887,0.00928,0.03255,0.32759,0.77782,0.01074,0.05075,-0.01533,-0.01116,-0.00771,0.00694
1580425506820931200,5598.65122,2.93673,4.95471,0.00564,-0.22135,0.00272,0.10179,203.98,backup,192.7095,61.93509,55.19302,4.86866,11.88499,0.92445,0.02197,0.05938,0.07579,-0.00043,0.03393,0.37001,0.74054,0.00607,0.03415,-0.02213,-0.02229,-0.00942,0.00316
854174677693182592,5598.83448,3.77393,4.94957,0.00719,-0.16994,0.00331,0.11256,159.18,backup,162.99932,57.21993,53.2501,4.11169,12.34681,0.92684,0.01811,0.04851,,,0.02359,0.37328,0.78965,,,,,-0.0093,0.00052
1371730404504288128,5600.03782,3.44571,5.02103,0.00654,-0.10894,0.0032,0.0468,155.64,backup,237.93517,34.42544,50.91362,5.18857,11.87748,0.9555,0.06403,0.09654,0.09653,0.06954,0.08486,0.66328,0.69783,-0.0,0.00333,-0.01791,-0.0155,-0.00774,-0.00481
850046737381195264,5600.04434,3.3534,5.0195,0.00656,-0.0102,0.00305,0.06513,157.96,backup,164.02399,55.54537,54.79303,5.17682,11.77317,0.94967,0.01735,0.04896,0.04482,0.01476,0.02356,0.35436,0.7171,-0.00147,0.01479,-0.01212,-0.00677,-0.009,-0.00046
1680647091203867648,5600.68877,3.64326,4.83347,0.00731,0.09685,0.0028,0.03873,193.17,backup,189.03782,66.66536,50.39239,4.51923,11.85971,0.93027,0.02145,0.0584,,,0.04766,0.36739,0.74432,,,,,-0.00395,0.01402
3902470781942344448,5600.83698,3.83707,4.92187,0.00742,-0.22139,0.00359,0.09417,151.45,backup,188.05058,7.90613,70.24495,4.43001,12.20472,0.9253,0.03273,0.07197,0.03887,0.02899,0.05077,0.4548,0.81724,-0.01505,-0.00097,-0.01954,-0.00904,-0.00964,0.00876
1370098175196608512,5601.59805,4.22667,4.90149,0.008,-0.14628,0.00395,0.06063,128.27,backup,237.45351,33.03977,51.25031,4.59072,12.03261,0.9445,0.0609,0.09457,0.09495,0.08483,0.07457,0.64389,0.7431,0.00024,0.00967,-0.00628,0.00214,-0.01288,-0.00548
3695070625149622784,5602.42769,4.3277,4.83765,0.00847,0.04048,0.00361,0.0528,144.59,backup,185.61533,-0.96296,61.05634,4.65198,11.7858,0.9416,0.0414,0.07759,-0.02759,0.00133,0.06591,0.5336,0.77796,-0.05612,-0.06286,-0.04069,-0.04037,-0.00623,0.00988
3897352830192964480,5603.55728,2.92517,4.95317,0.00576,0.05251,0.00254,0.06026,191.82,backup,177.60582,5.4023,63.86393,4.42861,12.04044,0.9463,0.04076,0.07958,0.0668,0.03875,0.04368,0.51211,0.80244,-0.00655,0.01285,-0.02091,-0.00966,-0.01839,-0.00571
1559389963892584320,5603.7288,3.26821,4.87828,0.00629,-0.15442,0.00265,0.13166,213.31,backup,203.02685,50.01336,65.8259,4.56258,11.91447,0.91344,0.02202,0.06096,0.04029,0.0732,0.02085,0.36131,0.79803,-0.00747,0.01013,0.00442,0.03639,-0.01449,-0.00538
3587208951078196480,5604.94085,4.63359,4.9995,0.00881,-0.12331,0.00366,0.04641,162.79,backup,176.76688,-11.39349,48.4334,4.2125,12.25707,0.93044,0.0444,0.07315,,,,0.607,0.7585,,,,,,
1271339151737913216,5605.11538,3.54098,4.79699,0.00691,-0.30462,0.00305,0.11613,213.74,backup,230.03225,27.24283,57.05852,4.79803,12.02298,0.93948,0.09484,0.12575,0.19652,0.20523,0.08195,0.75422,0.75323,0.05338,0.05318,0.05995,0.05975,-0.03303,-0.03311
3562292608842654336,5605.25268,3.90803,4.91406,0.00743,-0.21201,0.00331,0.09971,180.48,backup,171.37218,-12.60802,45.12366,4.55255,12.06192,0.92337,0.04687,0.10553,,,,0.44412,0.71213,,,,,,
1271121134903821696,5606.3859,3.35943,4.9609,0.00646,-0.19207,0.00297,0.08548,196.95,backup,232.10349,28.36108,55.39963,4.2004,12.25809,1.05224,0.06535,0.09576,0.11338,0.17216,0.07932,0.68246,0.79148,0.01203,0.02439,0.05214,0.07091,-0.01122,-0.00257
1370799393033368064,5606.61204,4.02095,5.15948,0.00773,0.00628,0.00357,0.04458,135.46,backup,236.45558,33.24378,52.0954,4.30654,12.36535,1.00043,0.06095,0.09391,0.1137,0.11301,0.08171,0.64896,0.76909,0.01284,0.0265,0.01239,0.02597,-0.00792,0.0019
859119632455414656,5606.72811,3.75031,4.77181,0.00774,0.21513,0.00351,0.0394,133.35,backup,172.45888,59.66391,54.57382,4.1832,11.90462,0.93652,0.02233,0.05584,0.03889,-0.00943,0.04701,0.40001,0.78952,-0.00678,0.00837,-0.02611,-0.02978,-0.00353,0.01478
1487529629111729664,5610.28472,4.25606,4.88438,0.0084,-0.32765,0.00371,0.13936,176.21,backup,218.19699,38.45263,65.99142,5.20511,11.77803,0.90419,0.02967,0.06499,0.06193,0.01262,0.02456,0.45658,0.75438,-0.00139,0.01705,-0.02391,-0.02015,-0.01846,-0.01115
1271944982640867584,5610.69605,3.91195,4.84634,0.00759,-0.33037,0.0036,0.08951,178.07,backup,231.04223,28.80393,56.37845,4.20585,12.31607,0.92712,0.06276,0.09239,0.09614,0.10826,0.06718,0.67929,0.79483,0.00255,0.01366,0.01078,0.02329,-0.01712,-0.00936
846061072154255616,5610.81377,2.95752,4.90794,0.00566,-0.00975,0.00251,0.07732,197.5,backup,173.76784,57.99677,56.34646,4.49489,11.9836,0.93096,0.02303,0.05607,0.02584,0.07622,0.03294,0.41083,0.77271,-0.01242,-0.00307,0.00828,0.03586,-0.0095,0.00242
1495177793338612608,5610.88337,4.3182,4.87152,0.00821,-0.0804,0.00379,0.04613,135.3,backup,218.43453,47.60866,61.40229,4.29395,12.08424,0.92725,0.0312,0.08422,,,0.0555,0.37044,0.8052,,,,,-0.01064,0.01349
3702121866233512320,5611.74403,4.10955,4.8973,0.00801,0.12264,0.0033,0.07645,151.62,backup,191.71068,0.86216,63.71076,4.07289,12.02393,0.94259,0.03829,0.06686,0.05068,0.06316,0.04895,0.57279,0.82814,-0.00926,0.00368,-0.00212,0.01401,-0.01025,0.00225
1553012276758318208,5612.26126,4.03545,5.00674,0.00764,-0.12669,0.00376,0.07619,130.47,backup,200.11881,48.40727,67.98543,4.33223,12.20261,0.92852,0.02268,0.06169,0.04981,-0.01069,0.0228,0.36764,0.81949,-0.00437,0.01814,-0.02661,-0.03144,-0.0143,-0.00399
2559343425111983104,5614.06202,3.51019,4.8524,0.00672,-0.03078,0.00296,0.06583,173.45,backup,21.64904,2.2353,-59.4383,4.03874,12.16582,0.94064,0.03417,0.0768,0.10661,0.1869,0.07087,0.44495,0.81834,0.01326,0.05307,0.04899,0.11877,-0.00264,0.02382
3666959892399129216,5614.237,3.60199,4.73525,0.00715,-0.11108,0.00303,0.15756,170.38,backup,215.72119,2.90262,57.36398,4.39567,11.83189,0.92936,0.0593,0.09233,0.0111,0.06065,0.07349,0.64219,0.78403,-0.05217,-0.05059,-0.02035,-0.01175,-0.0121,-0.00168
1604306147758034944,5615.77836,4.2124,5.07722,0.00792,-0.05686,0.00352,0.07481,142.58,backup,220.26046,51.91269,57.81124,4.00776,12.35509,0.94168,0.02369,0.07416,,,0.04336,0.31947,0.81535,,,,,-0.00984,0.01166
1519400309376502528,5616.35764,4.19758,4.85232,0.00805,-0.09136,0.00363,0.09444,142.8,backup,187.08553,37.04537,78.94811,4.40558,11.93724,0.91782,0.02536,0.06592,0.05193,0.01341,0.03852,0.38464,0.83173,-0.00538,0.01783,-0.0202,-0.01421,-0.01054,0.00668
1303619095138427136,5618.96598,2.94403,4.78089,0.00592,0.37605,0.00266,-0.0092,166.43,backup,244.14819,26.11225,44.46539,4.45401,11.81448,0.96228,0.08051,0.15511,0.12938,0.09143,0.13504,0.51904,0.71582,-0.01335,0.01211,-0.03305,-0.01506,-0.01041,0.01616
1270289770968133760,5620.32023,3.67345,4.91382,0.00706,-0.22413,0.00316,0.08346,185.15,backup,231.29002,26.40478,55.8152,4.44118,12.18879,0.9495,0.10432,0.13673,0.18731,0.13006,0.09559,0.76293,0.77465,0.03859,0.04078,-0.00509,-0.00357,-0.03139,-0.03027
3572896195902614400,5621.27959,4.40706,4.80122,0.00937,-0.54387,0.00442,0.29919,163.95,backup,175.19243,-14.05701,45.38695,4.42612,12.02599,0.9097,0.05682,0.09515,,,,0.59719,0.72381,,,,,,
1486957814346192000,5621.53066,4.26914,4.99918,0.00795,-0.03638,0.00337,0.04408,159.4,backup,221.73057,38.82076,63.26102,4.43894,12.08933,0.95185,0.0301,0.06341,0.0395,-0.00915,0.02809,0.4747,0.80001,-0.01135,0.0015,-0.03444,-0.03742,-0.01676,-0.00763
1681972311952999680,5621.82802,4.28087,4.83621,0.00838,-0.26689,0.00398,0.11941,138.43,backup,182.1619,68.23158,48.39921,4.6186,11.95496,0.90445,0.02448,0.0648,0.06733,0.10319,0.0504,0.37786,0.72618,0.00096,0.02441,0.01451,0.05045,-0.00544,0.01211
1663176882230978560,5622.89278,4.21458,4.76469,0.00828,-0.05206,0.00366,0.075,139.6,backup,201.30075,60.41072,56.22371,4.08006,12.02331,0.90999,0.02326,0.0649,0.06764,0.11894,0.03859,0.35838,0.80403,0.00098,0.03113,0.01937,0.07237,-0.00943,0.00776
3652372499834389632,5624.10233,4.71505,4.89387,0.00889,-0.15204,0.00398,0.08068,146.03,backup,221.52472,1.80985,52.64774,4.19257,12.25866,0.93822,0.08506,0.1215,0.11319,0.1135,0.10838,0.7001,0.78059,-0.00581,0.0033,-0.0056,0.00354,-0.00918,-0.00046
1217239189621220992,5624.59437,4.23588,5.01778,0.00826,-0.37185,0.00413,0.12422,146.05,backup,235.58679,21.4528,50.82791,4.28862,12.3895,0.94986,0.09424,0.158,0.15233,0.1709,0.14174,0.5965,0.76453,-0.00338,0.02222,0.0077,0.03641,-0.0097,0.01412
1155439523674322432,5626.13908,4.41438,5.05397,0.00805,-0.06852,0.00345,0.07912,160.11,backup,228.4539,3.83269,48.81273,4.7813,12.02853,0.96811,0.07991,0.12475,0.03753,0.11612,0.112,0.64051,0.71611,-0.05587,-0.05303,-0.00553,0.00325,-0.00817,0.0003
1564783098489689344,5627.01738,3.61288,5.18212,0.00678,0.11242,0.00309,0.04197,158.75,backup,196.97075,56.03757,60.9394,4.9168,11.9514,0.98172,0.02247,0.06865,0.09671,0.05661,0.0449,0.32735,0.75883,0.00918,0.05091,-0.00394,0.02048,-0.00777,0.0116
3716864874052906880,5627.56462,4.80363,4.87875,0.01002,-0.54708,0.00488,0.23192,142.35,backup,198.77159,5.09372,67.2562,4.22675,12.35624,0.90965,0.04871,0.08243,0.04656,0.07566,0.10088,0.59085,0.82545,-0.0212,-0.01027,-0.004,0.01375,0.0109,0.03456
1676824849484164864,5627.74582,3.13271,4.97645,0.006,-0.29508,0.00286,0.11058,216.17,backup,190.61619,63.35733,53.74128,4.59221,12.17243,0.91935,0.02212,0.05781,,,0.03686,0.38266,0.75457,,,,,-0.00802,0.00569
1548898458298266112,5627.89971,3.5271,4.99027,0.00675,0.01592,0.00315,0.0366,151.36,backup,182.61249,52.819,63.19778,4.677,11.91332,0.93144,0.02456,0.06967,0.10163,0.04622,0.05242,0.35258,0.78276,0.01127,0.05499,-0.00827,0.01161,-0.00608,0.01647
3795795824513627136,5628.84774,3.65118,5.13607,0.00681,-0.01766,0.00331,0.01062,149.36,backup,175.08205,0.03955,57.97378,5.38309,11.90285,0.9821,0.03651,0.08207,0.07666,0.0733,0.07238,0.44492,0.71633,-0.00241,0.0184,-0.0039,0.01599,-0.00431,0.01534
2497670782822759168,5630.24128,3.62016,4.99866,0.00689,-0.3021,0.00325,0.15486,194.46,backup,42.25943,-1.07601,-51.6095,4.11542,12.54018,0.95648,0.09522,0.15973,0.18507,0.16227,0.1556,0.59614,0.78208,0.01511,0.04952,0.00151,0.03168,-0.00247,0.02647
3647052826356152704,5630.59709,3.15303,5.19057,0.00592,0.01498,0.00247,0.05993,208.9,backup,213.20268,-2.00781,54.88398,4.31949,11.93056,1.06367,0.10963,0.14459,0.14156,0.14405,0.19301,0.75824,0.78019,-0.0023,0.00081,-0.00041,0.00275,0.03672,0.04095
1525520298472825344,5633.07011,3.73704,5.12249,0.00689,0.04129,0.00307,0.04707,160.15,backup,200.96713,42.78919,73.00846,5.03997,11.86802,0.96226,0.02673,0.06477,0.07841,0.07584,0.05241,0.41269,0.78085,0.00563,0.0345,0.00456,0.03248,-0.0051,0.01419
767188228305909504,5633.08815,4.12207,4.90978,0.00792,-0.08262,0.00361,0.09596,137.49,backup,172.98325,39.20082,69.52068,4.19289,12.09511,0.91901,0.02072,0.06946,0.08611,0.08127,0.08092,0.29826,0.83261,0.00497,0.05098,0.00352,0.04695,0.00342,0.04666
1210094567359238016,5633.53063,3.5904,4.88826,0.00689,-0.03516,0.00324,0.03123,152.77,backup,234.18683,19.38785,51.42617,4.43489,12.1131,0.97537,0.09523,0.15007,0.15589,0.19651,0.12755,0.63457,0.75593,0.00369,0.02261,0.02947,0.05332,-0.01429,0.00119
1219359155415113600,5635.87172,4.50435,4.93712,0.00953,-0.59419,0.00481,0.2817,142.78,backup,237.87658,23.56167,49.37186,4.28176,12.30099,0.93304,0.09848,0.16128,0.17953,0.16887,0.15289,0.61063,0.75781,0.01114,0.03756,0.00463,0.02948,-0.00512,0.01738
858858391068923904,5636.05856,4.65122,5.11737,0.00851,-0.02926,0.00386,0.07607,132.87,backup,175.91376,60.33832,54.83978,4.59341,12.10618,0.95152,0.02189,0.0976,,,0.0387,0.2243,0.75922,,,,,-0.01321,0.00749
3651904966873848704,5636.32282,5.19384,4.77124,0.01112,-0.48134,0.005,0.19233,147.8,backup,222.64866,0.56571,50.97297,4.3483,12.24111,0.91202,0.09046,0.12477,0.14157,0.12686,0.11912,0.72501,0.76051,0.01218,0.0172,0.00152,0.00602,-0.0041,0.00013
3584848093454434432,5636.60946,4.06456,4.8677,0.0079,-0.27621,0.00395,0.08906,141.35,backup,185.4231,-5.18817,56.89319,4.93631,11.93858,0.91355,0.04224,0.09474,0.09518,0.05276,0.12583,0.44583,0.74271,0.00019,0.02845,-0.01872,-0.00305,0.01386,0.05122
1184494496395475072,5637.55877,4.51562,5.12546,0.00838,-0.20127,0.00419,0.07202,131.13,backup,222.75516,12.6627,58.51222,4.74163,12.11952,0.9632,0.04183,0.08169,0.03055,0.03022,0.07027,0.51208,0.76278,-0.02619,-0.01853,-0.02635,-0.01878,-0.00585,0.01177
1052642883058263040,5641.99744,3.38553,4.97128,0.00634,0.0262,0.00265,0.0748,195.36,backup,158.73473,64.3687,46.87086,4.24123,12.10501,0.92388,0.01472,0.05814,0.03426,0.03661,0.03124,0.25316,0.74757,-0.00605,0.01089,-0.00545,0.01265,-0.00681,0.00864
3584124271206587648,5642.74025,3.70479,5.06324,0.00693,-0.11576,0.00352,0.02584,148.96,backup,183.16874,-7.00812,54.59721,4.35363,12.3246,0.95775,0.04162,0.11991,0.1512,0.17011,0.11113,0.34709,0.77637,0.01086,0.07577,0.01743,0.09045,-0.00305,0.04466
1055268314962253440,5643.54287,4.0582,4.87231,0.00852,-0.5458,0.00414,0.16876,171.75,backup,160.58654,63.00035,48.40952,4.13802,12.36367,0.88193,0.01724,0.05952,0.07944,,0.03033,0.28958,0.76447,0.00577,0.04349,,,-0.00845,0.00595
2576526279298325120,5644.63979,4.87928,4.84388,0.00969,-0.27873,0.004,0.15013,168.21,backup,17.35788,6.47145,-56.11929,4.07388,12.13652,0.92794,0.04653,0.11327,0.0734,0.13118,0.08626,0.41079,0.80413,-0.01638,0.01249,0.00736,0.05896,-0.01109,0.02284
1275576424732091136,5645.1544,3.02743,4.98877,0.00576,0.23615,0.00249,0.03528,198.93,backup,228.95789,30.43987,58.32177,4.20737,12.00466,0.9642,0.05541,0.08371,0.0778,0.08804,0.0632,0.66184,0.80173,-0.00391,0.00697,0.00286,0.01518,-0.01358,-0.00473
4025233973897948928,5645.54179,3.09154,4.9752,0.00596,0.11671,0.00264,0.04676,178.92,backup,173.71516,32.21581,72.63401,4.43918,11.93361,0.94246,0.02706,0.07853,,,0.0735,0.34464,0.82093,,,,,-0.00173,0.03327
1677548736156275584,5646.13442,3.17101,4.82973,0.00662,-0.39749,0.00321,0.17808,196.94,backup,191.40524,65.83898,51.27852,4.16197,12.11124,0.89664,0.0218,0.05761,0.14363,0.03949,0.0545,0.37847,0.7768,0.03255,0.08977,-0.00686,0.00887,-0.00118,0.02053
1285528521087438848,5646.18377,4.25206,4.87603,0.00853,-0.3058,0.00404,0.27879,138.77,backup,215.72299,31.22006,69.66115,4.27742,12.03407,0.91874,0.03573,0.06984,0.04069,-0.02587,0.04149,0.51156,0.82686,-0.01491,-0.00208,-0.04896,-0.05712,-0.0145,-0.00142
4003414131285250688,5647.15043,4.63461,4.91179,0.00859,-0.26602,0.00422,0.07708,139.73,backup,183.59671,26.49963,81.71124,4.78067,11.89898,0.9448,0.02687,0.07463,0.04098,-0.0257,0.06279,0.36006,0.80908,-0.01212,0.00628,-0.03613,-0.04767,-0.00426,0.02393
1323261870368040448,5648.33423,3.7435,5.23374,0.00693,-0.00085,0.00332,0.01833,145.81,backup,240.40861,32.84378,48.76272,5.4872,11.88474,1.00476,0.07083,0.10835,0.13423,,0.10911,0.65371,0.66591,0.01692,0.01856,,,0.00049,0.00182
1216645938675122688,5648.63241,3.17794,4.72189,0.00652,0.08713,0.00284,0.04451,176.66,backup,237.53484,21.51373,49.11284,4.40401,11.79935,0.95314,0.09936,0.15735,0.19437,0.21459,0.14745,0.63146,0.74673,0.02338,0.04578,0.03615,0.06088,-0.00625,0.01075
3659683225661972608,5648.91652,3.73533,4.74817,0.00793,-0.38836,0.00336,0.23288,206.66,backup,210.81304,-0.54976,57.37715,4.12718,12.13584,0.91383,0.0752,0.1109,0.1191,0.10737,0.13922,0.67814,0.80457,0.00556,0.02062,-0.00239,0.01118,0.01921,0.03681
3583903784764490112,5651.02323,4.116,4.89466,0.00808,-0.30021,0.00404,0.11936,136.58,backup,184.65113,-7.46948,54.50031,4.33411,12.19151,0.91154,0.04445,0.10733,0.07387,0.03303,0.07487,0.41414,0.77748,-0.01386,0.01298,-0.03077,-0.01877,-0.01344,0.01376
1553600966453082240,5652.35157,3.82262,5.0739,0.0072,0.0775,0.00336,0.0352,143.96,backup,200.3628,50.44458,65.99086,4.77197,11.87687,0.97809,0.02219,0.06147,,,0.04203,0.36099,0.78377,,,,,-0.00702,0.01075
1318344197237432576,5652.88891,4.28009,4.90247,0.00834,-0.28184,0.00411,0.08721,142.75,backup,246.30245,30.66521,43.51391,4.30673,12.18106,0.91536,0.03228,0.07563,0.06859,0.07687,0.0687,0.42674,0.72168,-0.003,0.01723,0.00053,0.0232,-0.00296,0.0173
4024903635077965440,5652.896,3.27866,4.83334,0.00659,0.1966,0.00278,0.04116,173.76,backup,174.52693,32.77422,73.17033,4.11065,11.99129,0.92431,0.02692,0.07817,0.19934,0.07661,0.06729,0.34443,0.84476,0.04173,0.14147,-0.00054,0.0378,-0.00375,0.02992
1206537612884179072,5653.1069,5.00935,4.86628,0.01006,-0.43164,0.00494,0.115,130.43,backup,241.95268,23.17875,45.66164,5.03695,12.01034,0.93705,0.13208,0.20713,0.18104,0.18285,0.13971,0.63765,0.67889,-0.01664,-0.00917,-0.01549,-0.00795,-0.04299,-0.03723
1506380240574221440,5654.63744,3.60701,4.97357,0.00732,-0.43028,0.00331,0.12728,211.56,backup,212.64201,47.56706,64.37006,4.81687,12.0749,0.89639,0.02663,0.0749,0.08483,0.09562,0.05354,0.35548,0.77629,0.00353,0.03923,0.00736,0.0476,-0.00759,0.01494
1304708127045939456,5655.36275,4.30158,4.90923,0.00938,-0.62686,0.00469,0.2838,148.02,backup,247.83597,27.01849,41.46579,4.94048,11.98256,0.91535,0.05561,0.13747,0.19862,0.21059,0.1322,0.40454,0.65776,0.02474,0.07504,0.02958,0.0829,-0.00213,0.03135
792621031768862464,5655.91877,3.45477,5.00942,0.00649,-0.12024,0.00321,0.05246,155.96,backup,179.25698,53.94538,61.37315,4.70698,11.95152,0.91403,0.02204,0.06448,0.03543,,0.05125,0.34185,0.77504,-0.00993,0.00542,,,-0.00453,0.01767
3564999950067973120,5655.93555,3.8537,4.74275,0.00785,-0.15578,0.00309,0.12503,192.35,backup,168.16442,-12.95428,43.29814,4.33801,11.99427,0.90769,0.05379,0.16884,,,,0.31856,0.71768,,,,,,
3686908572379128576,5656.26704,4.34398,4.89482,0.00828,-0.23114,0.00378,0.11164,153.6,backup,201.77207,-0.33578,61.22953,5.03617,11.75014,0.9127,0.03726,0.06347,0.01679,0.06929,0.06921,0.58701,0.75153,-0.0274,-0.02463,0.00342,0.01482,0.00337,0.01476
1270929274415845376,5657.67453,3.87392,5.02097,0.00723,-0.15615,0.0033,0.04601,176.99,backup,231.62595,27.55755,55.7058,4.04042,12.42038,0.96633,0.10149,0.13364,0.12134,0.14789,0.13442,0.75943,0.8052,-0.00934,-0.00379,0.01082,0.01759,0.00059,0.00675
3590928049158286976,5660.24889,4.60806,5.14971,0.00826,-0.0273,0.00365,0.06758,143.91,backup,170.43237,-9.35342,47.52978,4.5588,12.12819,0.969,0.04841,0.10345,,,,0.46801,0.72594,,,,,,
1576642881879973632,5661.38479,4.48446,4.90774,0.0087,-0.29392,0.00417,0.11027,144.38,backup,191.93773,56.02786,61.09276,4.4374,12.14242,0.89379,0.02176,0.05918,0.0523,0.01939,0.02856,0.36776,0.79366,-0.00253,0.01975,-0.01463,-0.00638,-0.01126,0.00091
3572435152636393856,5662.51618,4.70746,4.91646,0.00916,-0.28752,0.00422,0.11686,145.54,backup,178.0809,-13.77494,46.654,4.64877,12.0946,0.92291,0.0605,0.09464,,,,0.63929,0.71392,,,,,,
4413983863429159296,5663.21046,3.3771,4.84487,0.00649,-0.131,0.00292,0.0792,185.52,backup,230.65636,-3.04708,42.68954,4.331,12.27468,1.07358,0.46278,0.50618,,,,0.91427,0.71419,,,,,,
3583702093100318208,5664.26757,5.16434,4.81202,0.01001,-0.16569,0.00439,0.13682,127.51,backup,186.66889,-6.40912,55.93148,4.63406,11.78838,0.9143,0.04649,0.09341,0.08461,0.06635,0.11223,0.49763,0.7607,-0.00438,0.01788,-0.01347,0.00399,0.00936,0.03889
1553973322938494080,5664.73865,3.75748,4.94114,0.0072,0.04013,0.00344,0.00525,138.52,backup,197.43032,46.53729,70.258,4.03344,12.1965,0.92282,0.02429,0.06223,,,0.03102,0.3903,0.84539,,,,,-0.01218,0.00193
1281538530829454720,5667.02981,3.37495,4.87174,0.00655,-0.14854,0.0029,0.10906,189.6,backup,222.75132,28.85343,63.61753,4.08794,12.14936,0.90786,0.04924,0.07849,0.0648,0.08508,0.05332,0.62739,0.82677,-0.00859,0.00433,0.00414,0.0211,-0.01579,-0.00516
1549735839483389440,5667.57836,4.48144,4.99202,0.00953,-0.6515,0.00472,0.30831,151.3,backup,201.09974,43.98025,71.88696,4.37806,12.20621,0.89499,0.02661,0.06909,,,0.0471,0.3851,0.82391,,,,,-0.00847,0.0122
3973175534297031808,5668.05432,4.70616,4.97883,0.00893,-0.17767,0.00432,0.07154,126.91,backup,175.96478,17.30155,71.55993,4.01552,12.33465,0.92136,0.03656,0.08617,0.03563,,0.06907,0.42423,0.84892,-0.02144,-0.00631,,,-0.00726,0.02208
2507798624944450944,5668.12443,5.90872,4.95863,0.01092,-0.15739,0.00467,0.08636,127.92,backup,28.72269,0.46522,-58.46975,4.05201,12.18791,0.96197,0.05608,0.10693,,,0.08772,0.5245,0.81416,,,,,-0.01008,0.01533
4403741328501046016,5669.95997,3.98853,4.94136,0.00753,0.03655,0.00291,0.06613,190.68,backup,234.54944,-2.2188,40.27454,5.14106,11.95231,1.08106,0.36709,0.41973,0.4479,0.43837,0.41272,0.8746,0.6343,0.02464,-0.08299,0.0163,-0.08904,-0.00613,-0.10531
1054667122619971456,5670.15285,3.65717,5.07385,0.00676,-0.03524,0.00297,0.07584,174.75,backup,169.65245,63.87309,50.31768,4.29637,12.13482,0.92637,0.01719,0.05499,0.14826,0.0623,0.03206,0.31256,0.76141,0.02915,0.0957,0.00229,0.03025,-0.00717,0.00722
1507389111212155904,5671.73994,3.8709,4.86293,0.00769,0.09001,0.00303,0.03142,177.79,backup,215.68315,48.12074,62.51222,4.0967,11.91959,0.91466,0.02901,0.07901,0.10609,0.08366,0.07772,0.36713,0.82313,0.00994,0.05832,0.00171,0.03986,-0.00048,0.03496
767247327055869952,5672.13266,4.73186,4.89978,0.01023,-0.73973,0.00512,0.29404,137.2,backup,172.74744,39.55908,69.18237,5.27589,11.79118,0.87526,0.01874,0.06858,0.07601,-0.01042,0.08133,0.27323,0.75764,0.00203,0.03885,-0.02158,-0.02663,0.00348,0.04288
3562064631979187840,5672.23993,3.68161,4.73779,0.00806,-0.35499,0.0034,0.14934,194.03,backup,172.32123,-12.68887,45.47173,4.19239,12.02896,0.88522,0.04695,0.09278,,,,0.50601,0.74344,,,,,,
3708564763854153088,5672.81922,3.74151,4.86814,0.00742,-0.23517,0.00349,0.10386,163.95,backup,187.73598,6.28174,68.59164,4.89175,11.84563,0.8973,0.03528,0.07041,0.06143,0.03587,0.04762,0.501,0.78185,-0.0045,0.01275,-0.01731,-0.00724,-0.01142,0.00196
1321799726061678208,5672.90617,4.41199,4.96922,0.00901,-0.36033,0.00429,0.08684,145.14,backup,239.03972,32.58981,49.88903,4.0808,12.42656,0.91503,0.0647,0.09934,0.13739,0.15285,0.07378,0.65132,0.77672,0.02478,0.04201,0.03485,0.05401,-0.01665,-0.00739
1178462167583349248,5673.00472,3.64121,4.84159,0.00716,-0.20609,0.00343,0.07513,158.07,backup,221.70439,12.16415,59.10895,4.09585,12.15684,0.91587,0.04124,0.07919,0.06204,0.08714,0.07612,0.52069,0.8129,-0.00893,0.00919,0.00414,0.0296,-0.0016,0.02064
1582974174773648000,5675.8438,4.38526,5.10123,0.00823,-0.15202,0.00379,0.12703,140.63,backup,180.58247,62.87736,53.3507,4.40232,12.14068,0.9293,0.02343,0.07439,,,0.07185,0.315,0.76729,,,,,-0.0008,0.03169
1316431394899130240,5676.07104,4.2691,5.20399,0.00782,-0.15782,0.00375,0.05281,143.15,backup,241.12281,27.5399,47.40619,4.02409,12.54676,0.97686,0.08003,0.14565,0.1237,0.12106,0.10749,0.54945,0.76858,-0.01206,0.01505,-0.01351,0.01302,-0.02096,0.00259
5097306430011305088,5677.82702,4.93276,4.843,0.00945,0.168,0.00346,0.05588,154.58,backup,59.29143,-17.11026,-46.08757,4.06492,11.92375,0.91384,0.03718,0.08393,0.05825,0.03632,0.08272,0.44292,0.75775,-0.01138,0.00696,-0.02109,-0.00965,-0.00054,0.02551
3654956901914908160,5678.25065,4.0181,5.06261,0.00789,-0.36965,0.00391,0.08586,161.39,backup,218.75874,0.80286,53.79525,5.55703,11.82459,0.92972,0.06939,0.10545,0.1086,0.10036,0.10737,0.65802,0.68703,0.00207,0.00522,-0.00335,-0.00044,0.00126,0.00437
1059984085974041216,5679.63529,3.1366,4.89201,0.00606,-0.0134,0.00256,0.11307,197.5,backup,160.033,67.16359,45.27497,4.24153,11.87905,0.90462,0.01482,0.06861,0.07253,-0.00345,0.04778,0.21598,0.73817,0.00085,0.03872,-0.01556,-0.01736,-0.0045,0.02045
1321323465728021248,5680.1616,3.16462,4.97545,0.00616,-0.25016,0.00298,0.04983,192.61,backup,238.93921,30.60313,49.77326,4.28927,12.27162,0.91862,0.05644,0.10084,0.09951,0.08159,0.09785,0.55976,0.75925,-0.00074,0.01911,-0.01077,0.0055,-0.00167,0.01785
1604979697413002368,5681.34941,4.60439,4.84409,0.01002,-0.52738,0.00467,0.27682,147.26,backup,218.31554,51.5125,58.98406,4.22653,12.12205,0.87804,0.02191,0.06495,0.01397,0.02384,0.02231,0.33725,0.80253,-0.01719,-0.01069,-0.01387,-0.00277,-0.01438,-0.004
1318427901856136320,5681.59425,3.68688,4.98111,0.00691,-0.1054,0.00331,0.06168,157.42,backup,246.06584,31.29726,43.81655,5.00122,11.7932,0.92542,0.02977,0.07201,0.09879,0.11626,0.06515,0.41346,0.66961,0.01107,0.03638,0.0183,0.04808,-0.00284,0.01385
863201702518478848,5681.69057,4.20603,4.94974,0.00807,0.01498,0.0036,0.07796,134.79,backup,178.84992,63.46354,52.53608,4.21071,12.01989,0.90581,0.02191,0.07541,0.07522,0.02274,0.02777,0.29056,0.77866,-6e-05,0.03666,-0.0153,-0.0042,-0.01384,-0.00028
3794846013970232448,5684.26462,4.85335,4.8695,0.00951,-0.18483,0.00407,0.09609,150.43,backup,178.56733,-1.14221,58.55942,4.39759,11.9986,0.91301,0.0439,0.08501,0.11228,0.074,0.06937,0.51638,0.78819,0.01408,0.0446,-0.00569,0.01443,-0.00808,0.01078
2511072420815934592,5684.55704,3.58145,4.91284,0.00698,0.22359,0.00311,-0.01057,167.32,backup,27.37298,1.0978,-58.50579,4.04612,11.94554,0.9557,0.04571,0.09725,0.05855,0.06053,0.06064,0.47001,0.81473,-0.01819,0.00199,-0.01726,0.00361,-0.01721,0.00369
3653362300818054016,5685.22193,2.68545,5.06343,0.005,0.0661,0.00239,-0.00421,205.88,backup,216.94194,0.1079,54.4275,4.82673,11.95406,0.96616,0.06639,0.09957,0.09085,0.08133,0.09488,0.66676,0.74027,-0.00581,0.00086,-0.01216,-0.00618,-0.00312,0.00385
1558319761121198208,5685.99487,3.99307,4.89265,0.00867,-0.54994,0.00406,0.15447,187.59,backup,205.12239,48.75338,66.38055,4.89308,11.94947,0.8732,0.0226,0.06545,0.09508,,0.03016,0.34532,0.77642,0.01023,0.05122,,,-0.01219,0.00081
1486943486335282816,5686.70342,3.93166,5.02613,0.0072,0.0259,0.0034,0.01524,150.14,backup,221.98522,38.79511,63.07886,4.13773,12.19872,0.94454,0.0306,0.06337,0.04479,-0.07027,0.0275,0.48293,0.82163,-0.00897,0.00619,-0.06454,-0.08834,-0.01732,-0.00801
859725081109145216,5687.52029,4.3351,4.82996,0.00907,-0.34755,0.00412,0.25184,153.11,backup,176.36608,61.40201,53.98152,4.31028,11.94114,0.88265,0.0219,0.12855,0.22025,0.15075,0.09403,0.17035,0.77714,0.01562,0.14926,0.00378,0.09525,-0.00588,0.05118
4401693423671048960,5687.71474,3.40231,4.83492,0.00726,-0.39188,0.00343,0.20174,177.75,backup,231.7917,-3.87249,41.29505,4.15379,12.39022,1.02537,0.33825,0.38256,,,,0.88416,0.71945,,,,,,
3689461883192884608,5689.68754,3.95339,4.83068,0.00781,-0.18421,0.0036,0.05476,148.31,backup,195.56629,0.3898,63.13538,4.48265,11.9929,0.8967,0.03482,0.06435,0.0654,0.07531,0.07381,0.54105,0.79649,0.00057,0.01727,0.00593,0.02517,0.00512,0.02397
1374768080254036992,5690.9299,3.9504,4.91477,0.00759,0.08371,0.00325,0.04022,158.21,backup,232.55318,34.81648,55.34289,4.61375,11.77788,0.92537,0.04257,0.07537,0.07044,-0.00425,0.06853,0.56485,0.7598,-0.00278,0.01095,-0.04498,-0.0458,-0.00387,0.00949
1586695162640874880,5690.98871,4.15006,4.98123,0.00787,-0.03674,0.00365,0.0569,133.67,backup,222.69872,44.59906,60.44197,4.70875,11.8776,0.92102,0.03799,0.08595,0.1014,0.10593,0.06918,0.44198,0.77187,0.00683,0.04028,0.00883,0.04378,-0.00741,0.01541
4033057991267462016,5692.8607,4.16862,4.58016,0.00962,-0.68504,0.0042,0.32148,191.47,backup,179.77039,36.43501,75.51971,4.49727,11.77174,0.8401,0.02554,0.07598,0.14489,0.11559,0.0606,0.33619,0.82135,0.02317,0.09347,0.01332,0.0694,-0.00517,0.02423
3577212741113155712,5694.65996,4.45834,4.92396,0.00847,-0.0704,0.00394,0.03987,128.06,backup,184.41338,-12.15845,49.86709,4.97027,11.77379,0.93484,0.09545,0.12334,,,,0.77391,0.70788,,,,,,
2508855255618513536,5696.12263,3.87905,4.88735,0.00748,0.07253,0.00296,0.03083,183.61,backup,24.99203,-0.98308,-61.37866,4.00641,12.10099,0.92119,0.03471,0.08095,,,0.08594,0.42879,0.82671,,,,,0.00214,0.03634
1677336049376324480,5696.81453,2.83182,4.91232,0.00583,-0.2916,0.00281,0.09625,213.98,backup,192.29955,64.6081,52.51844,4.15908,12.14416,0.88309,0.02239,0.05774,,,0.04803,0.38767,0.78268,,,,,-0.00377,0.01521
4415740917370063872,5697.7023,3.47612,5.02052,0.00671,0.27326,0.00281,-0.01774,179.46,backup,230.22716,-0.41901,44.74646,4.01998,12.28646,1.02848,0.17709,0.20817,0.17539,0.21127,0.16007,0.85067,0.75364,-0.02789,-0.04491,0.00264,-0.01787,-0.04092,-0.05646
3643098875168270592,5698.48203,3.51876,4.92149,0.00685,-0.03439,0.00306,0.08391,167.74,backup,217.32665,-3.4445,51.37117,4.64347,11.88078,0.96425,0.171,0.20199,0.19658,0.21862,0.21933,0.84657,0.7397,-0.00458,-0.02559,0.01408,-0.00929,0.01469,-0.00876
1322415276477658496,5701.33144,4.20409,5.06248,0.00796,-0.13719,0.00373,0.0866,138.49,backup,243.82367,32.04978,45.81228,4.59509,12.0241,0.91861,0.03689,0.07907,0.11162,0.15196,0.06466,0.46659,0.71303,0.01519,0.0427,0.03401,0.07146,-0.00672,0.00921
1316165347444922880,5702.00879,4.63378,4.84783,0.01042,-0.97894,0.00494,0.41143,170.31,backup,242.98536,28.31683,45.9384,4.468,12.26013,0.88035,0.08249,0.15228,0.18744,0.17428,0.13151,0.54169,0.7238,0.01904,0.05318,0.01192,0.04366,-0.01125,0.0127
1316251556028303488,5703.33409,3.31839,5.0008,0.00631,-0.00246,0.00302,0.00417,166.99,backup,240.17058,26.48049,48.02523,4.47134,12.03887,0.94978,0.10603,0.18296,0.1456,0.10982,0.1272,0.5795,0.73556,-0.02165,0.00107,-0.04238,-0.02525,-0.03231,-0.01246
1057004336447997696,5705.99121,4.4858,4.88898,0.00972,-0.42795,0.00474,0.14433,139.71,backup,177.03569,66.68337,49.25861,4.41267,12.15959,0.87679,0.01977,0.05815,0.11226,,0.03573,0.33997,0.74681,0.0184,0.06407,,,-0.00762,0.00691
2510224976524149376,5706.00973,3.83823,4.63319,0.00874,-0.30216,0.00353,0.11544,179.25,backup,25.18544,0.40962,-60.01896,4.52001,11.89694,0.86843,0.03642,0.10415,0.11422,0.08019,0.12828,0.34969,0.78413,0.00352,0.05314,-0.00838,0.02646,0.00844,0.06417
3710122462593753600,5706.12378,4.66433,4.90252,0.01033,-0.5651,0.00519,0.19309,126.76,backup,189.1997,6.66528,69.2436,4.12688,12.30833,0.8862,0.03637,0.06889,0.18646,0.09587,0.05832,0.52794,0.83679,0.06207,0.11966,0.01424,0.04385,-0.00558,0.01243
3897346718455285120,5706.64059,3.10378,5.06341,0.00583,0.01321,0.00263,0.04652,192.08,backup,177.72271,5.26732,63.81097,4.38347,12.06645,0.9395,0.04117,0.07982,0.05367,0.07819,0.04593,0.51582,0.80557,-0.01349,0.00206,-0.00084,0.02182,-0.01748,-0.00417
1526383651321812480,5708.89035,3.63864,4.82575,0.00757,-0.24878,0.00338,0.10779,177.02,backup,199.27518,43.45895,72.86418,4.16527,12.10589,0.88042,0.02856,0.06866,,,0.04413,0.4159,0.84045,,,,,-0.0102,0.00853
1532912761821779840,5709.87353,2.91834,4.91975,0.00568,-0.0723,0.00263,0.06833,191.6,backup,185.63903,38.71199,76.93777,4.67062,11.80436,0.89652,0.02362,0.07031,0.07241,-0.00362,0.05226,0.33588,0.81147,0.00071,0.03514,-0.02483,-0.02655,-0.00606,0.01879
3702890764163212672,5710.06455,3.93642,4.77338,0.0081,-0.05805,0.00351,0.10585,147.08,backup,191.791,2.48253,65.33305,4.04539,11.91333,0.90686,0.04242,0.07159,0.07385,0.0944,0.07616,0.59252,0.83422,0.00134,0.01919,0.01352,0.03634,0.00271,0.02112
3682749880101293568,5710.08576,4.69223,4.95137,0.0092,-0.00763,0.00393,0.09302,130.89,backup,192.29974,-2.0018,60.86495,4.36583,11.92746,0.91208,0.04411,0.0759,0.0542,0.06185,0.06788,0.58109,0.79822,-0.01261,-0.00084,-0.00816,0.00527,-0.00466,0.01007
1681118923427389696,5710.48901,3.64779,4.75737,0.00772,-0.11435,0.003,0.0871,197.76,backup,185.41344,65.96676,50.88308,4.5019,11.83019,0.88357,0.02334,0.06627,0.07914,-0.08341,0.05036,0.35215,0.7481,0.00453,0.03586,-0.05271,-0.08573,-0.0056,0.01434
1047920210034498048,5711.31081,5.87698,4.79255,0.01352,-1.0337,0.00662,0.36583,126.89,backup,160.81909,60.86848,49.95752,4.29416,12.27552,0.8385,0.02029,0.05855,0.14436,0.13855,0.02804,0.34658,0.75979,0.02974,0.08939,0.02773,0.08498,-0.01057,0.00101
1505167376170040960,5712.18297,3.21757,4.8447,0.00705,-0.34237,0.00305,0.11101,207.75,backup,213.72053,45.41819,65.30287,4.55761,11.9938,0.87334,0.02518,0.06071,0.05878,0.1413,0.02655,0.41474,0.79704,-0.0008,0.02167,0.03343,0.08745,-0.01417,-0.00402
1681976027100755328,5712.44889,3.82715,4.82035,0.00788,-0.03345,0.00352,0.08205,138.74,backup,181.78779,68.26357,48.3332,4.27454,11.81714,0.88937,0.02466,0.06477,0.03527,0.00438,0.05141,0.38077,0.75293,-0.01123,0.00189,-0.02299,-0.02136,-0.00509,0.01405
3703850710829926400,5712.82042,4.93121,4.87222,0.01102,-0.72575,0.00521,0.32581,142.52,backup,192.35087,3.65601,66.52273,4.58068,11.95101,0.87566,0.04477,0.0752,0.15118,0.16428,0.07939,0.59531,0.79848,0.04523,0.07594,0.05302,0.0864,0.00249,0.01862
1316246745665052160,5713.62843,3.45503,4.86993,0.00694,-0.13844,0.00338,0.0233,145.96,backup,240.77032,26.87844,47.58258,4.86673,11.79261,0.92143,0.09206,0.16751,0.17483,0.21192,0.12912,0.5496,0.70286,0.00402,0.03082,0.02441,0.05689,-0.0211,-0.00131
1499246059377480064,5713.69574,3.56005,4.83775,0.00759,-0.24823,0.00325,0.13358,183.69,backup,210.56189,42.76321,68.75808,4.3061,11.97262,0.89297,0.02674,0.06198,0.04679,0.04533,0.03412,0.43145,0.823,-0.00655,0.01177,-0.00718,0.01056,-0.01202,0.00134
698652988487902976,5714.5668,5.09879,4.93962,0.01118,-0.43276,0.00512,0.1355,141.6,backup,139.09783,29.13539,42.96501,4.06563,12.35733,0.87628,0.04591,0.08973,0.01228,0.05944,0.05974,0.51164,0.73844,-0.03963,-0.03685,-0.0155,-0.00202,-0.01534,-0.0018
1175097627642575360,5715.01829,3.6372,4.82896,0.00744,0.05101,0.00341,0.04622,139.62,backup,222.65762,10.70578,57.51996,4.33837,11.84958,0.91312,0.04132,0.08194,0.08088,0.03576,0.06761,0.50422,0.78893,-0.00054,0.02249,-0.02329,-0.0131,-0.00723,0.01202
4421381034064377600,5715.76005,3.09292,4.97098,0.00609,-0.13762,0.00272,0.07897,190.53,backup,232.10309,3.20236,45.53342,4.98197,11.84307,0.92652,0.08555,0.12331,0.17203,0.15274,0.12819,0.69376,0.68209,0.0338,0.03179,0.02042,0.01863,0.00338,0.00189
3644806455381467904,5716.1059,3.53171,5.01313,0.00676,0.03857,0.00312,0.03693,153.33,backup,210.00541,-4.51692,54.28029,4.19319,12.08728,0.93237,0.06058,0.09095,0.07608,0.07599,0.09228,0.66615,0.78753,-0.0099,-0.00066,-0.00996,-0.00074,0.00089,0.01209
1493376041674751360,5716.52912,4.06679,5.12897,0.00794,-0.19888,0.00387,0.06399,138.21,backup,219.34173,43.74433,62.97125,4.71336,12.03398,0.9214,0.03346,0.07383,0.07178,0.0307,0.0619,0.45324,0.77951,-0.00093,0.02249,-0.01955,-0.00953,-0.00541,0.01479
1525670450530066560,5717.61638,3.87206,4.76432,0.0084,-0.21868,0.00353,0.16509,165.12,backup,197.80967,40.81702,75.71567,4.01264,11.95266,0.8743,0.02864,0.06154,,,0.05143,0.46544,0.85515,,,,,-0.0047,0.01534
1583706625612115456,5718.52289,4.51121,5.01632,0.00843,0.17001,0.00381,-0.02372,127.44,backup,187.6102,63.07799,53.88565,4.52055,11.87182,0.92095,0.02275,0.05913,0.06865,-0.12549,0.03705,0.38477,0.7606,0.00366,0.02947,-0.07104,-0.1182,-0.0085,0.00543
1591447389334571776,5718.64087,4.04599,4.9672,0.0078,0.0158,0.00357,0.03244,141.83,backup,219.7836,49.34085,59.64748,4.05036,12.10967,0.91372,0.0317,0.11699,0.17867,0.18853,0.13039,0.27099,0.81812,0.01671,0.11447,0.01939,0.12254,0.00363,0.07497
2508685660245243648,5718.83971,5.0268,4.9536,0.00991,-0.09913,0.00427,0.09857,127.44,backup,26.24423,-1.38658,-61.23421,4.18091,12.10462,0.90652,0.03837,0.08632,0.06034,0.08691,0.08177,0.44445,0.81313,-0.01155,0.0107,0.00026,0.0323,-0.00202,0.02812
1557817043789110912,5719.60831,3.26431,4.78596,0.00679,-0.00919,0.00309,0.05612,157.21,backup,196.45417,52.57069,64.416,4.01989,11.94746,0.88797,0.02527,0.06782,0.07772,,0.04717,0.37266,0.83387,0.00369,0.03953,,,-0.0077,0.01406
3589550842125044736,5719.7736,3.33093,4.81249,0.00715,-0.1965,0.0029,0.10228,206.36,backup,172.49593,-10.93058,47.1188,4.18111,12.0105,0.91797,0.04557,0.08958,,,,0.50877,0.75391,,,,,,
1511745818661491200,5720.28775,3.97261,4.81165,0.0081,-0.06047,0.00369,0.06251,133.19,backup,213.43223,51.25314,61.29847,4.27201,11.86134,0.88987,0.02345,0.06719,0.06112,0.06125,0.03928,0.349,0.80652,-0.00212,0.02584,-0.00207,0.02595,-0.00974,0.00823
3651692280093868672,5721.22817,3.94363,4.88887,0.0082,-0.21161,0.00387,0.10828,134.63,backup,220.36868,0.2955,52.34507,4.29084,12.11373,0.90642,0.08476,0.11845,0.08892,0.11411,0.12804,0.71564,0.77147,-0.02113,-0.01617,-0.0031,0.00327,0.00687,0.01402
792334231033553408,5721.70046,3.506,4.99408,0.00695,-0.10538,0.00324,0.06141,156.55,backup,179.92059,53.33271,62.09559,4.74837,11.83089,0.89914,0.02276,0.06799,0.00847,-0.04357,0.05486,0.33474,0.77438,-0.01992,-0.0162,-0.03734,-0.0565,-0.0044,0.01972
3794978990454194944,5722.63771,4.34748,4.95942,0.00853,-0.04173,0.00348,0.04784,167.81,backup,178.53285,-0.22029,59.37847,4.17965,12.12985,0.91651,0.04454,0.08466,0.08099,0.07011,0.05484,0.52606,0.8074,-0.00193,0.02085,-0.00766,0.01207,-0.01569,-0.00026
1445267597595355648,5723.43073,3.8461,5.02065,0.00752,-0.09138,0.00352,0.0655,147.06,backup,205.99578,25.87966,78.18368,4.22074,12.11726,0.91286,0.03175,0.06192,-0.08371,-0.02379,0.02444,0.51276,0.84358,-0.07468,-0.10237,-0.04395,-0.05182,-0.01922,-0.01114
3548817372290790528,5723.61482,3.76583,5.23387,0.00709,0.19719,0.00312,0.07438,153.93,backup,174.59951,-14.71733,44.55553,4.61622,11.88125,0.96726,0.05477,0.09363,,,,0.585,0.70355,,,,,,
2508891505142269952,5724.98728,4.07268,4.68195,0.00981,-0.42518,0.00385,0.16167,180.74,backup,24.2617,-0.95192,-61.62763,4.3946,11.98358,0.86428,0.0304,0.07987,0.0209,0.07205,0.09156,0.3806,0.79845,-0.02244,-0.01371,-0.00298,0.02713,0.00445,0.04271
1556794081361806080,5726.29638,3.53331,4.90929,0.00732,-0.23176,0.00353,0.07263,152.04,backup,199.14293,51.43544,65.23296,4.32927,11.97282,0.88562,0.02437,0.06653,0.06135,-0.00655,0.04047,0.36629,0.81324,-0.0019,0.02552,-0.02677,-0.0297,-0.00955,0.00854
3670186001248851968,5729.65257,3.65617,5.03521,0.00699,0.14073,0.00338,-0.03031,147.35,backup,215.92511,5.91475,59.48189,4.73827,11.85975,0.94924,0.05055,0.08829,0.04432,0.06691,0.07958,0.57256,0.76648,-0.02518,-0.01658,-0.01225,0.00073,-0.00499,0.01044
3653635392018086784,5730.98576,2.85673,4.71257,0.00618,-0.07105,0.00264,0.04058,204.11,backup,214.72871,-0.65635,55.15129,4.14565,11.84294,0.93544,0.07676,0.10984,0.14762,0.16335,0.12884,0.69888,0.79478,0.02641,0.04057,0.0374,0.05307,0.01328,0.02564
1373629673402475520,5732.69108,3.88473,4.99224,0.00767,-0.11994,0.00335,0.06555,160.23,backup,233.39914,33.3531,54.6521,4.29926,12.10267,0.91428,0.05645,0.09049,0.11065,0.08251,0.0831,0.62388,0.7808,0.01258,0.02994,-0.00498,0.00797,-0.00461,0.00843
766972444853407232,5733.35715,3.67057,4.88028,0.00768,-0.17229,0.00358,0.08411,143.72,backup,173.01186,38.69108,69.79152,4.44895,11.9094,0.87859,0.02111,0.07137,0.14132,0.11908,0.05386,0.29573,0.81502,0.02069,0.09407,0.01411,0.07594,-0.00518,0.02279
3785958940656772608,5736.16459,4.94602,4.89589,0.01076,-0.16457,0.00426,0.03286,137.56,backup,173.05207,-5.05101,52.55488,4.4739,12.13661,0.92248,0.04122,0.12817,0.1302,0.09818,0.11771,0.32161,0.75821,0.00065,0.0575,-0.00964,0.03322,-0.00336,0.04803
1675353668566239360,5737.18186,3.00338,4.96122,0.00606,-0.1184,0.00282,0.03538,186.9,backup,197.71721,60.81258,56.15496,4.02185,12.15891,0.88793,0.02385,0.06735,0.06228,-0.02983,0.03269,0.35411,0.80835,-0.00179,0.0265,-0.03441,-0.04796,-0.01227,0.00258
1502226423083796736,5737.29389,3.13112,4.88968,0.00638,-0.04745,0.0027,0.09308,203.13,backup,208.22089,44.04625,69.04605,4.27879,11.79032,0.89309,0.02619,0.06387,0.04737,0.01263,0.02877,0.41012,0.82554,-0.00677,0.01291,-0.02102,-0.01577,-0.0144,-0.00244
2538608280784111744,5737.99735,4.46155,4.79382,0.01055,-0.44681,0.00429,0.19225,165.03,backup,18.92509,2.68274,-59.62031,4.01197,12.09814,0.8746,0.05129,0.1288,0.12313,0.20645,0.13434,0.39824,0.82098,-0.00226,0.04979,0.03093,0.1182,0.00221,0.059
1580925067352380672,5738.85235,4.38876,4.84455,0.00895,0.04501,0.00385,0.05176,134.52,backup,187.82603,58.58003,58.3523,4.25113,11.77524,0.88657,0.02269,0.05671,0.1362,0.04648,0.03697,0.40018,0.79851,0.03181,0.08606,-0.00409,0.01442,-0.0079,0.00683
702352707677489408,5739.76716,4.28184,4.9564,0.00843,0.02212,0.00357,0.06924,153.93,backup,139.65081,33.98478,44.17498,4.23544,11.89566,0.90735,0.03552,0.08071,0.07499,0.02165,0.04605,0.44003,0.73186,-0.00252,0.01937,-0.02599,-0.01967,-0.01525,-0.00182
1548999922607578368,5740.99527,3.3785,4.94455,0.00681,-0.04497,0.00329,0.04304,142.39,backup,181.41242,52.71726,63.02338,4.42466,11.9031,0.89399,0.02365,0.06889,0.04934,0.05188,0.05778,0.34333,0.80038,-0.00671,0.01584,-0.00584,0.01787,-0.00381,0.02259
1223043893757805952,5742.13427,3.0724,5.06375,0.00623,-0.17905,0.00294,0.06778,173.69,backup,235.5427,25.92025,51.97545,4.41191,12.18998,0.97043,0.164,0.20898,,,0.16511,0.78476,0.76031,,,,,-0.03443,-0.03847
1177815066334990208,5743.17917,3.46199,4.92634,0.00709,-0.12911,0.00335,0.06187,150.93,backup,219.23693,10.41201,60.06673,4.14929,12.12225,0.8945,0.04213,0.07988,0.06535,0.06921,0.08056,0.52736,0.81191,-0.00766,0.01093,-0.00563,0.01406,0.00036,0.02328
1502159009275418112,5744.61251,3.08557,4.89179,0.00632,-0.05906,0.00269,0.05633,205.33,backup,208.52258,43.65674,69.19067,4.3795,11.87052,0.88766,0.02612,0.06297,0.05148,-0.00037,0.02555,0.41482,0.81869,-0.00477,0.01602,-0.02627,-0.02642,-0.01552,-0.00521
1490271845470970112,5745.04447,3.77266,4.79138,0.00851,-0.31866,0.00394,0.10587,145.81,backup,222.91107,42.77426,61.06021,4.52853,11.86068,0.86733,0.03871,0.08124,0.10061,0.07319,0.05848,0.47647,0.7869,0.00923,0.04046,-0.00384,0.01888,-0.01084,0.00731
1524992635971911552,5746.06145,4.00508,5.01109,0.00802,-0.11322,0.00351,0.06755,151.96,backup,199.30675,41.22247,74.94192,4.02493,12.22464,0.89195,0.02981,0.06302,0.06332,,0.03988,0.47294,0.8533,0.00014,0.02423,,,-0.01095,0.00422
1373609882193142016,5746.48164,3.89928,5.0908,0.00747,-0.05209,0.00339,0.05074,145.96,backup,233.75368,33.1749,54.35224,4.32418,12.13735,0.93964,0.05904,0.09318,0.12745,0.16489,0.08671,0.63367,0.77762,0.02172,0.04007,0.04544,0.06918,-0.00409,0.00839
1055854148501749248,5747.71334,3.2757,4.73206,0.00771,-0.35612,0.00313,0.11997,202.87,backup,165.71354,64.79362,48.57669,4.57877,11.78983,0.84559,0.01638,0.08973,0.11088,0.04134,0.05745,0.18251,0.73021,0.00386,0.06459,-0.00883,0.01381,-0.00589,0.02557
3574928471346496640,5747.75492,3.99606,4.81825,0.00919,-0.37932,0.00377,0.15641,185.35,backup,179.60757,-12.04702,48.76742,4.50851,12.02982,0.89579,0.11221,0.15067,,,,0.74474,0.73669,,,,,,
1551845218182048000,5748.2662,3.7193,4.76861,0.00859,-0.49941,0.00422,0.11683,143.71,backup,202.27323,46.34485,69.39149,4.6835,11.75075,0.8487,0.02499,0.0788,0.05597,,0.05841,0.31715,0.79786,-0.00724,0.01967,,,-0.00647,0.02161
5108176098884217472,5748.75091,3.90231,4.82694,0.00827,-0.13871,0.00354,0.14867,153.78,backup,57.7043,-16.18664,-47.1484,4.10426,11.91839,0.88448,0.04159,0.09416,0.09347,0.10137,0.114,0.4417,0.76045,-0.0003,0.02949,0.00318,0.03549,0.00877,0.0451
1274362907492120320,5749.09454,4.19151,4.80949,0.00967,-0.49508,0.00454,0.15378,139.19,backup,232.61511,31.68916,55.25832,4.57621,11.97716,0.8635,0.04734,0.07979,0.08226,0.09601,0.07138,0.59337,0.76225,0.00147,0.01536,0.00963,0.02584,-0.00499,0.00707
1568134031974418176,5750.06232,3.40001,4.83314,0.00717,0.15725,0.00318,0.01477,148.6,backup,191.88781,51.00952,66.10734,4.20805,11.78111,0.89508,0.0253,0.06414,0.07725,-0.0062,0.03172,0.39454,0.82416,0.00517,0.03836,-0.02775,-0.03041,-0.01279,0.00084
3799236883591943168,5751.15154,3.56878,4.94556,0.00726,-0.0394,0.00336,0.04383,146.27,backup,174.34588,1.60536,58.91174,4.08299,12.11944,0.90218,0.04228,0.08382,0.07792,0.07636,0.07063,0.50443,0.81324,-0.00298,0.02108,-0.00376,0.01982,-0.00666,0.01515
1604906270651853824,5752.10863,4.03828,4.93764,0.00799,-0.05714,0.00341,-0.00629,165.42,backup,215.64335,51.87552,59.91588,4.16683,11.99922,0.90425,0.02225,0.0611,0.03223,-0.06384,0.02932,0.36409,0.81011,-0.01051,0.00386,-0.04549,-0.07396,-0.01157,0.00151
3707142820442033792,5752.62006,5.7876,4.85712,0.01311,-0.4604,0.00594,0.22822,112.42,backup,190.12668,4.47488,67.19699,4.16511,12.11272,0.87802,0.04362,0.07395,0.11936,0.10309,0.07717,0.58989,0.82977,0.02679,0.05542,0.01719,0.04192,0.0019,0.02041
1574153377099561088,5752.73329,3.48681,4.73444,0.00758,-0.13151,0.00352,0.0698,144.36,backup,187.44388,55.25399,61.60029,4.17294,11.91833,0.86396,0.02361,0.0605,0.07816,0.02672,0.03389,0.3903,0.81481,0.00689,0.04007,-0.01318,-0.00184,-0.01039,0.004
1553880586003857792,5754.77959,3.59831,4.82874,0.00859,-0.46115,0.00386,0.18279,173.25,backup,197.19128,46.41927,70.40728,4.03662,11.75228,0.91734,0.02439,0.0623,,,0.03141,0.39155,0.84543,,,,,-0.0121,0.00216
1507771668243519872,5755.65398,3.67951,4.69732,0.0087,-0.22312,0.00347,0.09543,166.53,backup,215.1243,48.20606,62.73162,4.44195,11.7381,0.8549,0.02815,0.07884,0.1309,0.05697,0.07596,0.35705,0.79828,0.01859,0.07635,-0.00781,0.01733,-0.00103,0.03249
1325543009101952384,5756.29571,3.49695,4.77763,0.00731,0.05309,0.00346,-0.01773,140.57,backup,245.0219,32.67859,44.88798,4.69217,11.81319,0.89609,0.02935,0.06707,0.05953,0.07039,0.05998,0.4376,0.69978,-0.0033,0.01231,0.00145,0.0199,-0.00311,0.01262
695538621802703104,5757.25238,5.16714,4.82784,0.01227,-0.67268,0.00533,0.25947,145.64,backup,140.06547,28.30071,43.63138,4.36142,11.8597,0.87625,0.04593,0.08772,0.03376,0.0535,0.05811,0.52361,0.71795,-0.02825,-0.02169,-0.01792,-0.00752,-0.01551,-0.00421
1371880797079012992,5758.58718,3.21031,4.76344,0.00704,-0.19809,0.00331,0.06541,158.41,backup,239.03427,35.1832,50.03439,4.66916,11.7363,0.87932,0.05781,0.08912,0.07819,0.07518,0.06364,0.64868,0.73104,-0.00709,-0.00065,-0.00904,-0.00285,-0.01653,-0.01129
3883070762558853760,5758.96715,3.69317,5.15476,0.00716,0.10623,0.00312,0.07581,156.33,backup,158.01791,12.21602,54.13405,4.588,12.0262,0.94675,0.05762,0.10057,0.11942,0.10773,0.08264,0.57293,0.7566,0.0108,0.03273,0.0041,0.02389,-0.01027,0.00491
1591034801892316160,5759.10556,4.31506,4.97908,0.00938,-0.2829,0.00452,0.05904,122.03,backup,220.11802,48.01156,60.24901,4.32109,12.12942,0.88887,0.03093,0.09293,0.04693,0.01471,0.05941,0.33282,0.79958,-0.01531,0.00659,-0.02604,-0.01917,-0.01116,0.01657
1305642780648415104,5759.2189,4.25426,4.80235,0.00966,-0.35132,0.00455,0.13968,127.22,backup,248.08861,28.29291,41.53281,4.06502,12.15501,0.86535,0.04685,0.12698,0.14444,0.09272,0.11682,0.36894,0.7288,0.00644,0.05842,-0.01264,0.02072,-0.00375,0.03829
1369926449520653312,5761.40505,3.22042,4.82018,0.00691,-0.13843,0.00328,0.07525,155.96,backup,238.12062,33.16041,50.69974,4.44449,11.74316,0.89923,0.0629,0.0964,0.09643,0.10212,0.07291,0.65244,0.75164,2e-05,0.00959,0.00373,0.01386,-0.01533,-0.0081
796248526789627904,5761.83987,3.89367,4.77121,0.00853,-0.16771,0.00396,0.09309,132.18,backup,147.79636,35.81707,50.94897,4.23217,11.84747,0.86022,0.01991,0.04829,0.1105,,0.03055,0.41231,0.76961,0.02565,0.06513,,,-0.00732,0.0036
764019397139368448,5762.18472,3.34294,5.1914,0.00666,0.25103,0.00327,0.03947,140.64,backup,169.62486,38.04648,67.67672,4.257,12.00986,0.95486,0.0183,0.05786,0.07593,0.03938,0.0518,0.31623,0.8242,0.00571,0.04429,-0.00585,0.01416,-0.00192,0.02439
1488335154521834752,5764.03183,4.09659,4.92296,0.00902,-0.21325,0.00365,0.1482,168.17,backup,219.75985,40.73267,64.0229,4.06915,12.0412,0.8677,0.03414,0.06929,0.1018,-0.01797,0.03105,0.49268,0.82922,0.01602,0.05028,-0.04299,-0.04904,-0.01884,-0.00839
3590993500164278016,5764.24228,3.84477,4.88404,0.00795,-0.05232,0.00345,0.03782,158.05,backup,169.70934,-9.11829,47.36826,4.06305,12.15375,0.89961,0.0478,0.1022,0.13993,0.08282,0.11209,0.46769,0.7651,0.01765,0.05927,-0.00906,0.01557,0.00463,0.03797
1568852567119399424,5764.33859,4.03605,4.87658,0.00916,-0.72342,0.0045,0.27316,155.32,backup,188.4609,52.1126,64.79817,4.46622,11.97823,0.8461,0.02385,0.06346,0.13802,0.12748,0.04677,0.37578,0.80224,0.02802,0.08688,0.02406,0.07842,-0.00627,0.01367
3860895326718353792,5764.81177,5.37778,4.83873,0.01235,-0.37923,0.00543,0.14011,117.49,backup,154.31087,4.75804,47.00943,4.13122,12.13629,0.86172,0.04826,0.0822,0.12009,0.03499,0.05913,0.58713,0.75743,0.02225,0.0427,-0.02772,-0.02176,-0.01355,-0.00348
1305116419519682560,5765.41333,3.42498,4.79831,0.00727,0.19293,0.00316,0.00061,156.81,backup,246.88699,27.26553,42.34436,4.19068,11.75872,0.91268,0.05693,0.14865,0.11625,0.08851,0.11202,0.38298,0.72359,-0.01241,0.02719,-0.02303,0.00712,-0.01403,0.02413
3670083918466172160,5765.63296,3.42098,4.87337,0.0076,-0.27657,0.00374,0.0627,143.13,backup,216.90474,5.79969,58.72391,4.94804,11.73376,0.87653,0.05258,0.09071,0.10421,0.0511,0.09307,0.5796,0.74888,0.00782,0.02547,-0.02296,-0.01431,0.00137,0.01713
1665669887407689728,5768.68361,4.38305,4.99227,0.00912,-0.139,0.00412,0.06591,125.09,backup,202.42941,64.07643,52.53875,4.57076,11.85594,0.87865,0.02288,0.06296,0.08082,0.02873,0.04672,0.36346,0.75075,0.00649,0.03779,-0.01244,-0.00131,-0.0059,0.0122
5186126074517844096,5768.99491,2.89638,5.03705,0.00589,0.0515,0.00259,0.09298,177.27,backup,45.2739,-3.62546,-51.1373,4.61132,11.76095,0.92141,0.0591,0.25727,0.32367,0.26849,0.29432,0.22972,0.74098,0.01525,0.18073,0.00258,0.13985,0.00851,0.15898
1187311032868015616,5769.03718,3.58641,4.88011,0.00827,-0.46051,0.00411,0.09939,144.79,backup,226.79699,16.33041,56.8036,4.70927,11.95654,0.86922,0.03234,0.06822,,,0.07899,0.47406,0.75866,,,,,0.00511,0.02759
1490920930992465408,5769.25428,3.87564,4.83254,0.00849,-0.21863,0.00373,0.11315,151.63,backup,216.78718,40.13375,66.32968,4.43188,11.79052,0.8657,0.0304,0.06462,0.05187,0.10219,0.02638,0.47046,0.80857,-0.006,0.01154,0.01767,0.05222,-0.01799,-0.00908
3651906242479906304,5769.71573,3.90497,4.96558,0.00805,-0.12827,0.00346,0.09821,162.05,backup,222.58324,0.61125,51.05132,4.75413,11.79263,0.92597,0.08857,0.12429,0.14157,0.12686,0.11912,0.71261,0.72983,0.01231,0.01475,0.00183,0.00401,-0.00369,-0.00164
1679238651168601088,5770.0371,2.99532,4.89965,0.00624,-0.00213,0.00271,0.07422,186.52,backup,192.43459,67.37266,49.75476,4.18005,11.86789,0.88291,0.02135,0.05681,0.10311,0.03021,0.05696,0.37581,0.76795,0.0174,0.05784,-0.01,0.00185,6e-05,0.0224
1325193501843158272,5770.18994,3.62345,4.84041,0.0078,-0.15728,0.00365,0.08199,144.62,backup,246.2723,31.63448,43.69455,4.30023,11.92709,0.87707,0.02886,0.06935,0.05949,0.065,0.05684,0.41608,0.7234,-0.0041,0.01418,-0.00181,0.01816,-0.00521,0.01226
4415603169179439744,5771.05121,3.05438,4.90022,0.00664,-0.1094,0.00282,0.07116,191.93,backup,229.57814,-0.93243,44.9009,4.32305,12.02199,0.94619,0.19359,0.22635,0.16579,0.19478,0.16865,0.85527,0.72917,-0.05179,-0.0727,-0.027,-0.05156,-0.04934,-0.07061
3668367782678513408,5771.98964,6.11149,4.83542,0.01457,-0.54886,0.00627,0.18071,116.25,backup,217.73807,3.48734,56.47447,4.12267,12.2228,0.85797,0.05962,0.09321,0.05239,0.06381,0.07647,0.63966,0.80164,-0.02611,-0.01762,-0.0188,-0.00847,-0.0107,0.00168
1675939399026176000,5772.16022,2.40752,4.81291,0.00542,-0.25982,0.00251,0.14273,220.9,backup,199.24725,62.43181,54.4437,4.34509,11.79233,0.85193,0.02397,0.06571,0.06106,0.0794,0.05045,0.36484,0.77639,-0.0017,0.02343,0.00499,0.03767,-0.00557,0.0152
3679557443794241280,5773.00798,5.27252,4.76561,0.01221,-0.33104,0.00536,0.13787,110.94,backup,188.70123,-6.34302,56.28759,4.23754,11.91544,0.8784,0.04487,0.08483,0.07846,0.08698,0.07793,0.52901,0.79204,-0.00337,0.01727,0.00114,0.02401,-0.00365,0.01685
1174682454628306560,5773.29875,3.64349,5.017,0.00788,-0.26955,0.00381,0.06092,143.21,backup,219.85978,9.69433,59.14225,5.09936,11.76694,0.88798,0.04026,0.07864,0.0639,0.04614,0.06974,0.512,0.73992,-0.00754,0.00702,-0.01664,-0.00612,-0.00455,0.01134
3873379903294630912,5773.31905,5.29775,4.78708,0.01223,-0.36714,0.00541,0.14705,115.87,backup,151.29879,5.49915,44.95645,4.12297,11.9649,0.85364,0.04931,0.0859,0.05787,0.05844,0.04759,0.57412,0.74614,-0.01609,-0.00614,-0.01576,-0.00571,-0.02199,-0.0138
790143866432815616,5773.43123,7.96461,4.4732,0.01995,-0.21573,0.00725,0.29996,82.621,backup,171.25542,49.65635,62.03293,6.7646,10.36071,0.82914,0.02189,0.06751,0.08398,0.01674,0.04029,0.32426,0.64814,0.00534,0.03254,-0.01646,-0.01104,-0.00883,0.00422
1526977460617178880,5774.90837,3.38712,5.10196,0.00667,0.04182,0.00308,0.02857,153.55,backup,194.9584,40.59355,76.42358,4.15224,12.13925,0.92297,0.02353,0.05376,0.03124,0.0356,0.0585,0.43773,0.84631,-0.00986,0.0029,-0.00795,0.00659,0.00208,0.02598
3667235633594375936,5777.07857,3.14039,4.77349,0.00695,0.10223,0.0028,0.0103,188.97,backup,213.43978,2.25156,58.26178,4.07095,11.76811,0.88627,0.05828,0.09227,0.10302,0.12271,0.14857,0.63163,0.81199,0.00679,0.02537,0.01923,0.04136,0.03556,0.06235
1505007156709190528,5777.54,2.97732,4.74156,0.00681,-0.28305,0.00305,0.08958,187.82,backup,214.76955,45.12457,64.92046,4.2197,11.86374,0.85303,0.02675,0.06127,0.06091,-0.0188,0.01525,0.43661,0.82042,-0.00016,0.02322,-0.03496,-0.04218,-0.02009,-0.01424
1209378029375005696,5778.94168,3.22614,4.93605,0.00693,-0.18892,0.00332,0.07062,153.29,backup,234.09974,17.91479,50.99057,4.13575,12.13739,0.92288,0.10342,0.14212,0.1292,0.13685,0.11664,0.72773,0.77755,-0.0094,-0.00296,-0.00383,0.00299,-0.01854,-0.01273
1318204460477280512,5779.98093,17.08095,6.09727,0.03842,-3.56658,0.00013,-0.4,27.126,bright,245.65034,30.08173,43.96865,13.38888,17.06649,-0.25202,0.00855,0.08486,,,0.08923,0.1007,0.33955,,,,,0.00044,0.02175
3587087072789638272,5781.43838,2.95087,4.88926,0.00633,-0.06249,0.00257,0.07681,215.91,backup,174.34696,-10.04689,48.71573,4.2023,11.94775,0.87821,0.04113,0.07811,,,,0.52658,0.76082,,,,,,
1374729116310721280,5781.44179,6.16351,4.60748,0.01876,-1.52703,0.0083,0.38136,133.48,backup,231.95746,34.42342,55.84372,4.08267,12.66612,0.82299,0.0443,0.07638,0.09366,0.14923,0.06864,0.58004,0.8024,0.01003,0.03085,0.04225,0.07544,-0.00449,0.01077
1184197422096925568,5782.71796,4.67582,4.62595,0.01243,-0.7387,0.00534,0.02453,140.69,backup,226.97088,15.55838,56.3221,4.14231,11.96283,0.93587,0.04258,0.08069,0.0857,0.09121,0.06978,0.52764,0.79954,0.00265,0.02595,0.00555,0.03035,-0.00576,0.01322
1370730428742241920,5783.34631,4.37693,4.88043,0.01015,-0.84574,0.0047,0.28379,161.86,backup,234.30772,33.36026,53.89348,4.98175,11.91484,0.86422,0.05994,0.09425,0.13948,0.10276,0.09249,0.63596,0.72676,0.02876,0.04143,0.00541,0.01474,-0.00112,0.00728
1557920123004200832,5784.08633,3.21181,4.65849,0.00731,-0.22506,0.00348,0.04351,148.07,backup,196.63533,52.83468,64.13983,4.07151,11.91598,0.84357,0.0256,0.07026,0.06706,0.00143,0.04165,0.36428,0.82935,-0.00117,0.03002,-0.02507,-0.02441,-0.01042,0.00895
1519741020542111488,5784.10629,4.07854,4.73278,0.00922,-0.21182,0.00422,0.12228,126.86,backup,187.82864,37.14887,79.11628,4.05287,11.79861,0.84954,0.02653,0.06642,,,0.03085,0.39937,0.85607,,,,,-0.01421,-0.00012
3651452277320852992,5784.17228,4.88086,4.8153,0.01158,-0.45309,0.00497,0.12302,133.79,backup,221.34946,-0.40654,51.16508,4.09475,12.20369,0.86892,0.08974,0.12129,0.08985,0.14919,0.0971,0.73988,0.7817,-0.02326,-0.0195,0.02065,0.02688,-0.0179,-0.01384
1514577920096473216,5786.23716,5.12667,4.82881,0.01221,-0.4976,0.00565,0.14746,117.92,backup,190.14471,32.96766,83.70627,4.53297,11.88724,0.84762,0.02842,0.06934,0.10315,0.13267,0.04189,0.40988,0.82696,0.01386,0.05688,0.02596,0.08129,-0.01125,0.00622
1577763696544902272,5786.32596,4.48795,5.05605,0.00916,-0.08148,0.00421,0.04694,122.15,backup,188.31362,57.55425,59.40449,4.52191,11.91966,0.89457,0.02168,0.05655,0.10164,0.04262,0.0285,0.38333,0.78191,0.01728,0.05779,-0.00534,0.01165,-0.01075,0.00061
5149462073310745344,5787.03071,16.00419,5.81337,0.06907,-3.60683,0.04313,-0.39936,56.82,dark,31.45434,-13.64103,-68.01356,4.5417,15.77143,-0.47295,0.03525,0.06863,,,0.0578,0.51366,0.80473,,,,,-0.00556,0.01126
1682820860052268928,5788.70795,3.87217,5.0072,0.00823,-0.11697,0.00338,0.08597,171.89,backup,191.43462,69.04652,48.07329,4.78393,11.77471,0.87739,0.02198,0.05961,0.09752,0.07254,0.05041,0.36873,0.71182,0.01398,0.04743,0.00477,0.02966,-0.00339,0.0139
1484471509316738816,5788.90614,5.16939,4.90071,0.01213,-0.43247,0.00564,0.12302,111.11,backup,213.79707,38.23788,69.24478,4.88712,11.77071,0.8429,0.02744,0.06093,-0.01812,0.0819,0.0198,0.45033,0.78362,-0.0356,-0.04164,0.00944,0.03674,-0.01852,-0.01192
864104165341486464,5788.91448,2.9332,4.88522,0.00632,-0.12123,0.00271,0.06982,194.91,backup,174.60235,64.52902,50.81766,4.59433,11.75779,0.86091,0.01933,0.09431,0.06437,0.05387,0.06673,0.20497,0.74069,-0.00614,0.02834,-0.00829,0.02057,-0.00565,0.0301
1473471303502700288,5790.08574,3.99222,5.00049,0.00866,-0.2165,0.00394,0.09653,143.88,backup,201.33864,35.65478,78.82592,4.06688,12.17394,0.88458,0.03094,0.06308,0.04279,-0.02096,0.02226,0.49045,0.85483,-0.00995,0.00564,-0.04122,-0.04886,-0.02002,-0.01191
3587262444893930752,5790.82021,4.0987,4.66664,0.01004,-0.41109,0.00398,0.13248,164.16,backup,177.80971,-11.29823,48.89202,4.16099,11.91328,0.86157,0.06836,0.10045,,,,0.68047,0.76511,,,,,,
1572889389701360384,5791.52309,5.24584,6.14832,0.01074,-3.96179,0.01055,-0.4,154.96,bright,183.35272,53.06573,63.11641,9.44895,14.07624,-0.51324,0.02293,0.06949,0.13729,0.04211,0.05914,0.33001,0.53006,0.02238,0.04984,-0.00903,-0.00061,-0.00342,0.00841
3646737988073506560,5793.73025,2.93703,4.85332,0.00669,-0.2958,0.0029,0.0974,204.9,backup,214.66355,-1.85633,54.20485,4.41993,11.92432,0.87771,0.0955,0.12979,0.17884,0.18693,0.16375,0.73585,0.76964,0.0361,0.04214,0.04205,0.04837,0.02499,0.03052
1370016055421848320,5793.97655,3.82087,4.8169,0.0088,-0.38543,0.00409,0.1741,145.1,backup,236.58041,32.66607,51.96042,4.24743,11.8792,0.88086,0.06674,0.10113,0.15173,0.13979,0.075,0.65993,0.77314,0.03339,0.05057,0.02551,0.04134,-0.01724,-0.00875
1493760183549317632,5794.49091,3.89556,5.08479,0.00804,-0.09899,0.00361,0.06458,145.64,backup,221.26344,45.32996,61.00245,4.75973,11.80421,0.90298,0.03489,0.08225,0.09902,0.18144,0.05894,0.42422,0.77009,0.00712,0.04136,0.04208,0.10483,-0.00989,0.0105
1584387425172795648,5794.61317,4.25142,4.75498,0.01014,-0.52111,0.00449,0.12941,151.88,backup,182.54254,63.82019,52.70358,4.10193,11.94097,0.84878,0.02404,0.06778,0.07015,0.14376,0.04548,0.35467,0.78807,0.00084,0.03124,0.02694,0.08925,-0.00791,0.0118
1270432054641127808,5796.00906,3.2306,4.90968,0.00733,-0.3224,0.00315,0.12558,208.48,backup,229.98727,26.46134,56.9741,4.17192,12.18329,0.89563,0.1077,0.13815,0.14683,0.12928,0.10345,0.77957,0.79966,0.00677,0.00972,-0.00691,-0.00432,-0.02705,-0.02497
1519221849190877056,5796.26185,4.4204,4.78498,0.0104,-0.59043,0.00481,0.20982,139.45,backup,185.90635,35.84174,79.46779,4.07966,12.06377,0.82091,0.02601,0.06507,0.09057,0.11036,0.03352,0.39974,0.85455,0.01019,0.05138,0.0181,0.06829,-0.01261,0.00263
1678478064000142848,5799.26838,4.71504,5.06991,0.00979,-0.07003,0.00424,0.05695,121.76,backup,199.16748,66.3787,50.55444,4.2619,12.03775,0.89686,0.02227,0.05977,0.08689,0.0262,0.04337,0.37258,0.76532,0.0101,0.04423,-0.01251,-0.00222,-0.00611,0.01092
1318828016713082624,5800.60346,3.39264,4.65324,0.00792,-0.41591,0.00364,0.19044,167.54,backup,242.8004,30.33946,46.44062,4.12472,11.76352,0.8432,0.05448,0.10767,0.06814,0.09174,0.0697,0.50605,0.75476,-0.02,-0.00305,-0.00806,0.01476,-0.01921,-0.00188
1574123522783296896,5801.78251,7.14563,4.72109,0.01627,-0.6705,0.00755,0.21052,82.356,backup,186.62429,55.35318,61.41457,4.52082,11.80943,0.82225,0.02327,0.0604,0.05623,0.04443,0.03823,0.38524,0.78858,-0.00161,0.02107,-0.00615,0.01177,-0.00854,0.00688
1518495381242742144,5802.5493,5.06372,4.71111,0.0119,-0.39874,0.00525,0.12538,119.59,backup,190.18548,35.60591,81.22144,4.47259,11.76788,0.8252,0.02917,0.0682,,,0.0396,0.42764,0.82928,,,,,-0.01223,0.00368
2512223029670068096,5803.5957,3.55068,4.80008,0.00841,-0.41142,0.00367,0.14143,177.25,backup,26.11964,2.40684,-57.81649,4.95338,11.71982,0.83963,0.03063,0.09548,0.07865,0.04494,0.06836,0.32077,0.7451,-0.0054,0.02798,-0.01621,0.00286,-0.0087,0.02031
4424155381075140352,5805.86489,3.44,4.91054,0.00776,-0.27215,0.00347,0.13531,170.62,backup,234.48569,2.80555,43.37595,4.41879,11.96076,0.88887,0.11287,0.15318,0.15598,0.16567,0.14571,0.73682,0.71159,0.00206,-0.00187,0.0092,0.00502,-0.00551,-0.00918
851117794850281472,5806.75533,3.32357,4.95739,0.0074,-0.20932,0.00335,0.09887,155.76,backup,162.38522,56.52498,53.45875,4.25395,12.00954,0.85516,0.01713,0.04758,0.04739,-0.06844,0.02386,0.35996,0.7793,-7e-05,0.01981,-0.04176,-0.07046,-0.00854,0.00147
856366936376211840,5810.94435,3.36647,4.87773,0.00784,-0.67979,0.00375,0.32364,191.22,backup,169.47493,57.02263,55.80764,4.24814,11.92958,0.83345,0.02117,0.05123,,,0.02676,0.41325,0.78938,,,,,-0.01011,-5e-05
3646516848797312384,5811.11929,2.73885,4.83147,0.0063,-0.20044,0.00268,0.12812,209.42,backup,214.4254,-2.73714,53.60692,4.52378,11.75024,0.89257,0.11142,0.14548,0.17463,0.17717,0.17915,0.76589,0.75914,0.02232,0.02114,0.02427,0.02307,0.02578,0.02457
3687908857378132224,5811.20284,4.14964,4.81461,0.00957,-0.24101,0.00397,0.10715,144.77,backup,199.40553,0.3177,62.46153,4.1984,11.9196,0.84748,0.04281,0.0737,0.07788,0.07049,0.07327,0.58088,0.81541,0.00243,0.02069,-0.00186,0.01467,-0.00025,0.01693
1492214545079163392,5811.90364,3.71445,4.70278,0.00893,-0.85356,0.00416,0.22525,173.49,backup,214.54266,42.12317,66.81526,4.13386,12.16347,0.81426,0.02858,0.06207,0.05651,0.07386,0.02494,0.46051,0.83118,-0.00256,0.01839,0.00543,0.03281,-0.0171,-0.00786
1575164966452700544,5812.27406,3.14629,4.91172,0.00679,-0.06916,0.00315,0.07583,154.74,backup,183.18854,56.3951,59.92294,4.21349,11.83396,0.85687,0.02255,0.05859,,,0.02775,0.38487,0.8066,,,,,-0.01187,-0.00017
838321992059204224,5812.58579,8.08188,4.70258,0.0188,-0.09817,0.00728,0.15664,75.269,backup,169.92629,50.4148,60.89311,5.36383,11.07828,0.83464,0.02139,0.06569,,,0.04116,0.32558,0.72832,,,,,-0.00799,0.00859
1484202678725534464,5813.15881,4.35027,4.85808,0.00967,-0.15064,0.00425,0.08683,124.63,backup,214.36878,37.53802,69.13035,4.30749,11.85649,0.85182,0.02849,0.06145,0.08356,,0.02648,0.4636,0.82367,0.01025,0.04033,,,-0.01621,-0.00668
1569397787447735424,5814.66186,3.31233,4.92936,0.00745,-0.29843,0.00365,0.08567,150.71,backup,188.38672,53.50898,63.41218,4.62261,11.84373,0.84604,0.02449,0.06397,0.11064,0.00816,0.05194,0.38284,0.78724,0.01787,0.06261,-0.02136,-0.01806,-0.0046,0.0164
1515045113754842752,5815.41451,4.49097,4.86413,0.00987,-0.12407,0.00439,0.07086,115.09,backup,191.85621,33.69864,83.37302,4.6155,11.7169,0.85485,0.02817,0.06696,0.09613,0.05798,0.0341,0.42069,0.82124,0.01227,0.05078,-0.00378,0.01945,-0.01382,-0.00016
1321679673135700352,5816.01553,2.50686,4.96255,0.00538,-0.12393,0.0025,0.05229,209.08,backup,239.22401,31.73268,49.65597,4.69731,11.78816,0.89807,0.05693,0.0942,0.15167,0.13891,0.07434,0.60437,0.72694,0.03473,0.05332,0.02702,0.04404,-0.01201,-0.00289
3647694593254040448,5816.02364,3.18637,4.76371,0.00756,-0.61082,0.00327,0.2467,230.09,backup,213.2778,-1.10886,55.59763,4.39775,11.80947,0.85305,0.08252,0.11805,0.14496,0.14187,0.15816,0.69902,0.77708,0.01881,0.03012,0.01665,0.02772,0.02804,0.04038
4033008100927040256,5816.84152,3.32048,5.02811,0.00768,-0.18058,0.00316,0.07853,176.27,backup,179.99386,36.33762,75.7223,4.60573,11.86936,0.8666,0.02539,0.07515,0.00964,0.03049,0.06154,0.33779,0.81424,-0.02213,-0.01754,-0.01509,-0.00056,-0.0046,0.02472
791862403104466816,5817.12195,7.83551,4.80747,0.01893,-0.44096,0.00775,0.18251,88.246,backup,173.52256,51.06168,61.94099,5.71594,11.31542,0.82071,0.02212,0.06304,0.03104,-0.06503,0.03137,0.35093,0.70919,-0.01123,-0.00011,-0.04494,-0.06824,-0.01111,0.00013
3565235417354747392,5817.57929,3.01806,4.82796,0.00681,-0.14575,0.00275,0.09175,211.67,backup,169.95365,-12.78019,44.31719,4.43556,11.76889,0.86629,0.0519,0.13878,,,,0.37395,0.71636,,,,,,
3693217677475211008,5817.63711,3.52379,4.79509,0.00856,-0.35795,0.00345,0.11102,182.55,backup,186.15731,-3.30723,58.8846,4.70084,11.71861,0.84652,0.04403,0.08779,0.08471,0.06755,0.09566,0.50152,0.76706,-0.00155,0.02095,-0.01015,0.00778,0.00395,0.02935
3786394862657373056,5819.34511,4.24977,4.79692,0.01013,-0.0792,0.00391,0.08166,139.53,backup,173.04491,-3.7919,53.63996,4.31639,11.82346,0.86101,0.04029,0.13115,0.16796,0.13019,0.1426,0.30718,0.7752,0.01131,0.08992,-0.0003,0.06064,0.00352,0.07026
3574712657829594240,5819.65994,4.19815,4.68595,0.01026,-0.56461,0.00414,0.30166,179.5,backup,181.5945,-11.06323,50.27504,4.02705,11.94606,0.91141,0.15568,0.20036,,,,0.777,0.78301,,,,,,
3575196614746214528,5822.53181,4.07875,4.68979,0.0099,-0.48051,0.00402,0.14518,176.37,backup,178.94039,-11.51471,49.06428,4.47936,11.78194,0.82838,0.08648,0.12532,,,,0.69008,0.74055,,,,,,
1274451250676269696,5824.13242,3.61957,4.9031,0.0083,-0.31999,0.00378,0.10873,150.38,backup,233.25407,31.90707,54.72684,4.28981,11.98572,0.85856,0.04899,0.08212,0.05826,0.08995,0.06665,0.59658,0.78184,-0.01423,-0.00344,0.00467,0.02133,-0.00922,0.00312
1473672621506431872,5824.36748,3.31735,4.8429,0.00736,-0.09874,0.00327,0.09863,157.72,backup,201.22081,35.98723,78.64202,4.05503,11.82246,0.85294,0.03208,0.06427,0.05908,-0.01821,0.02852,0.49917,0.85546,-0.00259,0.01846,-0.04117,-0.04766,-0.01784,-0.00768
1371687179953453184,5825.12639,3.27983,4.90698,0.00716,-0.15844,0.00336,0.06865,158.24,backup,238.5564,34.27962,50.39565,4.05992,11.99634,0.87246,0.06893,0.10074,0.1298,0.11243,0.07416,0.68428,0.78089,0.01989,0.03243,0.008,0.01886,-0.01819,-0.01102
1467717391652149888,5825.71286,3.66904,4.82972,0.0083,-0.25983,0.00396,0.10308,136.79,backup,196.85081,33.6012,82.66978,4.32091,11.8161,0.83588,0.02703,0.06036,0.09437,,0.02789,0.4478,0.8406,0.01523,0.0523,,,-0.01454,-0.00359
3697123623813119872,5826.07135,5.82247,4.75378,0.0139,-0.51182,0.00606,0.24737,108.81,backup,188.67752,1.16983,63.73318,4.04982,11.86782,0.84316,0.03755,0.06861,0.0802,0.10861,0.06717,0.54728,0.82991,0.00634,0.029,0.02189,0.05258,-0.00079,0.0182
1519177387689471360,5828.00916,4.15688,4.82376,0.01,-0.63493,0.00452,0.1398,154.77,backup,186.58112,35.74042,79.86375,4.85965,11.76444,0.81445,0.02485,0.0644,0.0357,,0.0349,0.38582,0.8022,-0.01107,0.00379,,,-0.01138,0.00315
1507435977895268736,5828.85213,3.67266,4.69242,0.0089,-0.27618,0.00346,0.1249,172.02,backup,215.89795,48.70283,62.01777,4.1529,11.85053,0.82588,0.02812,0.08054,0.13876,0.04082,0.05253,0.34913,0.81753,0.02033,0.08532,-0.01387,0.00525,-0.00978,0.01483
794615030466661120,5833.75903,4.27714,4.71575,0.00991,-0.53371,0.00462,0.24938,142.05,backup,145.8397,33.82056,49.27703,4.28678,11.71358,0.82147,0.01978,0.04801,0.04646,0.02082,0.03626,0.41192,0.75692,-0.00064,0.01539,-0.0112,-0.00402,-0.00484,0.00767
3652295675754720384,5834.23093,3.90934,4.83549,0.00898,-0.1551,0.00368,0.06585,152.5,backup,222.35439,1.58392,51.90167,4.12288,11.93892,0.87288,0.08647,0.1215,0.09859,0.08212,0.11599,0.7117,0.78281,-0.0163,-0.00929,-0.02803,-0.02219,-0.00392,0.00432
3647587871907182592,5838.8322,25.27499,6.06888,0.0584,-3.91922,0.01847,-0.4,37.625,dark,213.81691,-1.15332,55.26195,5.74518,18.21964,0.20057,0.07781,0.1151,0.13622,0.12261,0.11447,0.676,0.68155,0.01428,0.01503,0.00508,0.00576,-0.00042,0.00021
1273207943543819776,5840.2724,2.90726,4.68186,0.00662,-0.07412,0.00288,0.07043,177.14,backup,233.61272,30.14539,54.29204,4.03646,11.76371,0.8455,0.05546,0.09034,0.10319,0.05987,0.0845,0.6139,0.79998,0.00789,0.02709,-0.01871,-0.00757,-0.00358,0.01214
1713021459465748992,5843.67151,3.61822,4.93558,0.00787,0.02501,0.00305,-0.08538,178.3,backup,199.48557,76.41611,40.60668,5.12214,11.81345,0.82892,0.01956,0.07851,0.07626,0.10366,0.07528,0.24916,0.63816,-0.00056,0.02911,0.00627,0.04659,-0.00081,0.02848
1577224175637146368,5845.438,4.38629,4.76503,0.01048,-0.56799,0.00463,0.16294,150.34,backup,193.02975,57.76094,59.36707,4.39149,11.83859,0.80505,0.02147,0.05759,,,0.02769,0.37286,0.79143,,,,,-0.01115,0.00044
857929033160956544,5846.99871,3.38114,4.93607,0.00767,-0.16952,0.0033,0.0834,165.59,backup,170.75699,60.22464,53.63671,4.14088,11.91102,0.87114,0.02139,0.05368,0.0526,0.03942,0.03088,0.39856,0.78897,-0.00043,0.0201,-0.00568,0.00971,-0.00909,0.00297
1178804424937182080,5847.92487,3.45163,4.69913,0.00779,-0.24868,0.00366,0.06931,152.04,backup,220.51967,12.91873,60.48979,4.11274,11.84536,0.83356,0.03031,0.061,0.05625,0.04154,0.07423,0.49686,0.816,-0.00236,0.01559,-0.00967,0.00359,0.00657,0.03027
838160535648457600,5851.01076,9.5449,4.17512,0.02495,-0.54477,0.00932,0.3136,79.351,backup,169.65243,50.74856,60.53509,4.44583,10.61611,0.78454,0.02193,0.06433,0.04111,0.03311,0.03774,0.34082,0.79127,-0.00791,0.01061,-0.01064,0.00427,-0.00906,0.00794
2525670567978965888,5851.36453,33.86939,6.24115,0.00863,-3.91639,0.09844,-0.39999,25.808,dark,13.27053,-4.39412,-67.26249,20.62189,17.82593,0.77948,0.02798,0.18528,0.15294,0.13545,0.14428,0.15102,0.30078,-0.00488,0.01802,-0.00752,0.01276,-0.00619,0.01542
1493368997928382976,5854.82016,3.43599,4.87576,0.00747,-0.028,0.00346,0.06793,138.38,backup,219.22437,43.59777,63.11672,4.15847,11.78537,0.85995,0.03451,0.07339,0.09338,,0.05656,0.47028,0.82019,0.0094,0.04207,,,-0.00791,0.01188
2558833797177358592,5855.55554,3.16606,4.89736,0.00728,-0.19544,0.00307,0.09942,169.64,backup,24.32996,2.42658,-58.4435,4.40663,11.73884,0.87143,0.04029,0.13358,0.11974,0.03263,0.08544,0.30163,0.78711,-0.00418,0.05395,-0.03045,-0.01461,-0.01452,0.02696
863898414931364352,5858.37699,2.97136,4.73673,0.00691,-0.1406,0.00288,0.14123,186.36,backup,172.23102,63.51443,51.22295,4.06606,11.70684,0.82156,0.01917,0.06959,0.04372,0.07973,0.03862,0.2754,0.7843,-0.00713,0.01512,0.00279,0.04336,-0.00853,0.01112
799763528023185280,5860.79982,8.09661,6.27417,0.00068,-3.80353,0.06364,-0.4,23.289,dark,144.98711,37.17393,48.69502,8.93047,17.97693,-0.07838,0.02262,0.05965,,,0.04054,0.37927,0.48979,,,,,-0.00725,-0.00277
2666306798185155200,5867.35904,54.58195,6.25879,0.17494,-3.96578,0.02006,-0.4,20.849,bright,326.96721,-8.40957,-42.802,20.40533,17.37751,0.78404,0.01747,0.15059,0.14499,0.13593,0.13282,0.11602,0.23386,-0.00065,0.01644,-0.0017,0.01432,-0.00206,0.01359
859739099882963456,5869.29939,3.80917,4.82421,0.00887,-0.31476,0.00385,0.13552,156.9,backup,177.21422,61.42214,54.13357,4.3938,11.76927,0.81865,0.02206,0.15832,0.18205,,0.15025,0.13935,0.77134,0.00331,0.11836,,,-0.00113,0.09383
858070320405159680,5870.72159,2.86788,4.87875,0.00633,-0.06846,0.00277,0.05217,184.36,backup,173.45564,58.70312,55.6592,4.45186,11.71154,0.84508,0.02295,0.05652,0.06255,0.13968,0.03755,0.40606,0.77322,0.00245,0.02541,0.03377,0.08505,-0.0077,0.00609
795018826109942784,5871.82215,,6.27683,0.00071,-3.91241,5e-05,-0.30172,22.879,dark,149.03147,33.98291,51.93078,8.34554,19.47743,0.76063,0.01594,0.05052,,,0.03758,0.31551,0.52983,,,,,-0.00408,0.00397
3694001075213660800,5876.82714,6.13115,4.64891,0.01497,-0.80768,0.00671,0.32365,113.64,backup,187.47862,-1.65506,60.75361,4.02372,11.86653,0.80334,0.04045,0.07536,0.06431,0.07596,0.05835,0.53672,0.82356,-0.00593,0.01252,0.00032,0.02211,-0.00913,0.00761
1284769102149968512,5877.61075,3.72873,4.89639,0.00845,-0.20093,0.00395,0.07887,131.95,backup,215.48185,29.6541,69.97131,4.01282,12.01363,0.84108,0.03988,0.07314,0.06734,0.00917,0.04633,0.54526,0.84634,-0.00316,0.01711,-0.03488,-0.03212,-0.01462,-0.00067
789993336419208832,5880.32145,9.55,4.54091,0.0234,-0.47772,0.00933,0.19996,78.347,backup,172.42508,49.5884,62.60295,5.15738,11.19807,0.79331,0.02404,0.06945,0.08602,-0.00146,0.03767,0.34619,0.74771,0.00573,0.04027,-0.02455,-0.02513,-0.011,0.00412
1682481355772548992,5881.74498,3.56173,4.69484,0.00871,-0.41657,0.00341,0.18195,201.44,backup,186.15915,68.27477,48.65793,4.058,11.77696,0.79967,0.02311,0.06091,0.0324,0.03749,0.04199,0.3794,0.77238,-0.01082,0.00192,-0.00889,0.00585,-0.00718,0.00932
3717269459972142592,5883.12856,4.11695,4.75696,0.00979,-0.51003,0.00435,0.11904,145.81,backup,199.64533,5.53272,67.45813,4.09701,12.04208,0.83291,0.05083,0.08529,0.0711,0.09749,0.09081,0.59603,0.83527,-0.00846,0.00855,0.00728,0.0306,0.00329,0.02502
3667078192977830016,5884.85506,3.99889,4.53324,0.01009,-1.03004,0.00441,0.30028,213.0,backup,212.08765,1.44871,58.38605,4.52848,11.78346,0.79078,0.05432,0.09068,0.12176,0.11189,0.10312,0.59905,0.77786,0.01862,0.04039,0.01271,0.03271,0.00745,0.02589
2538618524281708800,5888.07568,3.79934,4.76906,0.00934,-0.16093,0.00332,0.11269,176.61,backup,18.88727,2.78869,-59.52319,4.03595,11.7291,0.84695,0.05062,0.12732,,,0.13679,0.39755,0.81883,,,,,0.00376,0.06139
3590050776318160896,5890.14042,3.56391,4.44913,0.00937,-0.9039,0.00393,0.38373,233.66,backup,173.08594,-9.92881,48.27479,4.07923,11.68277,0.77831,0.04379,0.08303,,,,0.52745,0.76862,,,,,,
3655985323243996928,5892.59011,6.36653,4.66904,0.01555,-0.55966,0.00651,0.13913,108.16,backup,219.23027,2.386,54.65331,4.53789,11.77171,0.81218,0.0686,0.1039,0.06528,0.06274,0.09199,0.66028,0.76259,-0.0255,-0.01882,-0.02718,-0.02076,-0.00787,0.00154
1572272426237502720,5896.05755,3.69382,4.61273,0.00833,-0.40639,0.004,0.1239,145.71,backup,183.68254,53.60148,62.67077,4.00345,11.73424,0.79359,0.02559,0.06756,0.14377,0.14284,0.05417,0.37881,0.83056,0.02887,0.09382,0.02852,0.09304,-0.00507,0.0194
1556005701461744640,5896.24433,31.84965,6.2648,0.06675,-3.98563,0.00543,-0.39999,32.677,bright,199.37812,48.55868,67.98011,25.63316,17.13194,0.82207,0.0166,0.06073,0.04279,-0.02569,0.02159,0.27341,0.25123,-0.0049,-0.00585,-0.02363,-0.02306,-0.0107,-0.01118
4422806211589521280,5899.02229,3.90016,4.63029,0.00929,-0.48809,0.00405,0.14424,158.3,backup,236.7881,1.56763,40.78391,4.08107,11.96227,0.87777,0.23423,0.29089,0.31453,0.28621,0.29462,0.80523,0.72209,0.01903,-0.00712,-0.00377,-0.02757,0.003,-0.02149
1582131369047423104,5904.88567,4.4304,4.70106,0.01025,-0.23808,0.00407,0.16386,143.91,backup,182.49475,60.56835,55.82506,4.06033,11.72873,0.79617,0.02334,0.05985,0.14775,,0.04839,0.39006,0.80408,0.03429,0.09546,,,-0.00447,0.01557
826275295988399232,5905.15623,1.47048,6.2785,0.00065,-3.97726,0.10221,-0.4,24.692,bright,144.87955,49.86335,47.10748,29.28017,17.23614,0.75831,0.02524,0.08022,,,0.03347,0.3146,0.18141,,,,,-0.01471,-0.01917
1591074281231935488,5906.75354,4.08611,4.74998,0.00962,-0.32972,0.00426,0.12625,132.59,backup,221.42999,47.87387,59.59488,4.02109,11.71211,0.85239,0.03225,0.09216,0.06668,0.06464,0.05653,0.34996,0.8202,-0.00892,0.02244,-0.00963,0.02077,-0.01247,0.01412
1295285759071573120,5907.41254,3.36703,4.85377,0.00761,-0.15597,0.00337,0.06261,157.22,backup,224.66316,37.85393,61.28532,4.23856,11.7678,0.82969,0.03203,0.0639,0.04282,0.04253,0.0335,0.50124,0.80897,-0.01056,0.00262,-0.01071,0.00238,-0.01524,-0.00493
2799809779202757376,5909.06351,,6.2787,0.00096,-3.77069,0.0,0.27214,28.111,dark,7.85475,22.3061,-40.3293,19.70355,17.61526,0.75608,0.02077,0.13144,,,0.08743,0.15802,0.23108,,,,,-0.00695,-0.00057
1501358427372786688,5912.28938,3.75344,4.63216,0.00868,-0.56565,0.00394,0.16316,168.71,backup,203.39274,42.83345,72.11396,4.11959,11.68841,0.78538,0.02666,0.06118,0.08381,,0.02794,0.43567,0.84246,0.00986,0.04395,,,-0.01448,-0.00312
3661969243479555968,5915.27736,6.13395,4.62605,0.01486,-0.77212,0.0064,0.22911,118.9,backup,205.42336,-0.2648,60.0613,4.11274,11.93206,0.80045,0.04804,0.07075,0.05402,0.08231,0.07546,0.67911,0.81467,-0.01136,-0.00403,0.00785,0.01901,0.0032,0.01343
1290778689110703104,5918.83237,3.49189,4.67422,0.00832,-0.61139,0.00344,0.17365,212.37,backup,227.38056,34.73658,59.58874,4.28863,11.67867,0.78175,0.03754,0.06876,0.10744,0.12952,0.0408,0.546,0.79986,0.02112,0.0484,0.03318,0.06606,-0.01526,-0.0049
1577919032626481920,5919.03725,4.37483,4.82685,0.01077,-0.17766,0.0039,0.05288,138.27,backup,189.06634,58.31454,58.70058,4.04627,11.75165,0.85073,0.0229,0.05687,0.05818,-0.01303,0.02198,0.40275,0.81537,0.00053,0.02454,-0.02815,-0.03353,-0.01405,-0.00499
1178389251922944000,5924.83477,3.04461,4.93211,0.00673,0.01491,0.00301,0.0224,164.13,backup,220.89881,11.87165,59.60176,4.12632,11.74605,0.85424,0.04016,0.07746,0.06634,0.04925,0.07265,0.51848,0.81218,-0.00576,0.01372,-0.01462,-0.00016,-0.00249,0.01885
714302955962124160,5925.02897,4.17357,4.64079,0.00969,-0.29454,0.00389,0.20151,155.37,backup,138.0049,35.03388,42.94222,4.07892,11.69473,0.78555,0.03012,0.07402,0.11745,0.05304,0.05741,0.40686,0.73715,0.01767,0.05646,-0.00854,0.00898,-0.00676,0.0122
3794650580074306432,5925.77798,4.72878,4.71178,0.01093,-0.35349,0.00457,0.17026,137.88,backup,176.35131,-1.12851,57.58162,4.15449,11.76906,0.79932,0.03805,0.07963,0.1252,0.08066,0.04677,0.47781,0.80319,0.02178,0.06252,0.00049,0.02673,-0.0157,-0.00048
1494178337268961280,5928.7935,3.83723,4.44441,0.01076,-1.17796,0.00473,0.37591,187.91,backup,217.62356,44.40605,63.68978,4.53742,11.77348,0.75378,0.03014,0.06723,,,0.03168,0.44831,0.79412,,,,,-0.01594,-0.00498
3703805837011603200,5933.41683,4.02601,4.6252,0.00909,-0.28594,0.00404,0.09872,146.17,backup,192.12099,3.39383,66.25508,4.02991,11.72802,0.7972,0.04478,0.07419,0.05891,0.05853,0.06737,0.60356,0.8375,-0.00922,0.00457,-0.00945,0.00424,-0.00411,0.01165
803585018126670208,5935.94443,30.9643,6.26091,0.07182,-3.95074,0.01474,-0.39999,31.291,bright,152.72736,40.46959,54.44976,15.2806,18.15418,0.7742,0.01962,0.06116,,,0.03643,0.32083,0.34685,,,,,-0.00793,-0.00699
2435696569404865536,5937.54808,1.1482,6.28012,0.00066,-3.89358,0.09197,-0.39999,27.596,dark,354.43691,-9.60894,-65.31876,17.44644,17.71535,0.69165,0.0204,0.0989,,,0.07801,0.2063,0.34075,,,,,-0.00431,0.00618
1159705388271330176,5950.76415,45.78735,6.2697,0.01639,-3.8472,0.01188,-0.4,20.187,dark,225.00389,5.21377,52.36155,10.79192,18.92919,0.88061,0.02387,0.10758,0.09149,0.09319,0.10809,0.22193,0.44402,-0.00357,0.01675,-0.00319,0.0175,0.00011,0.02412
3694729883920127872,5954.34202,4.92879,4.63086,0.01208,-0.48622,0.0048,0.08304,146.65,backup,185.03581,-1.8737,60.03416,4.17086,11.7866,0.79374,0.0439,0.08079,0.07496,0.11558,0.07425,0.54339,0.81018,-0.00317,0.01682,0.0189,0.04974,-0.00355,0.01626
838240971795095552,5984.59893,8.12181,4.70041,0.01916,-0.11711,0.00679,0.15103,85.371,backup,170.33246,50.06272,61.32532,4.52826,11.22734,0.76687,0.02268,0.06712,,,0.03824,0.33788,0.78776,,,,,-0.00976,0.00744
4427139691854182144,5994.13606,3.21121,4.7665,0.00752,-0.358,0.00313,0.10676,193.6,backup,233.00029,3.08129,44.73987,4.1502,11.69974,0.82972,0.09177,0.12703,0.14472,0.16745,0.11512,0.72243,0.74252,0.01278,0.01569,0.0292,0.03257,-0.00861,-0.00629
2707587378134583168,6003.28397,2.0285,6.28337,0.00041,-3.69284,0.11925,-0.3999,22.362,dark,335.21733,4.68111,-41.695,13.88779,18.22146,0.72001,0.02633,0.38105,0.33629,0.29971,0.28091,0.0691,0.3183,-0.00309,0.08071,-0.00562,0.06907,-0.00692,0.06308
838725753345761920,6014.77884,8.22898,4.70083,0.01978,-0.05521,0.00657,0.16619,80.144,backup,171.43101,51.729,60.58971,6.25332,10.36242,0.74794,0.02031,0.05802,0.09532,0.01329,0.03482,0.35001,0.6719,0.01305,0.04374,-0.01566,-0.01138,-0.00812,0.00309
1203994270692747264,6029.90231,4.4603,4.73238,0.01033,-0.63242,0.00466,0.11809,132.2,backup,236.86925,19.76586,49.16438,4.39108,11.70328,0.79505,0.09858,0.14033,0.1453,0.19539,0.14386,0.70245,0.74802,0.00349,0.01011,0.03867,0.04758,0.00247,0.00903
844886347058768128,6039.89862,1.42861,6.28517,0.00078,-3.41044,0.16022,-0.16275,20.892,dark,175.50674,56.49665,58.11668,12.65188,18.48755,0.75491,0.01958,0.05487,0.11481,,0.0329,0.35682,0.41545,0.02139,0.02812,,,-0.00784,-0.00591
3891115064506627840,6047.18115,1.40812,6.28551,0.00067,-3.83818,0.04556,-0.39999,78.809,dark,179.96716,0.1309,60.29543,35.32558,15.71331,0.21124,0.01574,0.08831,0.10204,0.11209,0.08855,0.17828,0.17857,0.00245,0.00248,0.00424,0.00427,4e-05,7e-05
3634202348631058176,6080.64495,0.87579,6.28715,0.00073,-3.28726,0.03321,1.13402,28.319,dark,204.24133,-3.62519,57.34215,11.53503,18.46077,0.6681,0.01246,0.0916,0.06484,0.10376,0.09222,0.13599,0.44228,-0.00364,0.01622,0.00165,0.03344,8e-05,0.02833
1324361343339619968,6091.81494,,6.2877,0.00068,-3.94011,0.0001,-0.32573,30.065,dark,246.73602,31.07393,43.21484,11.12298,18.68296,0.68271,0.01159,0.07451,0.06253,0.10692,0.05861,0.15556,0.38889,-0.00186,0.01273,0.00504,0.02999,-0.00247,0.0112
838475202132662400,6100.23819,9.79517,4.41077,0.02436,-0.32599,0.00927,0.19905,73.78,backup,171.86445,51.43145,60.99103,4.11136,10.94775,0.70634,0.02248,0.05958,0.11576,0.01913,0.03546,0.37741,0.81763,0.0212,0.07216,-0.01526,-0.00684,-0.0091,0.00651
2571026315977505152,6109.21134,0.77814,6.28854,0.00065,-3.93907,0.16319,-0.38768,20.02,dark,30.9425,10.12182,-48.82715,6.5618,19.09785,0.69603,0.03312,0.26338,0.30988,0.27117,0.21614,0.12576,0.60057,0.00585,0.15298,0.00098,0.12973,-0.00594,0.09668
1295485694092963968,6116.05066,20.83021,6.24497,0.02578,-3.91419,1.22564,-0.39961,31.892,bright,226.27594,38.50482,59.90772,5.66421,17.07034,-0.04603,0.03245,0.06684,0.13159,0.01575,0.03623,0.48546,0.70536,0.03144,0.06037,-0.0248,-0.02134,-0.01486,-0.00689
2625078449333017856,6122.92762,12.93253,5.91459,0.04391,-3.98634,0.00149,-0.4,60.224,bright,340.6868,-4.23747,-51.71711,5.36748,15.14085,-0.46481,0.05375,0.16012,-0.00011,0.04793,0.11608,0.33568,0.68962,-0.05379,-0.05382,-0.03766,-0.0207,-0.01479,0.0263
1692520339315508224,6144.84601,1.61925,6.29026,0.00086,-3.61352,0.02556,0.4355,69.369,backup,184.22171,74.92404,42.00145,24.19581,16.7654,0.63821,0.01811,0.09771,0.11681,,0.10423,0.18538,0.19848,0.00354,0.00507,,,0.00121,0.00257
3655015176031892352,6198.19216,2.72438,6.29281,0.00065,-3.9367,0.18871,-0.39999,20.859,dark,219.05451,1.28025,53.95664,8.14489,19.10175,0.71806,0.05746,0.10693,0.13289,0.07362,0.12021,0.5374,0.54805,0.01395,0.01537,-0.0179,-0.01712,0.00714,0.00842
3596192957509589760,6230.08295,,6.29432,0.00068,-2.99832,0.0758,-0.31882,28.859,bright,183.14894,-6.37297,55.20526,22.91948,16.91566,0.6691,0.01262,0.11924,0.13861,0.11505,0.12952,0.10588,0.24922,0.00205,0.02192,-0.00044,0.01605,0.00109,0.01965
2658537614663492352,6236.9091,12.12424,6.25529,0.02222,-3.68394,0.26698,-0.4,52.592,dark,346.5547,1.9812,-51.40623,4.05417,16.06256,-0.41719,0.14073,0.19858,0.1963,0.17469,0.15462,0.70867,0.78611,-0.00162,0.01359,-0.01693,-0.0034,-0.03116,-0.01918
1569094249222340352,6265.52337,28.82098,6.26012,0.06684,-1.4651,0.04429,1.14901,25.141,bright,190.62901,52.44088,64.63235,6.19373,17.84919,-0.05549,0.02311,0.06349,0.12292,0.10628,0.04642,0.36399,0.68873,0.02163,0.06155,0.01558,0.05009,-0.00622,0.00886
1683330453627242752,6309.75217,,6.29808,0.00066,-3.94749,1e-05,-0.35767,31.755,bright,184.25245,68.81428,48.00285,30.52372,16.87787,0.63285,0.02094,0.0627,0.0668,,0.04663,0.33393,0.17698,0.00137,-0.00911,,,-0.00536,-0.01268
3696633688303809664,6356.71797,2.31432,6.30027,0.00069,-3.24734,0.08893,-0.37654,35.994,dark,186.09461,-0.3054,61.80551,20.52442,17.24637,0.62412,0.01659,0.07324,0.04058,0.09678,0.0631,0.22654,0.29074,-0.0074,-0.00479,0.00533,0.01155,-0.0023,0.00176
2439977930244310784,6371.28415,40.73567,6.29651,0.19714,-3.8812,0.17184,-0.39998,22.275,bright,353.89365,-7.51308,-63.389,16.01287,17.60947,0.63235,0.02488,0.10703,0.07992,0.04761,0.088,0.23248,0.36025,-0.0063,0.00391,-0.01381,-0.00773,-0.00442,0.00682
2567173459730260352,6380.06918,15.64037,6.21197,0.03771,-3.9696,0.0466,-0.4,37.009,bright,28.37489,5.75882,-53.84983,4.47221,16.15745,-0.43556,0.05486,0.18452,0.17269,0.11491,0.13884,0.2973,0.76412,-0.00352,0.0771,-0.02069,0.03295,-0.01358,0.05123
3778062316865017088,6392.40887,1.84508,6.30192,0.00076,-3.37797,0.16559,0.0389,22.224,bright,159.98927,-3.91644,45.61149,21.10803,17.12169,0.6408,0.01805,0.16769,,0.1327,0.16456,0.10766,0.23726,,,-0.00377,0.01343,-0.00034,0.02099
4015547856277853824,6434.27717,31.29943,6.3031,0.0007,-3.26068,0.00344,-0.4,25.91,bright,186.85155,31.83918,82.9638,25.721,16.56698,0.61903,0.01666,0.06738,,,0.04648,0.24725,0.26559,,,,,-0.00517,-0.00431
2673699059671833984,6439.75148,,6.3041,0.00065,-3.93811,0.00011,-0.36815,26.594,bright,328.42619,-2.24044,-40.75685,17.43503,17.36381,0.59711,0.01001,0.34541,0.33751,0.29758,0.29895,0.02897,0.25885,-0.00023,0.07736,-0.00139,0.06702,-0.00135,0.06738
1460293317343353344,6525.33687,24.01822,6.30762,0.00065,-3.9566,0.0021,-0.39668,31.321,dark,195.43355,26.01139,87.44126,15.23113,17.53059,0.55087,0.01123,0.05681,0.11945,0.05404,0.03148,0.19761,0.40828,0.01238,0.03754,-0.00055,0.01084,-0.00501,0.00163
1564189229068309376,6550.24582,12.37823,6.10921,0.01863,-3.98075,0.00172,-0.4,52.878,bright,195.88352,54.20678,62.83038,7.25589,15.71225,-0.33828,0.02264,0.07137,0.18018,,0.06881,0.3172,0.62502,0.03451,0.08998,,,-0.00081,0.02037
2569398935690514176,6613.16981,,6.31195,0.00067,-2.10424,0.01441,-0.26061,106.95,dark,30.47135,7.86573,-51.06772,21.52218,16.81027,0.60136,0.02501,0.2838,0.26974,0.2354,0.19668,0.08812,0.2511,-0.00124,0.04272,-0.00427,0.0341,-0.00768,0.02438
1559111783825792,6642.79968,23.97137,6.30366,0.02681,-1.10706,0.02936,0.13818,35.194,dark,43.8655,2.62015,-47.83186,14.77862,17.2064,0.29539,0.0145,0.28864,0.31968,0.35665,0.31239,0.05024,0.33049,0.00156,0.09115,0.00342,0.10337,0.00119,0.08874
833470465721350784,6667.1307,17.11991,6.31369,0.0,-3.93196,0.00113,-0.39965,42.601,bright,155.54322,46.21317,54.98193,30.34786,16.22174,0.50819,0.01706,0.05404,0.06604,0.00925,0.03205,0.31568,0.19418,0.00379,-0.00424,-0.01414,-0.01526,-0.00694,-0.01084
2650018358052930048,6685.40212,24.14313,6.31167,0.0008,-3.51771,0.26494,-0.39999,20.736,bright,343.51353,-1.37861,-51.86219,17.15628,17.33446,0.50976,0.03824,0.269,0.27886,0.2078,0.22991,0.14216,0.30702,0.0014,0.04738,-0.0087,0.02556,-0.00556,0.03235
1288812212565231232,6700.1474,0.20195,6.31539,0.0,-3.74434,,-0.4,25.498,dark,226.75795,32.76261,60.22239,8.10631,18.78084,0.54115,0.03926,0.07521,0.07525,0.03291,0.04683,0.52199,0.57539,2e-05,0.00404,-0.02208,-0.02032,-0.01481,-0.01231
2446993162322393088,6704.95735,3.6336,6.31602,0.00066,-3.15848,0.02797,0.61334,47.274,bright,354.82106,-4.40699,-61.4956,11.20047,16.1595,-0.15025,0.03537,0.12435,0.08426,0.09635,0.10081,0.28445,0.46617,-0.0114,0.00391,-0.00796,0.00954,-0.0067,0.01162
2654447362688530432,6709.03435,1.35664,6.3162,0.00068,-3.22756,0.19951,-0.4,23.388,dark,340.20043,1.08114,-47.77752,9.21557,18.7425,0.55009,0.05912,0.25311,0.22892,0.20098,0.19601,0.23358,0.47421,-0.00565,0.04943,-0.01218,0.03619,-0.01334,0.03383
2811484217572663168,6729.87822,1.25007,6.31693,0.00071,-3.28723,0.1655,-0.4,28.894,dark,347.3361,11.5753,-44.05143,14.47386,17.63368,0.52379,0.02889,0.24153,0.32524,0.27391,0.17213,0.11961,0.31908,0.01001,0.07489,0.00387,0.05851,-0.0083,0.02603
3651305423799211008,6739.89329,0.23718,6.31755,0.00069,-3.95627,0.00013,-0.39919,28.539,dark,221.06684,-0.87693,51.00719,10.47898,18.36333,0.55215,0.02993,0.12332,0.1215,0.1468,0.11018,0.24272,0.44753,-0.00044,0.02444,0.0057,0.03577,-0.00319,0.01938
2555356080553959168,6746.4672,1.07712,6.31785,0.00065,-3.02528,0.00576,-0.4,27.431,dark,8.36678,5.67766,-56.90742,13.05989,17.87382,0.52783,0.02455,0.10746,0.09678,0.0601,0.05842,0.22842,0.40142,-0.00244,0.01431,-0.01082,-0.00042,-0.0112,-0.0011
2774858660617430400,6749.52287,,6.31797,0.00028,-3.57988,5e-05,-0.4,23.56,dark,12.2371,11.33278,-51.53423,8.69562,18.60702,0.55273,0.02716,0.2801,0.38175,0.28952,0.25251,0.09695,0.51342,0.00985,0.16884,0.00091,0.12149,-0.00268,0.10248
3189621320226676736,6769.1493,,6.31884,0.0008,-3.47567,0.00029,-0.4,82.538,dark,63.11098,-11.29663,-40.34376,28.47374,15.38114,0.44083,0.00949,0.12924,0.11196,0.09834,0.14897,0.07339,0.1663,-0.00127,0.00913,-0.00227,0.00687,0.00145,0.01529
1451566149955227520,6791.33339,17.69789,6.31942,1e-05,-3.74888,,-0.39886,37.308,bright,207.43457,27.92302,77.05799,33.35,16.27502,0.48042,0.01643,0.06298,0.02046,-0.02112,0.04,0.26087,0.20847,-0.01109,-0.01216,-0.02194,-0.02083,-0.006,-0.00809
2579074298711450368,6800.4708,18.90431,6.17561,0.02969,-2.73849,0.08272,-0.28494,32.675,bright,21.97964,9.65328,-52.16987,4.33492,16.67405,-0.39048,0.05138,0.35307,,,0.27892,0.14553,0.76721,,,,,-0.01079,0.16261
3659054987910568320,6814.66391,1.49794,6.32082,0.0007,-3.7255,,-0.4,22.224,bright,208.00828,-0.90569,58.40214,14.56907,17.54523,0.49976,0.01591,0.10867,0.11546,0.11187,0.11553,0.14641,0.37356,0.00099,0.02722,0.00047,0.02588,0.001,0.02725
3779487795036099456,6814.68143,0.5369,6.32082,0.00075,-3.62546,0.00014,-0.39918,20.992,dark,155.23383,-4.60843,41.75679,15.22133,18.11426,0.49207,0.02389,0.11462,,,0.12984,0.20841,0.29533,,,,,0.00317,0.01446
2663994868829333760,6815.27787,1.55761,6.32084,0.00071,-3.6874,,-0.39998,20.741,bright,348.91264,5.61259,-49.89674,16.81023,17.77021,0.499,0.05407,0.33413,0.40104,0.41692,0.2743,0.16183,0.30512,0.01083,0.06829,0.0134,0.07314,-0.00968,0.02962
1281045124986474368,6817.43086,14.88021,6.17581,0.02014,-3.98352,0.00277,-0.13962,45.389,bright,219.17331,28.74765,66.74346,6.25995,15.74993,-0.43942,0.04098,0.07371,,,0.0483,0.55594,0.69091,,,,,-0.01413,-0.00761
1281989124439286912,6824.80276,,6.32125,0.00071,-3.69986,0.13365,-0.39844,73.573,bright,224.52776,29.62221,62.11093,34.99748,15.49812,0.46279,0.01138,0.07308,0.07441,0.09948,0.04734,0.15571,0.18294,0.00021,0.00223,0.00411,0.00682,-0.00401,-0.00272
2504608013999340416,6832.28399,1.57403,6.32158,0.00068,-3.76615,0.00088,-0.4,28.715,bright,29.91387,-3.01481,-60.88641,9.364,17.68899,0.52265,0.02612,0.0841,0.15133,0.13736,0.07572,0.31053,0.52593,0.02087,0.05347,0.01654,0.04613,-0.0026,0.01371
2498227548023387136,6843.2046,1.33018,6.32205,0.00068,-3.78021,0.00107,-0.4,20.733,dark,42.87126,0.46364,-50.08041,7.30156,18.98656,0.61522,0.01952,0.21624,0.18448,0.19908,0.20847,0.09028,0.56842,-0.00287,0.08534,-0.00155,0.09364,-0.0007,0.09898
1565012935076040832,6875.7775,,6.32345,0.00066,-3.41576,0.0001,1.2,34.871,bright,202.65829,54.7566,61.45978,20.6623,16.7235,0.43957,0.01805,0.06431,,,0.03771,0.28066,0.28832,,,,,-0.00747,-0.00718
2745205828448740736,6878.30044,,6.32356,0.0008,-3.51074,0.0017,-0.36647,20.747,dark,0.91359,6.31521,-54.61437,9.57781,18.98004,0.43649,0.02758,0.20453,0.08434,0.08255,0.11919,0.13485,0.49387,-0.01621,0.01407,-0.01645,0.01319,-0.01151,0.03129
2639338973411047680,6879.25854,,6.3236,0.00018,-3.92807,9e-05,-0.39997,20.178,dark,354.56686,-3.66321,-60.74113,9.70068,18.43098,0.46142,0.03827,0.12749,0.11621,0.10246,0.09286,0.30021,0.51299,-0.00339,0.02134,-0.00752,0.01428,-0.0104,0.00936
2747843836017055488,6886.51489,15.2387,6.31256,0.02998,-3.78213,,-0.4,39.699,dark,6.72976,6.59352,-55.76006,17.16751,17.12987,0.45889,0.02551,0.13855,,,0.07819,0.18409,0.31971,,,,,-0.01111,-0.00051
2564945432560219008,6914.63365,,6.32512,0.00075,-2.38798,0.0176,1.1764,38.043,dark,23.09544,5.48963,-55.91268,9.81817,18.20793,0.49418,0.02347,0.1088,0.06671,0.10525,0.06727,0.21572,0.49075,-0.00908,0.00927,-0.00077,0.02818,-0.00896,0.00955
1382375154530149248,6917.06927,,6.3252,1e-05,-3.8644,,-0.39921,20.55,dark,245.227,43.50717,45.07706,9.84177,18.23492,0.46323,0.01898,0.05735,0.07651,-0.06482,0.0422,0.33094,0.43761,0.00634,0.0145,-0.04043,-0.04734,-0.00501,-0.00051
3716690360941084160,6929.91591,20.80892,6.31607,0.03623,-2.57534,0.00075,-0.4,36.697,dark,197.76958,4.21447,66.61154,9.92218,18.16149,0.59765,0.02963,0.0765,0.09938,0.11151,0.08413,0.38728,0.5229,0.00886,0.02234,0.01356,0.02868,0.00296,0.01437
3793871056394569600,6932.98593,,6.3259,0.00049,-3.93772,0.00011,-0.4,30.843,dark,175.27107,-1.5386,56.70274,12.79947,18.33936,0.47596,0.01158,0.08224,0.12203,0.0706,0.04603,0.14078,0.40692,0.0056,0.03808,-0.00164,0.01715,-0.0051,0.00715
2575625298241490048,6935.78727,29.92079,6.32571,1e-05,-3.87384,,-0.39714,23.328,dark,27.84928,12.9551,-47.3575,8.3431,19.16075,0.46404,0.02715,0.2731,,,0.18997,0.0994,0.50606,,,,,-0.00826,0.06899
1562874316241555584,6946.48386,,6.32647,0.00073,-3.65565,0.08777,1.2,22.813,bright,199.8678,52.39289,64.19598,9.19009,17.12036,-0.0262,0.02168,0.06803,0.06092,0.13227,0.03648,0.31862,0.54329,-0.00226,0.01142,0.02047,0.05019,-0.01005,-0.00186
